{"type":"FeatureCollection","features":[{"type":"Feature","properties":{"ele":1500,"major":1},"geometry":{"type":"MultiLineString","coordinates":[[[7.78114,46.07323],[7.7816,46.06966],[7.78069,46.06466],[7.77982,46.06299],[7.77979,46.0618],[7.77626,46.05711],[7.77464,46.05608],[7.77411,46.05465],[7.77158,46.05155],[7.77101,46.05012],[7.77042,46.04954],[7.76939,46.04928],[7.76896,46.05489],[7.77129,46.05799],[7.77127,46.05965],[7.77193,46.06108],[7.772,46.06251],[7.77339,46.06513],[7.77321,46.0668],[7.77239,46.06871],[7.77291,46.07133],[7.77261,46.07323]]]}},{"type":"Feature","properties":{"ele":1600,"major":0},"geometry":{"type":"MultiLineString","coordinates":[[[7.50239,46.07323],[7.49886,46.07164],[7.4973,46.07013],[7.4968,46.06918],[7.49542,46.0689],[7.49464,46.06918],[7.49389,46.07109],[7.49501,46.07323]],[[7.52791,46.07323],[7.5263,46.07323]],[[7.78364,46.07323],[7.7837,46.06656],[7.78216,46.06251],[7.77935,46.05954],[7.77823,46.05679],[7.7752,46.05346],[7.77498,46.05155],[7.77404,46.04917],[7.76959,46.04369],[7.76676,46.04154],[7.76271,46.0363],[7.75909,46.03391],[7.75841,46.03374],[7.75806,46.03419],[7.75813,46.03511],[7.75981,46.03702],[7.76012,46.03898],[7.76218,46.04248],[7.76407,46.04393],[7.76667,46.04703],[7.76641,46.05036],[7.76683,46.05203],[7.76678,46.05441],[7.76806,46.05679],[7.76871,46.05893],[7.77026,46.06156],[7.77085,46.0637],[7.77066,46.06513],[7.77177,46.06632],[7.77089,46.06942],[7.77183,46.07133],[7.77124,46.07323]],[[7.75578,46.0313],[7.75637,46.0313],[7.75571,46.03034],[7.75463,46.02966],[7.75429,46.02977],[7.75467,46.03058],[7.75578,46.0313]],[[7.75241,46.02796],[7.75326,46.02809],[7.75391,46.02677],[7.75326,46.02497],[7.75154,46.0233],[7.7503,46.02534],[7.7514,46.02724],[7.75241,46.02796]],[[7.62208,45.89025],[7.622,45.8912],[7.6228,45.89165],[7.62417,45.89127],[7.62482,45.89025]]]}},{"type":"Feature","properties":{"ele":1700,"major":0},"geometry":{"type":"MultiLineString","coordinates":[[[7.50472,46.07323],[7.5028,46.07204],[7.49986,46.07109],[7.49832,46.06918],[7.49577,46.06732],[7.49439,46.06669],[7.49375,46.06704],[7.49199,46.06996],[7.49186,46.07109],[7.49242,46.07323]],[[7.53708,46.07323],[7.53813,46.07109],[7.53798,46.07013],[7.53731,46.0696],[7.5325,46.07137],[7.52632,46.07208],[7.52305,46.07323]],[[7.78572,46.07323],[7.78604,46.07109],[7.78567,46.06966],[7.78649,46.0668],[7.78416,46.06442],[7.78338,46.06156],[7.78243,46.06013],[7.78191,46.05846],[7.78052,46.05727],[7.77939,46.05536],[7.77794,46.05393],[7.77724,46.05227],[7.77723,46.05036],[7.77643,46.04893],[7.77404,46.04726],[7.77142,46.04369],[7.76805,46.04107],[7.7666,46.0394],[7.76527,46.03658],[7.76047,46.03296],[7.75956,46.03082],[7.75713,46.0282],[7.75698,46.02391],[7.75641,46.02248],[7.75051,46.01619],[7.74774,46.01079],[7.7457,46.00985],[7.74296,46.0094],[7.74158,46.00864],[7.73849,46.00856],[7.73643,46.00953],[7.73438,46.00962],[7.7344,46.01032],[7.7387,46.01509],[7.74097,46.01699],[7.74158,46.01994],[7.74338,46.02176],[7.744,46.02391],[7.75029,46.02915],[7.7541,46.0332],[7.75518,46.03487],[7.75833,46.03749],[7.75972,46.04154],[7.76436,46.04703],[7.7643,46.05155],[7.76512,46.05298],[7.76503,46.05417],[7.76961,46.06346],[7.7693,46.06561],[7.77032,46.06728],[7.76961,46.06966],[7.77004,46.07133],[7.77002,46.07323]],[[7.61873,45.89025],[7.61662,45.89225],[7.61602,45.89383],[7.61765,45.89678],[7.62039,45.89561],[7.62314,45.8953],[7.62486,45.89457],[7.62855,45.8912],[7.62892,45.89025]]]}},{"type":"Feature","properties":{"ele":1800,"major":0},"geometry":{"type":"MultiLineString","coordinates":[[[7.50617,46.07323],[7.50298,46.0712],[7.50076,46.07037],[7.49989,46.069],[7.49783,46.06837],[7.49676,46.06751],[7.49648,46.06466],[7.49533,46.06275],[7.49469,46.05941],[7.49302,46.05694],[7.49233,46.05645],[7.49173,46.05775],[7.49153,46.06632],[7.49037,46.06918],[7.49059,46.07323]],[[7.53967,46.07323],[7.54043,46.07228],[7.54066,46.07085],[7.54166,46.06918],[7.54642,46.06442],[7.54711,46.06299],[7.54665,46.06251],[7.5428,46.06227],[7.5389,46.06561],[7.53798,46.06728],[7.53559,46.06829],[7.5325,46.07015],[7.52786,46.07109],[7.52357,46.07156],[7.51763,46.07323]],[[7.78852,46.07323],[7.78815,46.06966],[7.7889,46.06632],[7.78862,46.06585],[7.7867,46.06466],[7.78538,46.06084],[7.78365,46.05799],[7.78019,46.05346],[7.7797,46.05131],[7.77969,46.04925],[7.7782,46.04798],[7.77557,46.04672],[7.77345,46.04369],[7.77077,46.04205],[7.76905,46.03996],[7.76762,46.03892],[7.7672,46.03797],[7.76727,46.03654],[7.76558,46.03487],[7.76459,46.03296],[7.76318,46.03177],[7.76297,46.02987],[7.76107,46.02867],[7.7608,46.02724],[7.7594,46.02557],[7.75922,46.02367],[7.75765,46.02081],[7.75521,46.01914],[7.7539,46.01699],[7.75146,46.01437],[7.7513,46.01294],[7.75069,46.01175],[7.75138,46.01055],[7.74982,46.01001],[7.74055,46.00464],[7.73781,46.00406],[7.73575,46.00287],[7.73438,46.00275],[7.73129,46.00487],[7.7271,46.00602],[7.72681,46.0065],[7.72888,46.00885],[7.73652,46.01461],[7.73733,46.0158],[7.74014,46.02248],[7.74144,46.02319],[7.74869,46.02963],[7.75122,46.03201],[7.75413,46.03559],[7.75701,46.03773],[7.75759,46.03892],[7.75792,46.04107],[7.75944,46.04369],[7.7609,46.04512],[7.76184,46.04725],[7.76267,46.04798],[7.76251,46.05084],[7.7631,46.05274],[7.76459,46.055],[7.76592,46.05846],[7.7659,46.05941],[7.76736,46.06132],[7.76855,46.06751],[7.76834,46.06966],[7.76908,46.07085],[7.76898,46.07323]],[[7.61519,45.89025],[7.61397,45.89144],[7.61386,45.89383],[7.61521,45.89574],[7.61471,45.89742],[7.61564,45.90052],[7.61524,45.90243],[7.61593,45.9035],[7.61696,45.90395],[7.61799,45.90368],[7.61841,45.90315],[7.61779,45.90028],[7.61936,45.89787],[7.62177,45.89687],[7.62554,45.89605],[7.62685,45.89503],[7.62897,45.89257],[7.63206,45.89186],[7.63571,45.89025]],[[7.47879,45.89574],[7.48002,45.8955],[7.48003,45.89527],[7.47791,45.89497],[7.47814,45.8955],[7.47879,45.89574]],[[7.4707,45.89375],[7.47379,45.89446],[7.47517,45.89441],[7.47602,45.89407],[7.47414,45.89238],[7.4707,45.8906]]]}},{"type":"Feature","properties":{"ele":1900,"major":0},"geometry":{"type":"MultiLineString","coordinates":[[[7.50741,46.07323],[7.50361,46.07061],[7.50054,46.06728],[7.49847,46.06418],[7.49638,46.06227],[7.49627,46.05965],[7.49392,46.05608],[7.4942,46.05417],[7.49366,46.05203],[7.49409,46.04798],[7.49283,46.04512],[7.49246,46.0425],[7.49165,46.04107],[7.4913,46.03942],[7.49054,46.03845],[7.48824,46.03344],[7.48754,46.03082],[7.48581,46.02986],[7.48514,46.03082],[7.48538,46.03249],[7.48504,46.03559],[7.48579,46.03868],[7.48592,46.04154],[7.48512,46.04438],[7.48306,46.04593],[7.48243,46.04726],[7.48326,46.04798],[7.48657,46.04917],[7.4881,46.05155],[7.48761,46.05393],[7.48684,46.05513],[7.48982,46.06037],[7.48975,46.06323],[7.48917,46.06466],[7.48971,46.06608],[7.48922,46.06775],[7.48953,46.07133],[7.48932,46.07323]],[[7.5417,46.07323],[7.54356,46.06918],[7.54794,46.06608],[7.54965,46.06204],[7.55147,46.05989],[7.55104,46.05733],[7.54898,46.05755],[7.54452,46.05946],[7.5404,46.06233],[7.53868,46.0645],[7.53181,46.06885],[7.52804,46.07006],[7.52289,46.07083],[7.5198,46.07169],[7.51637,46.07147],[7.51212,46.07323]],[[7.79086,46.07323],[7.79029,46.07156],[7.79027,46.0699],[7.79108,46.06823],[7.79118,46.0668],[7.79203,46.06585],[7.79205,46.06537],[7.79102,46.06492],[7.78896,46.06469],[7.78823,46.06418],[7.78789,46.06084],[7.78613,46.05846],[7.78416,46.05427],[7.78299,46.05274],[7.7812,46.04845],[7.77589,46.04512],[7.77458,46.04321],[7.76916,46.03845],[7.76925,46.03654],[7.76714,46.03439],[7.76686,46.03201],[7.76406,46.02653],[7.76392,46.0251],[7.76446,46.02391],[7.76218,46.02302],[7.76012,46.0213],[7.75909,46.01994],[7.75731,46.01866],[7.75562,46.01628],[7.75327,46.01437],[7.75306,46.01199],[7.75444,46.01079],[7.75462,46.00984],[7.75017,46.00846],[7.74248,46.00435],[7.7395,46.00173],[7.73945,45.99887],[7.73786,45.99696],[7.73575,45.99671],[7.72923,45.99732],[7.72812,45.99815],[7.7278,46.0003],[7.72832,46.00245],[7.72785,46.00313],[7.72648,46.00358],[7.72373,46.0034],[7.71996,46.00375],[7.7188,46.00459],[7.71864,46.00555],[7.71961,46.0062],[7.72305,46.00658],[7.72545,46.00745],[7.73234,46.01246],[7.73424,46.01461],[7.73791,46.02033],[7.73866,46.02176],[7.73882,46.02319],[7.74052,46.02367],[7.74124,46.02417],[7.74735,46.02963],[7.74943,46.03249],[7.74995,46.03439],[7.75051,46.03497],[7.75257,46.03662],[7.75532,46.03739],[7.75596,46.03797],[7.75696,46.04107],[7.75844,46.04321],[7.75971,46.04655],[7.76107,46.04869],[7.76165,46.05155],[7.76285,46.05441],[7.76404,46.05584],[7.7646,46.05941],[7.76576,46.06132],[7.76675,46.06394],[7.76643,46.0668],[7.76729,46.06871],[7.76748,46.07109],[7.76821,46.07323]],[[7.61199,45.89025],[7.61168,45.89216],[7.61213,45.89383],[7.61303,45.89503],[7.61307,45.89718],[7.61369,45.89909],[7.61332,45.90076],[7.61359,45.90411],[7.6125,45.9066],[7.61109,45.90841],[7.61095,45.91103],[7.61185,45.91414],[7.61318,45.91483],[7.61421,45.91494],[7.61524,45.91462],[7.61627,45.91371],[7.61725,45.91223],[7.61843,45.90912],[7.61936,45.9084],[7.62142,45.90752],[7.62213,45.90673],[7.62245,45.9043],[7.6215,45.90243],[7.62005,45.90156],[7.61965,45.901],[7.61954,45.90004],[7.62004,45.89909],[7.62177,45.89751],[7.62589,45.89717],[7.62932,45.89538],[7.63076,45.89311],[7.63481,45.89273],[7.63762,45.89168],[7.63817,45.8912],[7.63808,45.89025]],[[7.4707,45.89635],[7.47173,45.89691],[7.47448,45.89761],[7.48135,45.89821],[7.48409,45.89782],[7.48787,45.89862],[7.48993,45.89838],[7.49165,45.89858],[7.49268,45.89819],[7.49316,45.89765],[7.49302,45.89617],[7.49199,45.89562],[7.48684,45.89462],[7.48169,45.89325],[7.47894,45.89287],[7.47254,45.89025]],[[7.90981,45.89265],[7.90775,45.89353],[7.90725,45.89431],[7.90775,45.89531],[7.90981,45.89635]]]}},{"type":"Feature","properties":{"ele":2000,"major":1},"geometry":{"type":"MultiLineString","coordinates":[[[7.5433,46.07323],[7.54368,46.0718],[7.54486,46.06985],[7.54927,46.0668],[7.55101,46.06251],[7.55491,46.05894],[7.55553,46.05584],[7.55756,46.05384],[7.55825,46.05227],[7.55831,46.0506],[7.55697,46.04893],[7.55863,46.04655],[7.55873,46.04536],[7.55825,46.04419],[7.55413,46.04326],[7.5526,46.04369],[7.55185,46.04488],[7.55095,46.04988],[7.54973,46.05179],[7.54314,46.05904],[7.53948,46.06156],[7.537,46.06442],[7.53429,46.06608],[7.52151,46.07037],[7.51877,46.07078],[7.51705,46.07037],[7.51465,46.07038],[7.51087,46.0722],[7.50847,46.07294],[7.50778,46.07285],[7.50615,46.0718],[7.50506,46.07061],[7.5045,46.06894],[7.50187,46.06728],[7.50131,46.06466],[7.49764,46.06156],[7.49737,46.05965],[7.49584,46.05656],[7.49558,46.05441],[7.49583,46.05179],[7.49547,46.05012],[7.49603,46.04774],[7.49535,46.04583],[7.49528,46.04417],[7.49442,46.0425],[7.49451,46.04059],[7.48977,46.03273],[7.48932,46.0313],[7.48959,46.02867],[7.48729,46.02557],[7.48691,46.02176],[7.48541,46.02057],[7.48456,46.01938],[7.48422,46.01723],[7.48527,46.01437],[7.48512,46.01324],[7.48241,46.01556],[7.48227,46.01771],[7.4804,46.02057],[7.47999,46.022],[7.48209,46.02653],[7.48219,46.02939],[7.48291,46.03153],[7.48269,46.03439],[7.48442,46.03845],[7.48454,46.03964],[7.48397,46.04178],[7.48088,46.0456],[7.47929,46.04676],[7.47915,46.04726],[7.47963,46.04781],[7.48405,46.04965],[7.48492,46.05084],[7.48515,46.05227],[7.48445,46.05417],[7.48432,46.05632],[7.48499,46.05822],[7.48695,46.06013],[7.48785,46.06227],[7.4875,46.06608],[7.48814,46.06966],[7.48762,46.07133],[7.48784,46.07252],[7.48758,46.07323]],[[7.79331,46.07323],[7.79194,46.07013],[7.79316,46.06871],[7.79332,46.06704],[7.79549,46.06586],[7.79692,46.06418],[7.79692,46.0637],[7.79411,46.06409],[7.79308,46.06399],[7.79171,46.06329],[7.78993,46.0618],[7.7893,46.05989],[7.78749,46.05799],[7.78662,46.05465],[7.7848,46.05179],[7.7845,46.04988],[7.78367,46.04869],[7.77626,46.04393],[7.7742,46.04226],[7.7736,46.04131],[7.77074,46.03868],[7.77082,46.03725],[7.76938,46.03416],[7.76937,46.0301],[7.76889,46.02867],[7.7689,46.02701],[7.7686,46.02629],[7.76681,46.02486],[7.76681,46.02224],[7.76611,46.02176],[7.76356,46.02129],[7.76253,46.0208],[7.75885,46.01771],[7.758,46.01652],[7.75503,46.01389],[7.75534,46.01246],[7.756,46.01178],[7.75738,46.0113],[7.76217,46.01055],[7.76298,46.01008],[7.76291,46.0096],[7.76184,46.00874],[7.75913,46.00817],[7.75188,46.00769],[7.74845,46.00624],[7.74688,46.00483],[7.74459,46.00388],[7.74212,46.00197],[7.74188,46.00102],[7.74342,45.99959],[7.74355,45.99911],[7.74129,45.99744],[7.73815,45.99611],[7.73266,45.99539],[7.72923,45.99452],[7.72877,45.99315],[7.73022,45.99219],[7.7307,45.99148],[7.73026,45.99066],[7.72957,45.99047],[7.72614,45.99277],[7.72457,45.99458],[7.72523,45.99815],[7.72525,46.00102],[7.72467,46.00197],[7.72305,46.00254],[7.71927,46.00251],[7.71721,46.00292],[7.71169,46.00531],[7.71034,46.00671],[7.70622,46.00706],[7.7034,46.00793],[7.70312,46.00841],[7.70416,46.0089],[7.70725,46.0091],[7.71755,46.00821],[7.72236,46.00812],[7.72442,46.00839],[7.72956,46.01246],[7.73217,46.01556],[7.73518,46.01795],[7.73697,46.02033],[7.73716,46.02105],[7.73596,46.02295],[7.73413,46.02486],[7.7342,46.02534],[7.73987,46.02471],[7.74261,46.02629],[7.7475,46.03106],[7.74857,46.03559],[7.75223,46.03811],[7.75463,46.03875],[7.75778,46.04345],[7.75943,46.04845],[7.76028,46.04965],[7.76046,46.05155],[7.76179,46.05346],[7.76305,46.05632],[7.7637,46.06061],[7.76569,46.06394],[7.76506,46.06656],[7.76618,46.06894],[7.7655,46.07037],[7.76742,46.07323]],[[7.90981,45.96123],[7.90857,45.96094],[7.90981,45.96368]],[[7.60993,45.89025],[7.60955,45.89264],[7.60996,45.89622],[7.6114,45.89789],[7.61194,45.89957],[7.60941,45.90463],[7.6084,45.90793],[7.6083,45.90984],[7.60901,45.91247],[7.60885,45.91557],[7.61009,45.91772],[7.61184,45.91915],[7.61298,45.92178],[7.61498,45.92345],[7.6173,45.92739],[7.62177,45.93154],[7.6233,45.93253],[7.6248,45.93539],[7.62554,45.93574],[7.62726,45.93528],[7.62863,45.93531],[7.62988,45.9342],[7.6276,45.9326],[7.62695,45.93157],[7.625,45.9299],[7.62417,45.92828],[7.62134,45.9256],[7.61841,45.92107],[7.61859,45.91844],[7.61725,45.91629],[7.61765,45.91557],[7.62114,45.91271],[7.62159,45.91175],[7.62145,45.90984],[7.62332,45.90793],[7.62453,45.90602],[7.62421,45.90196],[7.62266,45.89909],[7.62348,45.89834],[7.62623,45.89867],[7.62735,45.89837],[7.63121,45.89598],[7.63275,45.89417],[7.63515,45.89374],[7.6403,45.89183],[7.64084,45.8912],[7.6406,45.89025]],[[7.4707,45.89828],[7.47482,45.89965],[7.47826,45.89911],[7.48135,45.89998],[7.48547,45.89972],[7.49224,45.90028],[7.49474,45.90174],[7.49748,45.9027],[7.50185,45.90482],[7.50332,45.90608],[7.50641,45.90744],[7.50813,45.90901],[7.51019,45.9101],[7.51208,45.91223],[7.51499,45.91402],[7.51774,45.91635],[7.52117,45.9179],[7.52357,45.91835],[7.52653,45.91987],[7.53038,45.92107],[7.5349,45.92143],[7.53799,45.92256],[7.53904,45.92226],[7.53902,45.92154],[7.536,45.92011],[7.53353,45.91808],[7.53044,45.91695],[7.52907,45.91568],[7.52666,45.91518],[7.52323,45.91351],[7.52026,45.91032],[7.51721,45.90793],[7.50092,45.89666],[7.4968,45.89549],[7.48684,45.89374],[7.48512,45.89301],[7.48169,45.8923],[7.48066,45.89178],[7.4786,45.89165],[7.47554,45.89025]],[[7.90701,45.89025],[7.90751,45.89144],[7.90711,45.8924],[7.90569,45.89339],[7.90404,45.89407],[7.90337,45.89503],[7.90501,45.89744],[7.90878,45.89931],[7.90981,45.89915]]]}},{"type":"Feature","properties":{"ele":2100,"major":0},"geometry":{"type":"MultiLineString","coordinates":[[[7.54456,46.07323],[7.54478,46.07204],[7.54555,46.07093],[7.54726,46.06997],[7.55027,46.06751],[7.55117,46.06466],[7.55285,46.06204],[7.55482,46.06048],[7.55764,46.05894],[7.55888,46.05775],[7.55988,46.05536],[7.56039,46.05274],[7.56024,46.05084],[7.56172,46.04536],[7.56203,46.04284],[7.561,46.04237],[7.55722,46.04216],[7.55379,46.04066],[7.55001,46.04151],[7.54911,46.04297],[7.54983,46.04536],[7.54977,46.04798],[7.54864,46.05027],[7.54349,46.05718],[7.53759,46.06132],[7.53422,46.06481],[7.53319,46.06526],[7.52872,46.06612],[7.52047,46.06942],[7.51808,46.06977],[7.51637,46.06945],[7.51431,46.06948],[7.51209,46.07037],[7.50916,46.07211],[7.5079,46.07228],[7.50675,46.07179],[7.50629,46.07109],[7.50636,46.06871],[7.50493,46.0668],[7.50401,46.06418],[7.49886,46.05928],[7.49796,46.05727],[7.4972,46.0537],[7.49803,46.05155],[7.49704,46.04941],[7.49838,46.04774],[7.49756,46.04607],[7.49748,46.04434],[7.49585,46.04178],[7.49621,46.03964],[7.49511,46.03773],[7.4946,46.03582],[7.49196,46.03249],[7.49186,46.02867],[7.49015,46.0251],[7.48982,46.022],[7.48693,46.01938],[7.48626,46.01818],[7.48635,46.01699],[7.48764,46.01461],[7.48873,46.01151],[7.4913,46.00689],[7.49094,46.00507],[7.49176,46.00316],[7.4913,46.0025],[7.49062,46.00234],[7.4889,46.00312],[7.48512,46.00616],[7.48322,46.00889],[7.48203,46.00986],[7.48123,46.01151],[7.4786,46.01413],[7.47741,46.01628],[7.47718,46.01771],[7.47617,46.0189],[7.47586,46.02128],[7.47679,46.02343],[7.47784,46.02462],[7.47818,46.02701],[7.48039,46.02915],[7.48063,46.03416],[7.48335,46.03845],[7.4828,46.03988],[7.4802,46.04321],[7.47963,46.04481],[7.47593,46.04798],[7.47982,46.04965],[7.48192,46.05179],[7.48258,46.0537],[7.48224,46.05632],[7.4826,46.05846],[7.48595,46.06251],[7.48613,46.06418],[7.48493,46.06728],[7.48573,46.0699],[7.48499,46.07204],[7.48525,46.07323]],[[7.7949,46.07323],[7.79427,46.07085],[7.79549,46.06799],[7.79745,46.06704],[7.79823,46.06564],[7.80009,46.06418],[7.80221,46.06299],[7.80495,46.06204],[7.80582,46.06132],[7.80589,46.06084],[7.8051,46.06058],[7.80373,46.0606],[7.79892,46.06145],[7.79514,46.06247],[7.79377,46.06233],[7.79235,46.06156],[7.79135,46.05965],[7.78956,46.05775],[7.7884,46.0537],[7.78701,46.05179],[7.7865,46.04965],[7.78587,46.0487],[7.77635,46.04226],[7.77342,46.0394],[7.77136,46.0313],[7.77171,46.02724],[7.77145,46.02466],[7.76834,46.02105],[7.76699,46.02042],[7.7639,46.01983],[7.76171,46.01795],[7.76016,46.01532],[7.7573,46.01365],[7.75737,46.01318],[7.75806,46.01271],[7.76081,46.01217],[7.76321,46.01203],[7.7663,46.0123],[7.76871,46.01171],[7.77248,46.01129],[7.77423,46.01055],[7.77455,46.0096],[7.76974,46.00851],[7.76562,46.00842],[7.76356,46.00728],[7.756,46.007],[7.75154,46.00651],[7.74974,46.00555],[7.74857,46.00412],[7.74614,46.00221],[7.74558,46.00078],[7.74654,45.99911],[7.74601,45.99839],[7.74021,45.99592],[7.73805,45.99553],[7.73152,45.99362],[7.7315,45.99315],[7.73484,45.99052],[7.73671,45.98814],[7.73776,45.98432],[7.73746,45.98376],[7.73678,45.98363],[7.733,45.98543],[7.7306,45.98621],[7.72888,45.98718],[7.72579,45.9917],[7.72373,45.99292],[7.72309,45.99458],[7.72311,45.99935],[7.72236,46.00136],[7.71549,46.00163],[7.71369,46.00292],[7.70931,46.00461],[7.70348,46.00574],[7.70039,46.0067],[7.69558,46.00605],[7.69146,46.00662],[7.68803,46.00647],[7.68694,46.00698],[7.68768,46.00757],[7.6918,46.0088],[7.69489,46.00925],[7.6997,46.01058],[7.70519,46.0105],[7.71824,46.00931],[7.72191,46.0096],[7.72339,46.00999],[7.72751,46.01256],[7.72923,46.01489],[7.73346,46.01818],[7.73489,46.02081],[7.73471,46.02271],[7.73177,46.0251],[7.73163,46.02626],[7.73506,46.02634],[7.73815,46.02595],[7.73918,46.02557],[7.74107,46.02629],[7.74673,46.03155],[7.74692,46.03249],[7.74612,46.03606],[7.74632,46.03678],[7.74914,46.03749],[7.75463,46.04063],[7.75738,46.04416],[7.75777,46.04679],[7.75729,46.04845],[7.75864,46.05036],[7.75944,46.05237],[7.76124,46.0537],[7.76149,46.05513],[7.76242,46.05703],[7.76252,46.05799],[7.76192,46.05965],[7.76406,46.06323],[7.76436,46.06537],[7.76394,46.06871],[7.76413,46.07061],[7.7655,46.07323]],[[7.90981,45.95399],[7.90878,45.95376],[7.90776,45.95497],[7.90569,45.95599],[7.90518,45.95688],[7.90588,45.95831],[7.90585,45.95998],[7.90648,45.96213],[7.90528,45.96452],[7.90574,45.96619],[7.90672,45.96725],[7.90981,45.96747]],[[7.60747,45.89025],[7.60799,45.89288],[7.60802,45.89718],[7.60883,45.901],[7.60853,45.90243],[7.60686,45.90506],[7.60728,45.90793],[7.60676,45.91056],[7.60772,45.91271],[7.60651,45.91533],[7.60752,45.91796],[7.60694,45.92035],[7.60769,45.92068],[7.60975,45.92083],[7.61047,45.9213],[7.6169,45.92966],[7.61879,45.93396],[7.6202,45.93611],[7.62383,45.93996],[7.62653,45.94112],[7.62966,45.94131],[7.63138,45.94229],[7.63378,45.94283],[7.63457,45.94232],[7.63481,45.93945],[7.6355,45.93829],[7.63653,45.93785],[7.6403,45.93771],[7.64202,45.93686],[7.6424,45.93635],[7.63756,45.93304],[7.63219,45.93062],[7.63148,45.92918],[7.62829,45.92778],[7.62718,45.9268],[7.62592,45.92417],[7.62481,45.92274],[7.62439,45.9213],[7.62279,45.91939],[7.62379,45.91629],[7.62283,45.91366],[7.62464,45.91079],[7.62505,45.90793],[7.62658,45.90602],[7.62753,45.90124],[7.62927,45.90004],[7.63203,45.89694],[7.63397,45.89527],[7.63514,45.89479],[7.63756,45.89436],[7.64202,45.89229],[7.64355,45.8912],[7.6441,45.89025]],[[7.4707,45.9],[7.47551,45.90172],[7.4786,45.90077],[7.48066,45.90117],[7.48272,45.90091],[7.48547,45.901],[7.48787,45.90161],[7.49062,45.90122],[7.49199,45.90143],[7.49439,45.90309],[7.4972,45.90411],[7.50175,45.90721],[7.50439,45.90864],[7.50593,45.91056],[7.50836,45.91271],[7.51053,45.91382],[7.51362,45.91478],[7.51568,45.91689],[7.52023,45.91915],[7.52289,45.9221],[7.52701,45.92185],[7.52838,45.92199],[7.53456,45.92443],[7.53842,45.92513],[7.54336,45.92751],[7.54555,45.92901],[7.54726,45.92943],[7.55038,45.92942],[7.55077,45.92799],[7.55054,45.92727],[7.54913,45.92584],[7.54555,45.92372],[7.54417,45.92222],[7.54074,45.92024],[7.53765,45.91908],[7.53147,45.91513],[7.52697,45.9139],[7.52459,45.91199],[7.52254,45.91092],[7.51911,45.90803],[7.51448,45.90506],[7.51293,45.9035],[7.51071,45.90219],[7.50916,45.90077],[7.50445,45.89813],[7.50126,45.89536],[7.50023,45.89503],[7.49783,45.89498],[7.48807,45.89335],[7.48512,45.89231],[7.48341,45.89203],[7.481,45.89107],[7.47894,45.89079],[7.47734,45.89025]],[[7.90531,45.89025],[7.90542,45.89096],[7.9046,45.89216],[7.9002,45.89404],[7.89992,45.89503],[7.9015,45.89646],[7.90363,45.89738],[7.90569,45.90016],[7.90775,45.901],[7.90981,45.90089]]]}},{"type":"Feature","properties":{"ele":2200,"major":0},"geometry":{"type":"MultiLineString","coordinates":[[[7.4707,46.04997],[7.47448,46.05024],[7.47654,46.05073],[7.47963,46.05243],[7.481,46.0539],[7.48051,46.05656],[7.48069,46.05775],[7.48166,46.05989],[7.48409,46.06266],[7.48457,46.0637],[7.48292,46.06751],[7.48386,46.0699],[7.48241,46.07323]],[[7.54671,46.07323],[7.54725,46.0718],[7.54883,46.07061],[7.55002,46.06918],[7.55231,46.06775],[7.55293,46.06466],[7.55457,46.06204],[7.55619,46.06082],[7.5606,46.05894],[7.56134,46.05827],[7.5625,46.04679],[7.56361,46.04464],[7.56633,46.04131],[7.56641,46.04083],[7.56443,46.04042],[7.56031,46.04131],[7.55756,46.04071],[7.55607,46.04011],[7.55268,46.03702],[7.55173,46.03677],[7.55001,46.0371],[7.54829,46.03686],[7.54792,46.03725],[7.5476,46.03916],[7.54829,46.04178],[7.54795,46.04321],[7.54853,46.04536],[7.54849,46.04798],[7.54563,46.05274],[7.54439,46.0537],[7.54246,46.05657],[7.53887,46.05941],[7.53593,46.06134],[7.53465,46.0618],[7.53216,46.06389],[7.52838,46.06457],[7.52666,46.06556],[7.52236,46.06704],[7.52014,46.06828],[7.5174,46.06881],[7.51362,46.06837],[7.50881,46.0708],[7.5084,46.07061],[7.50825,46.06942],[7.50862,46.06775],[7.50772,46.06537],[7.50504,46.06228],[7.50025,46.0587],[7.49925,46.05751],[7.49913,46.05346],[7.49972,46.05179],[7.499,46.04988],[7.5004,46.04798],[7.50048,46.04726],[7.49939,46.04536],[7.49933,46.04393],[7.49802,46.04274],[7.49758,46.04178],[7.49795,46.03868],[7.49713,46.03582],[7.49645,46.03456],[7.49448,46.03273],[7.49439,46.02844],[7.49312,46.02653],[7.4923,46.02224],[7.49148,46.02128],[7.48876,46.01938],[7.48788,46.01795],[7.48911,46.01365],[7.49333,46.00674],[7.495,46.00221],[7.49486,46.00006],[7.4954,45.99815],[7.49536,45.99672],[7.49471,45.99529],[7.49413,45.99482],[7.49336,45.99493],[7.49268,45.99552],[7.49078,45.99911],[7.48856,46.00137],[7.48169,46.00682],[7.48076,46.00817],[7.48009,46.01008],[7.47809,46.0127],[7.47697,46.01389],[7.47432,46.0158],[7.4735,46.01747],[7.47202,46.01818],[7.47197,46.01961],[7.4707,46.02045]],[[7.79672,46.07323],[7.79637,46.07133],[7.79658,46.06966],[7.79708,46.06894],[7.80035,46.06632],[7.81128,46.06049],[7.81192,46.05989],[7.81259,46.05799],[7.81506,46.05673],[7.81582,46.05393],[7.81506,46.05407],[7.81471,46.05545],[7.80626,46.05894],[7.79617,46.06113],[7.7948,46.06101],[7.79377,46.06051],[7.79113,46.05727],[7.7906,46.05298],[7.78775,46.04869],[7.78622,46.04725],[7.78381,46.04573],[7.78199,46.04369],[7.7766,46.04119],[7.77516,46.03988],[7.77474,46.03868],[7.77502,46.03177],[7.77384,46.02867],[7.77538,46.02557],[7.77436,46.02295],[7.77242,46.02057],[7.76871,46.01952],[7.76699,46.01857],[7.76533,46.01818],[7.76321,46.01604],[7.76391,46.01509],[7.76871,46.01471],[7.7742,46.01316],[7.7766,46.01194],[7.77969,46.01198],[7.78519,46.01063],[7.78653,46.01008],[7.78675,46.00936],[7.78278,46.0092],[7.77969,46.0085],[7.77489,46.00695],[7.77283,46.00723],[7.77111,46.00703],[7.76733,46.00728],[7.76604,46.00674],[7.76459,46.00556],[7.75909,46.00636],[7.75291,46.00501],[7.74917,46.00173],[7.74928,46.00078],[7.75093,45.99911],[7.75101,45.99839],[7.75063,45.99792],[7.74811,45.99682],[7.74536,45.99681],[7.74261,45.99621],[7.73678,45.99399],[7.73568,45.99315],[7.73562,45.99195],[7.7385,45.98837],[7.73887,45.98623],[7.74005,45.98432],[7.74006,45.9836],[7.73967,45.98289],[7.73781,45.98253],[7.73335,45.9825],[7.73266,45.98276],[7.73129,45.98411],[7.72888,45.98524],[7.72542,45.98861],[7.72453,45.99004],[7.7227,45.99077],[7.72131,45.99171],[7.72111,45.99219],[7.72191,45.99386],[7.72145,45.99553],[7.72149,45.99887],[7.72113,45.99959],[7.7203,46.00014],[7.71824,46.0006],[7.71275,46.0006],[7.71225,46.00078],[7.7114,46.00197],[7.70931,46.00325],[7.70245,46.00459],[7.69867,46.00477],[7.69592,46.00429],[7.69318,46.00453],[7.687,46.00413],[7.68459,46.00341],[7.67773,46.0023],[7.67681,46.00245],[7.67498,46.0035],[7.67445,46.00412],[7.67452,46.00459],[7.67532,46.00638],[7.68013,46.00829],[7.68391,46.00899],[7.687,46.00916],[7.69386,46.01058],[7.69936,46.01144],[7.70245,46.01163],[7.71,46.01079],[7.71412,46.01103],[7.72133,46.01097],[7.72339,46.01142],[7.72579,46.01276],[7.72963,46.01723],[7.733,46.01975],[7.73362,46.02224],[7.733,46.02316],[7.7312,46.02414],[7.72854,46.02633],[7.72682,46.02712],[7.72661,46.02772],[7.72957,46.02818],[7.73094,46.02806],[7.73369,46.02728],[7.73815,46.02683],[7.73918,46.02699],[7.74146,46.02867],[7.74495,46.03225],[7.74523,46.03463],[7.74467,46.03606],[7.74487,46.03749],[7.74605,46.03811],[7.74811,46.03837],[7.75017,46.03951],[7.75296,46.04131],[7.75514,46.04369],[7.75574,46.04488],[7.75581,46.04869],[7.75685,46.04988],[7.75817,46.05274],[7.76032,46.05417],[7.76073,46.05584],[7.76158,46.05727],[7.7615,46.05798],[7.75984,46.06084],[7.76176,46.06204],[7.76262,46.0637],[7.76275,46.06489],[7.76224,46.06632],[7.76268,46.06751],[7.76201,46.07013],[7.76351,46.07275],[7.76345,46.07323]],[[7.4707,46.02153],[7.47414,46.02463],[7.47448,46.02662],[7.47762,46.03034],[7.47772,46.03344],[7.48177,46.03868],[7.47994,46.04083],[7.47757,46.04495],[7.47458,46.04655],[7.4707,46.0473]],[[7.90981,45.94295],[7.90775,45.94342],[7.90683,45.94399],[7.90649,45.94614],[7.9046,45.94757],[7.90394,45.94972],[7.90405,45.95091],[7.90264,45.95234],[7.90241,45.95306],[7.9026,45.95371],[7.90404,45.95473],[7.90257,45.95664],[7.90387,45.95879],[7.90401,45.96165],[7.90383,45.96261],[7.90275,45.96428],[7.90263,45.96666],[7.90346,45.96738],[7.90501,45.96802],[7.90981,45.96889]],[[7.60552,45.89025],[7.60588,45.89335],[7.60648,45.89503],[7.60635,45.89765],[7.60681,45.90028],[7.60632,45.9025],[7.60507,45.90411],[7.60461,45.9053],[7.60496,45.90793],[7.6047,45.90936],[7.60537,45.91199],[7.60496,45.91294],[7.60484,45.91629],[7.60285,45.91939],[7.60292,45.92178],[7.60426,45.92282],[7.607,45.9222],[7.60838,45.92216],[7.60906,45.92244],[7.60973,45.92441],[7.61181,45.92599],[7.61566,45.9311],[7.61668,45.93611],[7.61861,45.9373],[7.6228,45.94173],[7.62691,45.94339],[7.63349,45.94709],[7.63747,45.94876],[7.63893,45.94893],[7.6403,45.94872],[7.64074,45.94805],[7.64011,45.94685],[7.63736,45.94447],[7.63818,45.94065],[7.63893,45.94034],[7.64168,45.94023],[7.64279,45.93993],[7.64368,45.93802],[7.64424,45.93754],[7.64545,45.93698],[7.65095,45.9355],[7.6513,45.93515],[7.65118,45.93444],[7.65057,45.93348],[7.64683,45.93207],[7.64545,45.93235],[7.64339,45.93351],[7.64156,45.93348],[7.64073,45.93277],[7.63982,45.9311],[7.63807,45.92966],[7.63516,45.92823],[7.6334,45.9268],[7.63103,45.92648],[7.63002,45.92608],[7.62949,45.92465],[7.62802,45.92321],[7.62741,45.92202],[7.62747,45.91844],[7.62639,45.91677],[7.62658,45.91486],[7.62617,45.91247],[7.62684,45.91032],[7.62642,45.90841],[7.62958,45.9053],[7.63029,45.90148],[7.63437,45.89694],[7.63577,45.89622],[7.63928,45.8955],[7.64392,45.89288],[7.64678,45.89168],[7.64863,45.89025]],[[7.4707,45.90137],[7.47414,45.90275],[7.47551,45.90303],[7.48032,45.90247],[7.48375,45.90175],[7.48718,45.90282],[7.49027,45.90232],[7.49233,45.90284],[7.49645,45.90582],[7.49744,45.90721],[7.49948,45.90864],[7.50631,45.91486],[7.50778,45.91536],[7.51293,45.91619],[7.51383,45.91677],[7.51499,45.91823],[7.51705,45.91913],[7.51911,45.92062],[7.51978,45.92178],[7.51965,45.92321],[7.51887,45.92441],[7.51631,45.9268],[7.51616,45.92751],[7.51774,45.9275],[7.52154,45.92608],[7.52495,45.92339],[7.52666,45.92308],[7.52872,45.92329],[7.53387,45.92635],[7.53731,45.92706],[7.53971,45.92702],[7.5404,45.92725],[7.54383,45.93006],[7.54967,45.93092],[7.55138,45.93149],[7.55464,45.93444],[7.55541,45.93635],[7.55578,45.93874],[7.55619,45.93929],[7.55697,45.93945],[7.55722,45.9373],[7.55648,45.93587],[7.55703,45.93372],[7.55595,45.93229],[7.55551,45.93086],[7.55345,45.92942],[7.55413,45.92875],[7.55585,45.92859],[7.5558,45.92799],[7.55516,45.92746],[7.55207,45.92615],[7.55113,45.92536],[7.54761,45.92379],[7.54417,45.92072],[7.54023,45.91892],[7.53526,45.91557],[7.53469,45.91342],[7.53581,45.91103],[7.53559,45.91032],[7.53456,45.91055],[7.5325,45.91166],[7.52907,45.91255],[7.52784,45.91223],[7.5236,45.91008],[7.52199,45.90817],[7.52038,45.90697],[7.51877,45.906],[7.51591,45.90506],[7.51299,45.90243],[7.51156,45.90169],[7.51027,45.90028],[7.50634,45.89837],[7.505,45.89718],[7.50321,45.89407],[7.50229,45.89333],[7.50057,45.89335],[7.49748,45.89423],[7.49405,45.89394],[7.49027,45.89292],[7.48759,45.89264],[7.48478,45.89142],[7.47943,45.89025]],[[7.90355,45.89025],[7.90318,45.89096],[7.90226,45.89166],[7.89986,45.89204],[7.89782,45.89311],[7.89689,45.89455],[7.8971,45.89574],[7.8978,45.8964],[7.90253,45.89909],[7.90274,45.90076],[7.90329,45.90129],[7.90501,45.90182],[7.90981,45.90224]],[[7.58441,45.89025],[7.58394,45.89144],[7.58469,45.89186],[7.58537,45.8916],[7.58675,45.89025]]]}},{"type":"Feature","properties":{"ele":2300,"major":0},"geometry":{"type":"MultiLineString","coordinates":[[[7.4707,46.0512],[7.4762,46.05214],[7.4783,46.0537],[7.47911,46.05513],[7.47892,46.05775],[7.48007,46.06037],[7.48304,46.06346],[7.48305,46.06418],[7.48118,46.06728],[7.48059,46.07156],[7.47878,46.07323]],[[7.54921,46.07323],[7.55142,46.06966],[7.55344,46.06886],[7.55425,46.06823],[7.55424,46.06489],[7.55572,46.06251],[7.55825,46.06084],[7.56197,46.05989],[7.56315,46.05894],[7.5634,46.05775],[7.56303,46.05393],[7.56393,46.04893],[7.56353,46.04679],[7.56443,46.04513],[7.5671,46.0425],[7.57029,46.04059],[7.571,46.03988],[7.57198,46.03678],[7.5713,46.03492],[7.57061,46.03475],[7.56889,46.03498],[7.56718,46.03458],[7.56615,46.0349],[7.56546,46.03535],[7.56402,46.03868],[7.56309,46.03964],[7.561,46.04028],[7.55896,46.04011],[7.55627,46.03892],[7.5533,46.03606],[7.55287,46.03439],[7.55035,46.03094],[7.54898,46.03082],[7.54761,46.03233],[7.54589,46.03336],[7.54559,46.03416],[7.54588,46.03749],[7.54759,46.04202],[7.54773,46.04607],[7.54738,46.04774],[7.54539,46.05108],[7.53868,46.05817],[7.53284,46.0619],[7.53044,46.0628],[7.52804,46.06308],[7.52598,46.0644],[7.52392,46.06501],[7.52076,46.06656],[7.51705,46.06744],[7.51156,46.06758],[7.51045,46.06704],[7.50716,46.06156],[7.50263,46.05886],[7.50105,46.05727],[7.50033,46.05393],[7.50169,46.05108],[7.50155,46.04941],[7.50235,46.0475],[7.50134,46.0456],[7.50101,46.04345],[7.49915,46.04131],[7.49974,46.03797],[7.49952,46.03582],[7.49673,46.03177],[7.49655,46.02748],[7.49547,46.02319],[7.49386,46.02128],[7.49083,46.01938],[7.48959,46.01771],[7.49063,46.01389],[7.49186,46.01127],[7.49461,46.00769],[7.49577,46.00563],[7.497,46.00125],[7.49655,45.99982],[7.49744,45.99792],[7.49831,45.99291],[7.49813,45.99243],[7.49645,45.99171],[7.49542,45.99058],[7.49439,45.99019],[7.49336,45.99015],[7.49268,45.99035],[7.4916,45.99124],[7.49067,45.99577],[7.48887,45.99839],[7.48689,46.00054],[7.48507,46.00197],[7.48406,46.0034],[7.47879,46.00793],[7.47791,46.00954],[7.47751,46.01151],[7.47655,46.0127],[7.47517,46.01369],[7.47208,46.01483],[7.4707,46.01598]],[[7.63659,46.07323],[7.6355,46.0718],[7.63447,46.07142],[7.63343,46.0718],[7.63206,46.07296],[7.63029,46.07323]],[[7.74931,46.07323],[7.74639,46.07226],[7.74296,46.07189],[7.74085,46.07228],[7.73917,46.07323]],[[7.798,46.07323],[7.79782,46.07156],[7.79823,46.0702],[7.80098,46.06756],[7.80535,46.06466],[7.80956,46.06251],[7.81574,46.06026],[7.81681,46.05822],[7.81752,46.05584],[7.82518,46.04845],[7.82802,46.04464],[7.82879,46.04294],[7.8281,46.04291],[7.8257,46.0438],[7.82431,46.04512],[7.82158,46.04667],[7.81918,46.04851],[7.81609,46.05002],[7.81368,46.05188],[7.81153,46.05441],[7.80956,46.05588],[7.80716,46.05654],[7.80485,46.05775],[7.79926,46.05949],[7.79617,46.06001],[7.79504,46.05989],[7.79409,46.05941],[7.79254,46.05703],[7.79261,46.05251],[7.79029,46.04917],[7.78931,46.04818],[7.78759,46.04716],[7.78416,46.04358],[7.77846,46.04059],[7.77801,46.04011],[7.77799,46.03845],[7.77716,46.0363],[7.77755,46.03487],[7.77727,46.03273],[7.77874,46.02939],[7.77797,46.02772],[7.77771,46.02295],[7.77796,46.02128],[7.77695,46.02008],[7.77489,46.01916],[7.7718,46.01838],[7.77102,46.01771],[7.77395,46.01628],[7.77695,46.01427],[7.77969,46.01376],[7.78553,46.01172],[7.78828,46.01138],[7.79218,46.01008],[7.79456,46.00841],[7.79475,46.00769],[7.7935,46.00698],[7.78942,46.00626],[7.78656,46.00541],[7.78553,46.00546],[7.78347,46.00623],[7.78107,46.0056],[7.77935,46.00468],[7.77042,46.00474],[7.76733,46.00359],[7.76321,46.00355],[7.76012,46.00405],[7.75738,46.00319],[7.75463,46.00303],[7.75371,46.00245],[7.7535,46.00125],[7.75375,46.0003],[7.75463,45.99911],[7.75303,45.99744],[7.74879,45.9958],[7.74605,45.99565],[7.74261,45.99504],[7.7398,45.99386],[7.73785,45.99219],[7.73758,45.99124],[7.73965,45.98861],[7.7401,45.98599],[7.74307,45.98313],[7.74543,45.98217],[7.74817,45.9805],[7.74998,45.97836],[7.75002,45.97764],[7.74797,45.97692],[7.74708,45.97542],[7.7457,45.97563],[7.7433,45.97691],[7.74227,45.97784],[7.7412,45.97979],[7.73952,45.98132],[7.73712,45.9817],[7.73335,45.98104],[7.73094,45.98199],[7.72854,45.98384],[7.72751,45.98521],[7.72408,45.98823],[7.71927,45.99066],[7.71905,45.99171],[7.72033,45.99338],[7.72046,45.9941],[7.71959,45.99577],[7.71945,45.9972],[7.71858,45.9985],[7.71755,45.99913],[7.71584,45.99927],[7.71206,45.9989],[7.70725,46.00145],[7.70488,46.00221],[7.70245,46.00274],[7.69936,46.00263],[7.69695,46.00298],[7.69249,46.00218],[7.68871,46.00195],[7.68528,46.00033],[7.68219,46.00074],[7.67738,46.00009],[7.66674,46.0],[7.66434,45.99957],[7.66159,45.99865],[7.65678,45.99803],[7.6554,45.99815],[7.65502,45.99982],[7.65266,46.00063],[7.65182,46.00269],[7.6561,46.00534],[7.66365,46.00837],[7.66949,46.00834],[7.67189,46.00917],[7.67532,46.00899],[7.68425,46.01031],[7.68803,46.01037],[7.69421,46.01152],[7.70073,46.01233],[7.70382,46.01225],[7.71,46.01148],[7.71446,46.01187],[7.71961,46.01165],[7.72202,46.01194],[7.72408,46.01306],[7.72717,46.01736],[7.73131,46.02033],[7.73177,46.02176],[7.73129,46.02253],[7.72751,46.02525],[7.72313,46.02748],[7.72274,46.02796],[7.72295,46.02867],[7.72545,46.02896],[7.73094,46.02902],[7.73643,46.02777],[7.7382,46.02772],[7.74321,46.03249],[7.74323,46.03416],[7.74284,46.03511],[7.74409,46.03892],[7.74467,46.03925],[7.74742,46.03958],[7.74948,46.04124],[7.75154,46.04187],[7.75394,46.04434],[7.7545,46.04726],[7.75417,46.04822],[7.7545,46.04965],[7.75566,46.0506],[7.75669,46.05312],[7.75934,46.05513],[7.75904,46.05632],[7.75942,46.0587],[7.75833,46.06013],[7.75852,46.06132],[7.76078,46.06323],[7.76147,46.06442],[7.76021,46.06942],[7.76084,46.07204],[7.75982,46.07275],[7.75764,46.07323]],[[7.4707,46.02432],[7.47139,46.02545],[7.47158,46.02677],[7.47259,46.0282],[7.47298,46.03153],[7.47495,46.03392],[7.4746,46.03559],[7.47551,46.03636],[7.47826,46.03748],[7.47872,46.03821],[7.47759,46.04035],[7.47757,46.042],[7.47578,46.04369],[7.4752,46.04488],[7.47393,46.0456],[7.4707,46.04616]],[[7.90981,45.93964],[7.90604,45.94203],[7.90502,45.94351],[7.90464,45.94494],[7.90206,45.94781],[7.90048,45.95139],[7.89991,45.95401],[7.90006,45.95568],[7.90054,45.95736],[7.90212,45.96022],[7.90123,45.96213],[7.90106,45.96356],[7.90001,45.96523],[7.89971,45.96714],[7.90054,45.96797],[7.90398,45.96883],[7.90638,45.9691],[7.90851,45.97],[7.90981,45.97102]],[[7.60282,45.89025],[7.60288,45.89091],[7.60463,45.89264],[7.60509,45.89503],[7.60483,45.89718],[7.60546,45.89933],[7.60515,45.90004],[7.60391,45.90108],[7.60248,45.90363],[7.6025,45.90673],[7.60185,45.9096],[7.60288,45.91237],[7.60319,45.91509],[7.6025,45.91677],[7.59928,45.91939],[7.59945,45.92368],[7.60254,45.92521],[7.60391,45.92501],[7.60632,45.9241],[7.607,45.92435],[7.60873,45.92823],[7.61112,45.92952],[7.6117,45.93014],[7.61139,45.93324],[7.61353,45.93458],[7.61317,45.93611],[7.61452,45.93778],[7.61463,45.93945],[7.61559,45.94086],[7.61662,45.94111],[7.61868,45.94093],[7.61971,45.9412],[7.62383,45.94399],[7.62702,45.94518],[7.63275,45.94889],[7.63653,45.95027],[7.63859,45.95043],[7.64408,45.9522],[7.64507,45.95187],[7.64539,45.95139],[7.6444,45.94996],[7.64453,45.94805],[7.64125,45.94542],[7.64075,45.94351],[7.64099,45.94212],[7.64168,45.94175],[7.64408,45.94154],[7.64515,45.94112],[7.6465,45.94017],[7.6477,45.93802],[7.64889,45.93738],[7.65575,45.93619],[7.65607,45.93587],[7.654,45.93468],[7.65271,45.93301],[7.65056,45.93133],[7.64923,45.92961],[7.64717,45.92947],[7.64477,45.92987],[7.64339,45.92968],[7.63824,45.92727],[7.6363,45.92465],[7.63344,45.92424],[7.63297,45.92393],[7.63319,45.92321],[7.63481,45.92216],[7.63503,45.9213],[7.63326,45.91963],[7.63241,45.91834],[7.62966,45.91749],[7.62897,45.91681],[7.62936,45.91366],[7.63018,45.91199],[7.62918,45.90936],[7.63069,45.90758],[7.63344,45.90652],[7.63458,45.9053],[7.6364,45.90434],[7.63685,45.90339],[7.63584,45.90196],[7.63582,45.90076],[7.63652,45.8998],[7.63774,45.89909],[7.63824,45.898],[7.63927,45.89769],[7.64168,45.89768],[7.64374,45.89821],[7.64854,45.89718],[7.64945,45.89622],[7.64977,45.89479],[7.65198,45.89435],[7.65265,45.89383],[7.65397,45.89216],[7.65472,45.89025]],[[7.4707,45.90238],[7.47353,45.90387],[7.47551,45.90438],[7.48272,45.90348],[7.48684,45.90455],[7.48993,45.9036],[7.4921,45.90411],[7.49851,45.91016],[7.50092,45.91182],[7.50301,45.91438],[7.50744,45.91695],[7.51234,45.91748],[7.5155,45.91963],[7.51768,45.92226],[7.51779,45.92345],[7.51647,45.92489],[7.51464,45.92584],[7.51293,45.92748],[7.50683,45.93086],[7.50566,45.93205],[7.50607,45.93307],[7.50675,45.93309],[7.51122,45.93101],[7.51362,45.93067],[7.51499,45.93003],[7.51808,45.92926],[7.52325,45.9268],[7.52598,45.92466],[7.52769,45.92422],[7.52919,45.92465],[7.53284,45.9274],[7.53662,45.92829],[7.5404,45.92869],[7.54143,45.92945],[7.54169,45.93062],[7.54224,45.9311],[7.54383,45.93143],[7.54623,45.93134],[7.54898,45.93162],[7.55138,45.93232],[7.55342,45.93587],[7.55326,45.93826],[7.55384,45.9416],[7.55524,45.94494],[7.55756,45.95002],[7.55825,45.95069],[7.55928,45.95069],[7.56003,45.94924],[7.55996,45.94733],[7.56074,45.94614],[7.56085,45.94494],[7.56014,45.93969],[7.55922,45.93826],[7.55901,45.93683],[7.55897,45.93492],[7.55965,45.93348],[7.55939,45.93229],[7.55977,45.93086],[7.55931,45.92918],[7.55756,45.92702],[7.54829,45.92288],[7.54371,45.91868],[7.54108,45.91782],[7.5375,45.91509],[7.537,45.91318],[7.54005,45.90806],[7.54095,45.90363],[7.54074,45.90292],[7.5404,45.90276],[7.53971,45.90315],[7.53807,45.9053],[7.53525,45.90804],[7.53269,45.90984],[7.53078,45.91025],[7.52838,45.91014],[7.5246,45.90745],[7.52134,45.90602],[7.51911,45.9044],[7.51602,45.90309],[7.51328,45.9012],[7.51188,45.8998],[7.50813,45.89842],[7.5071,45.89776],[7.50562,45.89598],[7.5047,45.89288],[7.50366,45.89207],[7.50023,45.89158],[7.49714,45.89358],[7.49645,45.89363],[7.49399,45.89335],[7.49096,45.89193],[7.48787,45.89175],[7.48386,45.89025]],[[7.89919,45.89025],[7.89842,45.8912],[7.89608,45.89261],[7.89481,45.89407],[7.8948,45.89479],[7.89554,45.89622],[7.89848,45.89885],[7.89951,45.90104],[7.90157,45.90282],[7.90643,45.90363],[7.90981,45.90458]],[[7.57911,45.89025],[7.57935,45.8912],[7.58125,45.89367],[7.58366,45.89445],[7.58503,45.89418],[7.58795,45.89264],[7.59086,45.89025]],[[7.74005,45.89025],[7.74364,45.89394],[7.74467,45.89423],[7.74536,45.89398],[7.74742,45.89144],[7.74833,45.89168],[7.74887,45.89311],[7.74914,45.89337],[7.74948,45.89323],[7.75005,45.89216],[7.74898,45.89096],[7.74891,45.89025]]]}},{"type":"Feature","properties":{"ele":2400,"major":0},"geometry":{"type":"MultiLineString","coordinates":[[[7.4707,46.05305],[7.47517,46.05363],[7.47607,46.05417],[7.47888,46.06108],[7.48081,46.06346],[7.47935,46.06775],[7.47757,46.0691],[7.47634,46.07061],[7.47652,46.07228],[7.47585,46.07278],[7.47441,46.07323]],[[7.55141,46.07323],[7.5531,46.07079],[7.55614,46.0699],[7.55688,46.06939],[7.55723,46.06751],[7.55601,46.06608],[7.55581,46.06513],[7.55682,46.06299],[7.55997,46.06143],[7.56306,46.06102],[7.56409,46.0604],[7.56533,46.05894],[7.56555,46.05703],[7.56423,46.05417],[7.56582,46.04965],[7.56607,46.04631],[7.56893,46.0425],[7.57233,46.03997],[7.57313,46.03892],[7.57374,46.03201],[7.57301,46.03064],[7.56855,46.02993],[7.56683,46.0303],[7.56445,46.03249],[7.56364,46.03368],[7.56328,46.03463],[7.56338,46.03606],[7.56251,46.03773],[7.56134,46.03853],[7.55894,46.03864],[7.55722,46.03808],[7.55494,46.03606],[7.55425,46.03416],[7.55235,46.0313],[7.54864,46.02745],[7.54761,46.02704],[7.5452,46.0274],[7.5428,46.027],[7.54172,46.02844],[7.54187,46.03106],[7.54431,46.03582],[7.54422,46.03845],[7.54568,46.03988],[7.54644,46.04154],[7.54683,46.04607],[7.54656,46.04679],[7.54436,46.04917],[7.54369,46.05084],[7.54183,46.05251],[7.53771,46.05775],[7.53487,46.05918],[7.53316,46.06061],[7.53147,46.06107],[7.52735,46.06146],[7.51841,46.06608],[7.51328,46.0665],[7.51225,46.0661],[7.5119,46.06567],[7.50916,46.06099],[7.50527,46.05846],[7.50209,46.05465],[7.5024,46.05298],[7.50443,46.05108],[7.50428,46.04703],[7.50333,46.04536],[7.50293,46.04345],[7.50057,46.04083],[7.50163,46.03868],[7.50127,46.03702],[7.50148,46.03559],[7.5008,46.03249],[7.49905,46.03106],[7.49922,46.02844],[7.49851,46.0235],[7.49748,46.02194],[7.49257,46.01842],[7.49195,46.01723],[7.49207,46.01509],[7.49332,46.01127],[7.49439,46.00982],[7.49641,46.00841],[7.49735,46.00674],[7.49787,45.99959],[7.49944,45.99768],[7.50042,45.99124],[7.50155,45.98933],[7.50149,45.98861],[7.50092,45.98817],[7.49851,45.98766],[7.49542,45.98858],[7.49439,45.98849],[7.49233,45.98938],[7.49151,45.98933],[7.48868,45.99076],[7.48864,45.99124],[7.48961,45.99243],[7.48967,45.99338],[7.48753,45.99713],[7.48738,45.99839],[7.48684,45.99923],[7.48375,46.00176],[7.48203,46.00425],[7.47757,46.00713],[7.4744,46.0127],[7.47311,46.01325],[7.4707,46.01348]],[[7.63763,46.07323],[7.63661,46.07085],[7.63515,46.06937],[7.63378,46.06876],[7.63138,46.06907],[7.62897,46.07023],[7.62851,46.07085],[7.62807,46.07323]],[[7.79992,46.07323],[7.79957,46.07204],[7.80003,46.07013],[7.8052,46.06656],[7.80667,46.06513],[7.81075,46.06299],[7.81437,46.0617],[7.8154,46.06163],[7.81815,46.0623],[7.81904,46.06204],[7.81913,46.06132],[7.81832,46.05918],[7.81963,46.05584],[7.82435,46.05084],[7.82724,46.04869],[7.83154,46.04328],[7.83296,46.04202],[7.83346,46.04107],[7.83363,46.03916],[7.83503,46.03725],[7.835,46.0363],[7.83394,46.03623],[7.83039,46.03821],[7.82261,46.04452],[7.81802,46.04679],[7.81506,46.04875],[7.81297,46.05036],[7.8113,46.05274],[7.80887,46.05441],[7.80525,46.05513],[7.79858,46.05873],[7.79686,46.05884],[7.79506,46.05822],[7.79385,46.05584],[7.79443,46.05298],[7.79308,46.05014],[7.79203,46.04941],[7.79091,46.04798],[7.78825,46.04607],[7.78725,46.04488],[7.7861,46.0425],[7.78226,46.04011],[7.78087,46.03845],[7.78091,46.0363],[7.77982,46.03463],[7.77928,46.03273],[7.78083,46.02963],[7.78146,46.02557],[7.77985,46.01961],[7.77901,46.01896],[7.77695,46.01815],[7.77653,46.01723],[7.77729,46.01644],[7.77976,46.01604],[7.78142,46.01485],[7.78725,46.01304],[7.79137,46.01264],[7.79691,46.01127],[7.79797,46.01055],[7.79869,46.00912],[7.79995,46.00851],[7.80201,46.0079],[7.80682,46.00773],[7.80835,46.00674],[7.80865,46.00579],[7.8075,46.00522],[7.80373,46.00462],[7.79411,46.00463],[7.78725,46.0032],[7.78175,46.00294],[7.77729,46.00312],[7.77489,46.00262],[7.77248,46.00256],[7.77042,46.00151],[7.76596,46.00264],[7.76459,46.00261],[7.76169,46.00173],[7.76044,45.99863],[7.7593,45.99768],[7.75778,45.99696],[7.74879,45.99462],[7.74399,45.99416],[7.74148,45.99315],[7.74055,45.99235],[7.74017,45.991],[7.74191,45.98837],[7.74169,45.98647],[7.74236,45.98527],[7.74433,45.98402],[7.74782,45.98289],[7.74982,45.98189],[7.75257,45.97793],[7.75429,45.97722],[7.756,45.977],[7.75743,45.97716],[7.75979,45.97621],[7.75907,45.97501],[7.75876,45.97287],[7.75793,45.97191],[7.75762,45.97024],[7.75497,45.97014],[7.75257,45.97054],[7.74948,45.96994],[7.7478,45.97072],[7.74467,45.97412],[7.74261,45.97549],[7.74082,45.9774],[7.74018,45.97931],[7.73858,45.9805],[7.73643,45.98102],[7.73335,45.98029],[7.73094,45.98098],[7.72862,45.98193],[7.72717,45.98386],[7.72511,45.98506],[7.7227,45.98743],[7.71927,45.98874],[7.71618,45.98814],[7.71436,45.98861],[7.71452,45.98933],[7.71721,45.991],[7.71795,45.99386],[7.71584,45.99503],[7.71343,45.99498],[7.71137,45.99566],[7.70897,45.99692],[7.70812,45.99839],[7.70708,45.99887],[7.70519,45.99871],[7.70313,45.9994],[7.69764,45.99926],[7.69481,45.99792],[7.69318,45.99745],[7.68871,45.99694],[7.68562,45.9971],[7.68185,45.99817],[7.66983,45.99772],[7.6664,45.9967],[7.66022,45.99616],[7.65713,45.99619],[7.65433,45.99482],[7.65163,45.99449],[7.64374,45.9955],[7.64186,45.99648],[7.64226,45.99887],[7.64175,46.00006],[7.64258,46.00102],[7.6482,46.00373],[7.6525,46.00483],[7.65311,46.00531],[7.65397,46.00745],[7.65919,46.00897],[7.66204,46.01032],[7.66296,46.01095],[7.66399,46.01244],[7.66468,46.0127],[7.66571,46.01253],[7.66747,46.01127],[7.66867,46.01079],[7.67567,46.00977],[7.67841,46.01007],[7.68391,46.01134],[7.6889,46.01127],[7.69386,46.01228],[7.69936,46.01281],[7.70039,46.01313],[7.70451,46.01291],[7.70966,46.01223],[7.71549,46.01274],[7.71927,46.01219],[7.72133,46.01254],[7.72253,46.01318],[7.72347,46.01437],[7.72433,46.01675],[7.72591,46.01842],[7.72743,46.01914],[7.72854,46.02008],[7.72966,46.02128],[7.72979,46.022],[7.72648,46.02444],[7.72167,46.02667],[7.71875,46.02748],[7.71816,46.02844],[7.71824,46.03],[7.71721,46.0321],[7.71824,46.03244],[7.71961,46.03235],[7.72648,46.03054],[7.72991,46.03002],[7.73266,46.02996],[7.73498,46.02891],[7.73678,46.02851],[7.73712,46.02865],[7.7419,46.0332],[7.74222,46.03416],[7.74134,46.03559],[7.74247,46.03749],[7.74252,46.03988],[7.74399,46.0405],[7.7457,46.04053],[7.74675,46.04083],[7.74742,46.04207],[7.75051,46.04309],[7.75216,46.04417],[7.75291,46.04515],[7.75371,46.04965],[7.75492,46.05155],[7.75509,46.05322],[7.75566,46.05402],[7.75729,46.05513],[7.75823,46.05656],[7.75806,46.058],[7.75568,46.06132],[7.75649,46.06227],[7.7592,46.06394],[7.75975,46.06608],[7.75881,46.06799],[7.75874,46.07061],[7.75806,46.07137],[7.75703,46.0718],[7.7536,46.07221],[7.75085,46.07207],[7.74364,46.07025],[7.73918,46.07104],[7.73678,46.07095],[7.73438,46.07123],[7.73354,46.07156],[7.73297,46.07275],[7.73232,46.07309],[7.73094,46.07308],[7.72888,46.07244],[7.7282,46.07256],[7.72775,46.07323]],[[7.4707,46.02946],[7.47215,46.03344],[7.47207,46.03559],[7.47345,46.03761],[7.47573,46.03845],[7.47596,46.03892],[7.47507,46.04035],[7.47494,46.04178],[7.47316,46.04321],[7.4732,46.04488],[7.47208,46.04537],[7.4707,46.04544]],[[7.90981,45.93817],[7.9081,45.93917],[7.90501,45.94034],[7.90309,45.9416],[7.9023,45.94256],[7.90173,45.94423],[7.89996,45.9459],[7.90103,45.94781],[7.90108,45.94852],[7.8984,45.95091],[7.8974,45.95378],[7.89801,45.95521],[7.89805,45.95688],[7.89933,45.95879],[7.89861,45.96117],[7.89944,45.96308],[7.89762,45.96475],[7.8968,45.96642],[7.89702,45.96833],[7.89774,45.96881],[7.90604,45.96982],[7.90672,45.9701],[7.90981,45.97385]],[[7.4707,45.90395],[7.47276,45.90523],[7.47482,45.90576],[7.4762,45.90568],[7.47826,45.90512],[7.48066,45.90515],[7.48272,45.90469],[7.4865,45.90627],[7.48856,45.90619],[7.49062,45.90544],[7.49199,45.90559],[7.49342,45.90649],[7.49405,45.90841],[7.49577,45.90919],[7.5016,45.91524],[7.50332,45.91621],[7.5041,45.917],[7.50778,45.91807],[7.51271,45.91868],[7.51465,45.9199],[7.51649,45.92226],[7.51618,45.92345],[7.51131,45.9268],[7.50213,45.93133],[7.50099,45.93277],[7.50078,45.93444],[7.50116,45.93515],[7.50263,45.93596],[7.50366,45.93602],[7.50591,45.93539],[7.5101,45.93396],[7.51202,45.93301],[7.51431,45.93253],[7.51945,45.9293],[7.52384,45.92727],[7.52563,45.9258],[7.52735,45.92531],[7.52872,45.92543],[7.52949,45.92584],[7.5307,45.92775],[7.5315,45.92823],[7.53559,45.92931],[7.53799,45.92946],[7.53937,45.93004],[7.53984,45.93086],[7.5379,45.93301],[7.53795,45.93348],[7.53834,45.93366],[7.54589,45.93245],[7.54864,45.93261],[7.5507,45.93314],[7.55189,45.93444],[7.55271,45.94208],[7.55439,45.94948],[7.55653,45.95298],[7.56065,45.9562],[7.56168,45.95653],[7.56306,45.95642],[7.56375,45.95545],[7.56398,45.95378],[7.56171,45.95067],[7.56255,45.94351],[7.56223,45.94088],[7.56037,45.9373],[7.56129,45.93468],[7.5621,45.93348],[7.56123,45.92918],[7.55865,45.92656],[7.55781,45.92513],[7.55413,45.92355],[7.55104,45.92304],[7.54898,45.92213],[7.54765,45.92107],[7.54522,45.91796],[7.54108,45.91663],[7.53959,45.91557],[7.53857,45.91438],[7.53863,45.91342],[7.54286,45.90602],[7.54288,45.90339],[7.54384,45.89957],[7.54355,45.89789],[7.54381,45.89622],[7.54289,45.89407],[7.5423,45.89359],[7.54143,45.89344],[7.53859,45.89407],[7.53808,45.89598],[7.53837,45.89789],[7.53818,45.90124],[7.53734,45.90434],[7.53292,45.90841],[7.53181,45.90902],[7.53078,45.90906],[7.52803,45.90817],[7.52452,45.90554],[7.52186,45.90286],[7.5187,45.90219],[7.51413,45.89909],[7.5119,45.89812],[7.50881,45.89761],[7.50744,45.89686],[7.50675,45.89598],[7.50641,45.89455],[7.50717,45.89168],[7.50814,45.89025]],[[7.59842,45.89025],[7.59868,45.89096],[7.59945,45.89162],[7.60258,45.89311],[7.60307,45.8967],[7.60378,45.89885],[7.6035,45.89933],[7.60117,45.9003],[7.60048,45.90111],[7.59996,45.90267],[7.60034,45.90554],[7.59932,45.90984],[7.60107,45.91247],[7.6015,45.91557],[7.60082,45.91654],[7.59855,45.91796],[7.59733,45.91915],[7.5967,45.92036],[7.59602,45.9207],[7.59602,45.92123],[7.59812,45.92489],[7.60014,45.92651],[7.60185,45.92746],[7.60288,45.9275],[7.6046,45.92706],[7.60575,45.92751],[7.60733,45.93181],[7.60697,45.93396],[7.60948,45.93563],[7.61044,45.93716],[7.61232,45.93874],[7.61405,45.94232],[7.61627,45.944],[7.61936,45.94526],[7.62142,45.9455],[7.62314,45.94657],[7.62554,45.94647],[7.62691,45.94678],[7.62778,45.94733],[7.6283,45.94852],[7.62897,45.94899],[7.63138,45.94961],[7.63584,45.9515],[7.63824,45.95209],[7.64133,45.95234],[7.64545,45.95442],[7.64683,45.95469],[7.64923,45.95358],[7.64987,45.95258],[7.64998,45.95115],[7.64961,45.95043],[7.64786,45.94911],[7.64755,45.94733],[7.6459,45.94518],[7.64586,45.94399],[7.64751,45.94246],[7.64957,45.94219],[7.65011,45.94184],[7.65082,45.94065],[7.65069,45.93921],[7.65138,45.9385],[7.65369,45.93759],[7.65644,45.9374],[7.66176,45.93587],[7.66253,45.93539],[7.66264,45.93468],[7.6622,45.9342],[7.66125,45.93386],[7.65747,45.93444],[7.65593,45.93396],[7.6536,45.92942],[7.65365,45.92751],[7.65303,45.92704],[7.64717,45.92621],[7.64271,45.92651],[7.64168,45.92626],[7.64062,45.9256],[7.63951,45.92441],[7.63672,45.91987],[7.63622,45.91796],[7.63523,45.91677],[7.63508,45.91605],[7.63558,45.91438],[7.63524,45.91247],[7.63307,45.90912],[7.63356,45.90864],[7.6355,45.90821],[7.63859,45.90839],[7.63996,45.90819],[7.6423,45.90673],[7.64348,45.90506],[7.64511,45.90448],[7.64683,45.90299],[7.6482,45.90259],[7.65095,45.9027],[7.65198,45.90243],[7.65253,45.90148],[7.65205,45.89885],[7.65355,45.89742],[7.65541,45.89638],[7.66022,45.89581],[7.66125,45.89495],[7.66177,45.89288],[7.65981,45.89025]],[[7.89711,45.89025],[7.89642,45.89084],[7.89368,45.89211],[7.8924,45.89431],[7.89396,45.89598],[7.89434,45.89765],[7.89627,45.89957],[7.89684,45.90172],[7.8978,45.90257],[7.90089,45.90435],[7.90432,45.90467],[7.908,45.90626],[7.90981,45.90662]],[[7.73744,45.89025],[7.73987,45.89126],[7.74146,45.89264],[7.74261,45.89393],[7.7435,45.89574],[7.74433,45.89636],[7.74605,45.89644],[7.74742,45.89558],[7.74811,45.89581],[7.74914,45.89686],[7.75017,45.89696],[7.75068,45.8967],[7.7512,45.89537],[7.75188,45.89522],[7.75326,45.89563],[7.75635,45.89595],[7.75875,45.8972],[7.76047,45.89719],[7.76115,45.89669],[7.76192,45.89503],[7.76064,45.8924],[7.75978,45.89181],[7.756,45.89133],[7.75527,45.89025]],[[7.577,45.89025],[7.57657,45.89073],[7.57681,45.8912],[7.58016,45.89431],[7.58228,45.89551],[7.58434,45.89587],[7.58778,45.89542],[7.59155,45.89639],[7.59258,45.89606],[7.59356,45.89527],[7.5956,45.89025]],[[7.70393,45.89025],[7.70301,45.89216],[7.70309,45.89311],[7.70401,45.89383],[7.70554,45.89425],[7.70622,45.89402],[7.70682,45.89335],[7.70807,45.89025]],[[7.4973,45.89025],[7.49611,45.89168],[7.49439,45.89206],[7.49268,45.89166],[7.4913,45.89092],[7.48924,45.89065],[7.48821,45.8909],[7.4856,45.89025]],[[7.71923,45.89025],[7.71972,45.89025]]]}},{"type":"Feature","properties":{"ele":2500,"major":1},"geometry":{"type":"MultiLineString","coordinates":[[[7.4707,46.05529],[7.47448,46.05694],[7.47809,46.06275],[7.47834,46.06418],[7.478,46.0668],[7.47402,46.06918],[7.47194,46.07228],[7.4707,46.07317]],[[7.55336,46.07323],[7.55478,46.07133],[7.55756,46.07082],[7.55887,46.0699],[7.55909,46.06751],[7.55754,46.06537],[7.55825,46.06392],[7.55997,46.06296],[7.56477,46.06189],[7.56587,46.06108],[7.56709,46.05941],[7.56735,46.05656],[7.56606,46.05441],[7.56615,46.05161],[7.56777,46.04965],[7.56861,46.0475],[7.57164,46.04227],[7.5737,46.0405],[7.57459,46.03868],[7.57536,46.0313],[7.57449,46.02701],[7.57336,46.02683],[7.56988,46.02748],[7.56631,46.02867],[7.56368,46.03058],[7.56259,46.03296],[7.56193,46.03559],[7.55962,46.03721],[7.55825,46.03738],[7.55722,46.03697],[7.55606,46.03582],[7.55585,46.03361],[7.55462,46.03225],[7.55355,46.03034],[7.55206,46.02939],[7.55034,46.02724],[7.54967,46.02517],[7.54864,46.02345],[7.54726,46.02299],[7.54589,46.02308],[7.54217,46.02462],[7.54001,46.02772],[7.53913,46.02987],[7.53911,46.03106],[7.53943,46.03177],[7.54147,46.03344],[7.54273,46.03559],[7.54227,46.03892],[7.5428,46.03991],[7.54529,46.04178],[7.54582,46.04345],[7.5452,46.04563],[7.54452,46.04645],[7.54247,46.0475],[7.54063,46.04917],[7.54022,46.05274],[7.53525,46.05781],[7.53147,46.05974],[7.52804,46.05957],[7.52666,46.05982],[7.52357,46.0624],[7.52083,46.06342],[7.51911,46.06478],[7.5174,46.06528],[7.51602,46.06532],[7.51396,46.06457],[7.51075,46.06037],[7.50572,46.05724],[7.50462,46.05584],[7.50457,46.05346],[7.50673,46.05179],[7.50703,46.04988],[7.50645,46.04583],[7.50511,46.0444],[7.5045,46.04274],[7.50232,46.04011],[7.50326,46.03797],[7.50318,46.03439],[7.50366,46.03249],[7.50336,46.03201],[7.50118,46.03058],[7.50176,46.02915],[7.50151,46.02534],[7.50014,46.02152],[7.49752,46.01961],[7.49439,46.01832],[7.49338,46.01675],[7.49474,46.01163],[7.49611,46.01019],[7.4984,46.00889],[7.49936,46.00745],[7.49879,46.00579],[7.49862,46.0003],[7.49899,45.99959],[7.50096,45.99792],[7.50081,45.99625],[7.50186,45.99482],[7.50181,45.99291],[7.50215,45.99195],[7.50332,45.99079],[7.50435,45.99039],[7.50641,45.99026],[7.50744,45.98994],[7.50795,45.98957],[7.50783,45.98909],[7.50435,45.9883],[7.50193,45.98694],[7.49851,45.98608],[7.4968,45.98635],[7.49439,45.98725],[7.4937,45.98837],[7.49302,45.98876],[7.48787,45.98942],[7.486,45.99004],[7.48577,45.99052],[7.48787,45.99327],[7.48816,45.9941],[7.48616,45.99839],[7.48529,45.99935],[7.48286,46.00102],[7.48123,46.00364],[7.47791,46.00523],[7.4762,46.00741],[7.47389,46.00865],[7.47276,46.01112],[7.47208,46.01144],[7.4707,46.01147]],[[7.63941,46.07323],[7.63566,46.06775],[7.63604,46.06632],[7.6384,46.06442],[7.63859,46.0635],[7.6379,46.0632],[7.63591,46.06323],[7.63429,46.06204],[7.63455,46.06061],[7.63378,46.06024],[7.63206,46.06067],[7.63069,46.06161],[7.62829,46.06235],[7.62499,46.06466],[7.62438,46.06632],[7.6242,46.06823],[7.62597,46.07323]],[[7.80142,46.07323],[7.80269,46.0699],[7.80516,46.06823],[7.80682,46.06749],[7.80815,46.06585],[7.8111,46.06418],[7.8154,46.06277],[7.81712,46.063],[7.81849,46.06362],[7.82055,46.06398],[7.8223,46.0637],[7.82244,46.06275],[7.81996,46.05941],[7.82009,46.0587],[7.82179,46.05584],[7.82322,46.05441],[7.82501,46.05181],[7.83021,46.04774],[7.83167,46.04583],[7.83415,46.04345],[7.83566,46.04092],[7.83744,46.03892],[7.83874,46.03535],[7.83832,46.03463],[7.83698,46.03368],[7.836,46.0335],[7.83463,46.03391],[7.83016,46.03675],[7.8281,46.03759],[7.82377,46.04226],[7.82192,46.04355],[7.81437,46.04708],[7.81265,46.04854],[7.80991,46.05176],[7.80682,46.05325],[7.80296,46.05417],[7.80187,46.05489],[7.80037,46.05656],[7.79839,46.05775],[7.79755,46.05782],[7.79658,46.05727],[7.79564,46.05584],[7.79567,46.05179],[7.79431,46.04917],[7.7924,46.04733],[7.7903,46.04607],[7.78988,46.04464],[7.78842,46.04274],[7.78443,46.04011],[7.7835,46.03892],[7.78334,46.03582],[7.78214,46.03416],[7.78166,46.03225],[7.78356,46.02844],[7.78452,46.02438],[7.78458,46.02176],[7.78274,46.01795],[7.7845,46.01586],[7.78896,46.0142],[7.79926,46.01228],[7.80235,46.01195],[7.80613,46.01105],[7.80617,46.01079],[7.80469,46.00984],[7.80544,46.00941],[7.81265,46.00896],[7.81471,46.00955],[7.81677,46.00979],[7.81791,46.00936],[7.81876,46.00865],[7.81782,46.00793],[7.81403,46.00669],[7.81267,46.00531],[7.81128,46.00448],[7.80613,46.00304],[7.80476,46.00294],[7.80167,46.0035],[7.79755,46.0028],[7.79377,46.00279],[7.78862,46.00146],[7.78381,46.00089],[7.78072,46.0015],[7.77866,46.00139],[7.7766,46.00086],[7.77642,45.99911],[7.77557,45.99859],[7.77248,45.99897],[7.76699,46.00115],[7.76493,46.0014],[7.76373,46.00078],[7.76303,45.99815],[7.76012,45.99637],[7.75806,45.99572],[7.75498,45.99529],[7.75051,45.99353],[7.74483,45.99267],[7.74377,45.99219],[7.74329,45.99148],[7.74336,45.98909],[7.74394,45.98718],[7.74313,45.98623],[7.74321,45.98575],[7.75031,45.98241],[7.75291,45.97948],[7.75429,45.97867],[7.75703,45.97808],[7.75841,45.97824],[7.76115,45.97797],[7.76459,45.97831],[7.76871,45.97773],[7.77145,45.97766],[7.77866,45.97652],[7.78336,45.97549],[7.78244,45.9745],[7.78021,45.97334],[7.78023,45.97239],[7.77969,45.97213],[7.77866,45.97219],[7.77845,45.97191],[7.78141,45.97082],[7.78033,45.96881],[7.78197,45.96595],[7.784,45.96475],[7.78347,45.96437],[7.78175,45.96413],[7.77901,45.96239],[7.77729,45.96226],[7.77523,45.96347],[7.77386,45.96333],[7.77248,45.96272],[7.77145,45.96275],[7.76905,45.96495],[7.76836,45.96466],[7.76733,45.96346],[7.76665,45.96339],[7.76459,45.96433],[7.7615,45.96494],[7.75851,45.96714],[7.75326,45.96889],[7.75209,45.96881],[7.74964,45.96786],[7.74863,45.96714],[7.74778,45.96595],[7.74708,45.96583],[7.74639,45.96702],[7.74487,45.96762],[7.7453,45.97072],[7.74396,45.97334],[7.74085,45.97525],[7.73971,45.97645],[7.73849,45.97886],[7.73712,45.98007],[7.73609,45.98029],[7.73472,45.9798],[7.73335,45.97973],[7.72888,45.98097],[7.72582,45.98337],[7.72398,45.98432],[7.72236,45.98605],[7.72064,45.98674],[7.71927,45.9867],[7.71618,45.98562],[7.71034,45.98596],[7.7076,45.98584],[7.70591,45.98623],[7.70585,45.98718],[7.70674,45.98837],[7.70828,45.98917],[7.71298,45.99052],[7.71406,45.99171],[7.71378,45.992],[7.71188,45.99243],[7.70946,45.99386],[7.70451,45.99495],[7.70313,45.99562],[7.69867,45.9953],[7.69627,45.99583],[7.69421,45.99583],[7.69043,45.99552],[7.68665,45.99476],[7.68322,45.99533],[7.67876,45.99531],[7.67086,45.99592],[7.66159,45.99504],[7.65335,45.99316],[7.65026,45.99321],[7.64889,45.99381],[7.64751,45.99403],[7.63515,45.99308],[7.63344,45.99335],[7.63265,45.9941],[7.63271,45.99553],[7.63024,45.99672],[7.63089,45.99911],[7.6355,46.00129],[7.64133,46.00303],[7.64305,46.00433],[7.6439,46.00602],[7.64614,46.00807],[7.65129,46.00922],[7.65585,46.0096],[7.65987,46.01072],[7.66109,46.01151],[7.6629,46.01437],[7.66434,46.01555],[7.66537,46.01599],[7.6664,46.01599],[7.66743,46.01553],[7.66919,46.01294],[7.67038,46.01199],[7.67275,46.01175],[7.67464,46.01104],[7.67601,46.01085],[7.6791,46.01087],[7.68594,46.0127],[7.69077,46.01278],[7.69318,46.0134],[7.69592,46.01336],[7.69833,46.014],[7.70073,46.01399],[7.71,46.01301],[7.71412,46.01327],[7.71584,46.01366],[7.71996,46.01306],[7.72115,46.01365],[7.72178,46.01485],[7.72167,46.01691],[7.72423,46.01938],[7.72717,46.02114],[7.72757,46.022],[7.72579,46.02337],[7.72328,46.02414],[7.72105,46.02557],[7.7179,46.02635],[7.71308,46.02867],[7.71273,46.02915],[7.71353,46.0313],[7.71332,46.03392],[7.7144,46.03606],[7.71589,46.03725],[7.71721,46.0375],[7.71861,46.03654],[7.72099,46.03346],[7.72888,46.03132],[7.73575,46.03076],[7.73884,46.03215],[7.74039,46.03416],[7.74014,46.03654],[7.74123,46.03845],[7.7405,46.03988],[7.74057,46.04059],[7.7433,46.04172],[7.7457,46.04189],[7.74776,46.04379],[7.74948,46.04405],[7.75051,46.04455],[7.75149,46.04655],[7.75278,46.04798],[7.75274,46.04893],[7.75381,46.05155],[7.75403,46.05346],[7.75691,46.05679],[7.75419,46.06061],[7.7541,46.06156],[7.756,46.06346],[7.75724,46.06418],[7.75765,46.06537],[7.75716,46.06823],[7.75641,46.0699],[7.75566,46.07036],[7.75223,46.07061],[7.74982,46.07028],[7.74651,46.06942],[7.74399,46.06834],[7.74296,46.06827],[7.73918,46.06955],[7.73438,46.06978],[7.73163,46.07024],[7.73026,46.07076],[7.7282,46.0709],[7.72545,46.07197],[7.72445,46.07323]],[[7.4707,46.04356],[7.47101,46.04417],[7.4707,46.04449]],[[7.4707,46.03958],[7.47134,46.04011],[7.4707,46.04052]],[[7.90981,45.9371],[7.90775,45.93832],[7.90501,45.93847],[7.90331,45.93921],[7.89844,45.94303],[7.89865,45.94566],[7.90017,45.94805],[7.89848,45.94935],[7.89711,45.94938],[7.89635,45.94972],[7.89477,45.95258],[7.89486,45.9533],[7.89619,45.95521],[7.89495,45.95688],[7.89572,45.95855],[7.89595,45.96141],[7.89652,45.96308],[7.89462,45.96642],[7.89433,45.96786],[7.89466,45.96905],[7.89539,45.96956],[7.90556,45.97072],[7.90655,45.97167],[7.90707,45.97407],[7.90981,45.97681]],[[7.4707,45.90571],[7.47173,45.90672],[7.47345,45.90739],[7.47585,45.90717],[7.4786,45.90617],[7.48135,45.90658],[7.48547,45.90776],[7.48856,45.90782],[7.49027,45.90735],[7.4913,45.90742],[7.49233,45.90802],[7.49407,45.91056],[7.49642,45.91199],[7.49806,45.91414],[7.49979,45.91533],[7.5021,45.91772],[7.50435,45.91864],[7.51122,45.91934],[7.51328,45.92001],[7.51429,45.92083],[7.51492,45.92274],[7.51435,45.92369],[7.51225,45.92471],[7.50997,45.92656],[7.50744,45.92779],[7.50229,45.9295],[7.49989,45.93103],[7.49819,45.93348],[7.49851,45.93559],[7.49758,45.93754],[7.49474,45.93815],[7.49363,45.93897],[7.49371,45.94052],[7.49542,45.94209],[7.49611,45.94189],[7.49913,45.93969],[7.50241,45.93874],[7.50699,45.93563],[7.50847,45.93509],[7.5119,45.93472],[7.51465,45.93335],[7.5167,45.93157],[7.52014,45.92962],[7.52289,45.92853],[7.52666,45.92637],[7.52804,45.92617],[7.52904,45.9268],[7.52977,45.92823],[7.53044,45.92871],[7.53456,45.92992],[7.53628,45.93016],[7.53715,45.93062],[7.53706,45.93157],[7.53522,45.93324],[7.53492,45.93515],[7.53554,45.93587],[7.53834,45.93559],[7.54211,45.93406],[7.54452,45.93351],[7.54761,45.93343],[7.54934,45.93396],[7.55047,45.93563],[7.5513,45.93921],[7.5513,45.94327],[7.55225,45.9459],[7.55277,45.94972],[7.55469,45.9533],[7.55894,45.95912],[7.55962,45.95934],[7.56203,45.95844],[7.56409,45.95824],[7.5652,45.95736],[7.56592,45.95449],[7.5651,45.95258],[7.56318,45.95067],[7.56315,45.94852],[7.564,45.94256],[7.56198,45.9373],[7.56522,45.93277],[7.56589,45.93086],[7.56443,45.92982],[7.5634,45.92812],[7.56151,45.92656],[7.56184,45.92393],[7.56148,45.92298],[7.56054,45.92202],[7.55791,45.92099],[7.55276,45.92169],[7.54962,45.92107],[7.54786,45.91963],[7.5465,45.917],[7.5428,45.91633],[7.54143,45.91557],[7.54083,45.91486],[7.54073,45.91342],[7.54182,45.90912],[7.54371,45.90649],[7.54499,45.90219],[7.54504,45.90004],[7.54582,45.89694],[7.54607,45.89288],[7.54572,45.89192],[7.54486,45.89119],[7.54314,45.89122],[7.54246,45.8909],[7.53937,45.89266],[7.53662,45.8926],[7.53559,45.89306],[7.53537,45.89407],[7.53642,45.89574],[7.53705,45.89933],[7.53703,45.90124],[7.53635,45.90387],[7.53284,45.90725],[7.53181,45.90795],[7.53113,45.90802],[7.5286,45.90721],[7.52448,45.90363],[7.52434,45.90291],[7.52515,45.90148],[7.52472,45.90076],[7.52357,45.90059],[7.52151,45.90146],[7.52014,45.90134],[7.51957,45.90076],[7.51983,45.89909],[7.51868,45.89789],[7.51637,45.89699],[7.51225,45.89636],[7.51081,45.89527],[7.50856,45.89431],[7.50869,45.89359],[7.51094,45.89168],[7.51193,45.89025]],[[7.56989,45.89025],[7.56992,45.89084],[7.57061,45.89142],[7.57471,45.89216],[7.57563,45.89264],[7.57447,45.89598],[7.57507,45.89686],[7.57645,45.8968],[7.57851,45.89571],[7.57954,45.8957],[7.5816,45.89657],[7.58366,45.89705],[7.58743,45.89705],[7.58984,45.89871],[7.59155,45.89925],[7.59293,45.89908],[7.59464,45.89787],[7.59722,45.89311],[7.59842,45.89295],[7.60023,45.89359],[7.60057,45.89407],[7.60058,45.8955],[7.60182,45.89813],[7.60121,45.89885],[7.59915,45.90004],[7.59867,45.90076],[7.59764,45.90984],[7.59948,45.91294],[7.59983,45.91509],[7.59901,45.91653],[7.59564,45.91844],[7.59498,45.91939],[7.59567,45.92264],[7.59739,45.92563],[7.59983,45.92871],[7.60117,45.92992],[7.60357,45.92931],[7.60437,45.92966],[7.60529,45.93157],[7.60359,45.93324],[7.60391,45.93468],[7.60477,45.93563],[7.60696,45.93683],[7.60783,45.93826],[7.61181,45.94088],[7.61559,45.94572],[7.6184,45.94733],[7.61863,45.94781],[7.61833,45.94948],[7.61861,45.95115],[7.61902,45.95147],[7.62177,45.95119],[7.62383,45.95311],[7.62486,45.95338],[7.62657,45.95286],[7.62863,45.95163],[7.62966,45.95155],[7.63138,45.95215],[7.63423,45.95497],[7.6355,45.95554],[7.63701,45.95545],[7.63893,45.95378],[7.6403,45.95355],[7.64271,45.95402],[7.64614,45.95555],[7.6482,45.95597],[7.65026,45.95551],[7.65214,45.95401],[7.65329,45.95234],[7.65371,45.95019],[7.65329,45.94566],[7.65434,45.94375],[7.65337,45.94232],[7.65333,45.94065],[7.65621,45.93945],[7.65884,45.93759],[7.66228,45.93659],[7.66428,45.93563],[7.66481,45.93444],[7.66635,45.93372],[7.66743,45.93283],[7.66747,45.9311],[7.66883,45.92942],[7.66919,45.92847],[7.66811,45.92716],[7.66571,45.92534],[7.66365,45.92472],[7.66228,45.92505],[7.66158,45.92584],[7.66117,45.92727],[7.66159,45.92917],[7.66323,45.9311],[7.66316,45.93157],[7.66255,45.93205],[7.66262,45.9326],[7.66025,45.93205],[7.659,45.9299],[7.65876,45.92847],[7.65926,45.92632],[7.6585,45.92456],[7.65468,45.92489],[7.65232,45.92375],[7.65026,45.92397],[7.64854,45.92336],[7.64654,45.92441],[7.64331,45.92489],[7.64285,45.92441],[7.644,45.92298],[7.644,45.9225],[7.63962,45.92075],[7.63871,45.91963],[7.63853,45.91629],[7.63885,45.91342],[7.63856,45.91223],[7.63893,45.91195],[7.64099,45.91163],[7.64229,45.90912],[7.64374,45.90778],[7.64477,45.90725],[7.6458,45.90731],[7.64786,45.90836],[7.64889,45.90857],[7.65232,45.9081],[7.65816,45.9087],[7.65902,45.90841],[7.65949,45.90769],[7.65939,45.9053],[7.65664,45.90267],[7.65505,45.90028],[7.65508,45.89933],[7.6561,45.89851],[7.65953,45.89868],[7.66193,45.89801],[7.66296,45.8975],[7.66434,45.8961],[7.66598,45.89503],[7.66654,45.89431],[7.66564,45.89264],[7.66617,45.89025]],[[7.66434,45.93409],[7.66434,45.93386],[7.66434,45.93409]],[[7.66365,45.93326],[7.66331,45.93298],[7.66365,45.93326]],[[7.8949,45.89025],[7.89122,45.89144],[7.88984,45.89383],[7.89023,45.89479],[7.893,45.8967],[7.89299,45.89759],[7.89227,45.89861],[7.89292,45.8998],[7.89307,45.90196],[7.89505,45.90379],[7.89745,45.90443],[7.90089,45.90637],[7.90432,45.90628],[7.90626,45.90721],[7.90981,45.90782]],[[7.73488,45.89025],[7.73712,45.89151],[7.73952,45.89195],[7.7409,45.89297],[7.74276,45.89598],[7.74502,45.89841],[7.74708,45.8988],[7.74845,45.89848],[7.75183,45.89909],[7.75257,45.89858],[7.75326,45.89749],[7.75463,45.89747],[7.75738,45.89829],[7.75868,45.89909],[7.75978,45.90027],[7.76047,45.9005],[7.76356,45.89832],[7.76495,45.89574],[7.76441,45.89311],[7.76184,45.89097],[7.76052,45.89025]],[[7.69263,45.89025],[7.69174,45.8924],[7.69192,45.89335],[7.69318,45.8932],[7.69592,45.89168],[7.6991,45.89144],[7.69876,45.89288],[7.70324,45.8967],[7.70485,45.8975],[7.7078,45.8967],[7.70936,45.89574],[7.70948,45.89311],[7.70997,45.89144],[7.71102,45.89025]],[[7.71548,45.89025],[7.7174,45.8924],[7.71789,45.89407],[7.71858,45.89432],[7.7203,45.89383],[7.7226,45.89216],[7.72361,45.89025]],[[7.81332,45.89025],[7.8154,45.8921],[7.81677,45.89259],[7.81849,45.89134],[7.82089,45.89101],[7.82115,45.89025]],[[7.4949,45.89025],[7.49336,45.89077],[7.49129,45.89025]]]}},{"type":"Feature","properties":{"ele":2600,"major":0},"geometry":{"type":"MultiLineString","coordinates":[[[7.5559,46.07323],[7.56031,46.07102],[7.56138,46.0699],[7.5615,46.06847],[7.5595,46.06561],[7.55953,46.06489],[7.56065,46.0645],[7.56477,46.06388],[7.56855,46.06077],[7.5692,46.05989],[7.56889,46.05799],[7.56959,46.05656],[7.56913,46.0556],[7.56757,46.05393],[7.56751,46.05251],[7.57139,46.04988],[7.57178,46.04798],[7.57396,46.0456],[7.57486,46.0425],[7.57636,46.04059],[7.57756,46.03773],[7.57698,46.03416],[7.57732,46.03058],[7.57663,46.02796],[7.57671,46.02629],[7.57645,46.02506],[7.57542,46.02384],[7.57473,46.02344],[7.5737,46.02331],[7.5713,46.02363],[7.56889,46.0245],[7.56649,46.02386],[7.56374,46.02522],[7.56296,46.02629],[7.56197,46.02915],[7.56181,46.0313],[7.5612,46.0332],[7.55911,46.03606],[7.55825,46.0363],[7.55754,46.03606],[7.55688,46.03511],[7.55773,46.03368],[7.55767,46.0332],[7.5556,46.03153],[7.55516,46.03016],[7.55391,46.02867],[7.5529,46.0251],[7.55048,46.02248],[7.54829,46.02172],[7.54486,46.02185],[7.54108,46.02367],[7.53861,46.02581],[7.53793,46.02796],[7.53676,46.02891],[7.53656,46.02963],[7.53834,46.03258],[7.53975,46.03344],[7.54103,46.03511],[7.54125,46.0363],[7.54043,46.03988],[7.54194,46.04178],[7.54417,46.04313],[7.54433,46.04393],[7.54398,46.04488],[7.5399,46.04703],[7.53862,46.04965],[7.53905,46.05203],[7.53739,46.05346],[7.53422,46.05733],[7.53319,46.05794],[7.53181,46.0582],[7.52941,46.05713],[7.52872,46.0571],[7.52537,46.05918],[7.52251,46.0618],[7.52048,46.06253],[7.51842,46.0641],[7.51705,46.06425],[7.51499,46.06349],[7.51213,46.05989],[7.50916,46.05819],[7.506,46.0556],[7.50596,46.05465],[7.50636,46.05393],[7.50886,46.05251],[7.50899,46.05012],[7.5103,46.0475],[7.51013,46.04679],[7.50899,46.04536],[7.50693,46.04369],[7.50664,46.04202],[7.50573,46.04107],[7.50483,46.03916],[7.50532,46.03535],[7.50688,46.03273],[7.50702,46.03177],[7.50484,46.02939],[7.50344,46.02391],[7.5034,46.022],[7.50299,46.02128],[7.50195,46.01993],[7.50075,46.01914],[7.49637,46.01771],[7.49542,46.01652],[7.49511,46.01532],[7.4971,46.01127],[7.50009,46.01008],[7.50151,46.00769],[7.50135,46.00698],[7.5001,46.00555],[7.49945,46.00078],[7.50004,45.99982],[7.50289,45.99863],[7.50233,45.99744],[7.50246,45.99672],[7.5063,45.99505],[7.51053,45.99227],[7.51637,45.99107],[7.52021,45.98933],[7.52271,45.98718],[7.5221,45.98527],[7.52151,45.98485],[7.52083,45.9848],[7.51637,45.98681],[7.51156,45.98782],[7.50538,45.98729],[7.49954,45.98518],[7.49645,45.98482],[7.49508,45.98512],[7.49393,45.98575],[7.49315,45.98694],[7.49334,45.9879],[7.49302,45.98838],[7.48993,45.98862],[7.48753,45.98814],[7.48547,45.98888],[7.48375,45.98917],[7.4833,45.98957],[7.48336,45.99004],[7.48608,45.99243],[7.48723,45.99386],[7.48721,45.99458],[7.48605,45.99648],[7.48478,45.99749],[7.4837,45.99935],[7.48178,46.0003],[7.48032,46.00144],[7.47904,46.0034],[7.47532,46.00483],[7.47413,46.0065],[7.4707,46.00763]],[[7.64101,46.07323],[7.63791,46.06918],[7.63811,46.06751],[7.6402,46.06561],[7.64123,46.0637],[7.64573,46.05941],[7.64546,46.05894],[7.64403,46.05822],[7.64271,46.05652],[7.63996,46.05636],[7.6379,46.05701],[7.63447,46.05745],[7.63124,46.05918],[7.62966,46.06046],[7.62472,46.0618],[7.6228,46.06314],[7.62225,46.06418],[7.62287,46.06561],[7.62279,46.06823],[7.62373,46.0718],[7.62306,46.07323]],[[7.8031,46.07323],[7.80483,46.07037],[7.80647,46.06905],[7.80888,46.06809],[7.80954,46.06728],[7.80985,46.06608],[7.81223,46.06466],[7.81643,46.06359],[7.82158,46.06528],[7.8233,46.06554],[7.82467,46.06522],[7.82596,46.06442],[7.82607,46.06323],[7.82398,46.061],[7.82227,46.05969],[7.82215,46.0587],[7.82587,46.0537],[7.82869,46.05084],[7.83177,46.04845],[7.83361,46.04583],[7.83544,46.0444],[7.83679,46.04178],[7.8391,46.04035],[7.83928,46.03702],[7.84109,46.03511],[7.84129,46.03416],[7.83838,46.03273],[7.83737,46.03114],[7.83634,46.03113],[7.83454,46.03273],[7.82985,46.03559],[7.82673,46.03657],[7.82467,46.04],[7.82261,46.04205],[7.82124,46.04274],[7.81746,46.04386],[7.81497,46.04417],[7.81162,46.04583],[7.81067,46.04893],[7.80991,46.05021],[7.80792,46.05084],[7.80535,46.05227],[7.80167,46.05327],[7.80064,46.05401],[7.79926,46.05588],[7.79823,46.0561],[7.79755,46.05571],[7.79738,46.05346],[7.79583,46.0481],[7.78931,46.04194],[7.78637,46.03964],[7.78612,46.03868],[7.78696,46.03654],[7.78601,46.03487],[7.7845,46.03397],[7.78414,46.03344],[7.78722,46.02152],[7.78898,46.0189],[7.78876,46.01675],[7.78946,46.01628],[7.79274,46.01564],[7.80064,46.015],[7.80783,46.01389],[7.80929,46.01342],[7.81334,46.01126],[7.81471,46.01132],[7.81918,46.01236],[7.82239,46.01222],[7.82312,46.01175],[7.82325,46.01055],[7.82487,46.00841],[7.82346,46.00745],[7.81986,46.00647],[7.81931,46.00602],[7.81986,46.00558],[7.82194,46.00531],[7.82232,46.00507],[7.82223,46.00459],[7.81918,46.00317],[7.81828,46.00197],[7.81677,46.00141],[7.81128,46.00154],[7.80441,46.00106],[7.79652,46.00125],[7.79034,45.99993],[7.78297,45.99935],[7.78107,45.99817],[7.77937,45.99648],[7.77798,45.99603],[7.77523,45.99704],[7.7718,45.99768],[7.76768,45.99978],[7.7663,45.99988],[7.76548,45.99935],[7.7648,45.99768],[7.76047,45.99478],[7.75738,45.99345],[7.75484,45.99124],[7.75223,45.99077],[7.75001,45.99004],[7.74658,45.98766],[7.74647,45.98718],[7.74861,45.98527],[7.74917,45.98384],[7.75125,45.98265],[7.75371,45.98026],[7.75497,45.97961],[7.75703,45.97908],[7.76562,45.97949],[7.78381,45.97746],[7.7924,45.97765],[7.79789,45.97647],[7.80304,45.97601],[7.80405,45.97525],[7.80413,45.97406],[7.80451,45.97358],[7.80922,45.97244],[7.81029,45.97167],[7.81052,45.97072],[7.8094,45.96929],[7.80924,45.96857],[7.81296,45.96595],[7.81417,45.96404],[7.81574,45.96305],[7.81661,45.96189],[7.81592,45.96141],[7.81506,45.96141],[7.81231,45.96283],[7.80991,45.96165],[7.80819,45.96007],[7.80716,45.95973],[7.80029,45.96144],[7.79755,45.96108],[7.79652,45.96119],[7.79604,45.96094],[7.79583,45.95982],[7.7948,45.95953],[7.79205,45.96013],[7.79112,45.96094],[7.78999,45.96137],[7.78622,45.96204],[7.78347,45.96204],[7.78172,45.96165],[7.77866,45.95947],[7.77489,45.95878],[7.7718,45.95978],[7.76974,45.96013],[7.76768,45.9603],[7.76493,45.96006],[7.76356,45.96131],[7.7615,45.96183],[7.76081,45.96225],[7.75909,45.9646],[7.75635,45.96589],[7.75497,45.96624],[7.75223,45.96575],[7.75137,45.96475],[7.75155,45.96404],[7.7512,45.96379],[7.75111,45.96452],[7.75051,45.9647],[7.74879,45.96431],[7.74642,45.96261],[7.74536,45.96218],[7.74467,45.96212],[7.74332,45.96261],[7.74279,45.96308],[7.74319,45.96475],[7.7409,45.96571],[7.7406,45.96619],[7.74314,45.96929],[7.74366,45.97096],[7.74327,45.97311],[7.73867,45.97573],[7.73746,45.97813],[7.73609,45.97916],[7.73335,45.97905],[7.72923,45.97999],[7.72682,45.98002],[7.72554,45.9817],[7.72339,45.98238],[7.72202,45.98332],[7.7203,45.98377],[7.7179,45.98371],[7.71481,45.98319],[7.70794,45.98383],[7.70657,45.98352],[7.70416,45.98225],[7.69936,45.98164],[7.69776,45.98193],[7.69685,45.98265],[7.69692,45.98337],[7.6997,45.98417],[7.70245,45.98567],[7.70492,45.98909],[7.70476,45.99052],[7.70004,45.99314],[7.69421,45.99406],[7.68597,45.99297],[7.68288,45.99378],[7.67464,45.99396],[7.6712,45.9946],[7.66228,45.99402],[7.65813,45.99315],[7.65404,45.99274],[7.65026,45.99273],[7.64614,45.9932],[7.63721,45.99237],[7.63309,45.99097],[7.63103,45.98933],[7.62657,45.98842],[7.62452,45.98861],[7.62423,45.99004],[7.6233,45.991],[7.6202,45.99291],[7.62172,45.99553],[7.61983,45.99863],[7.61965,45.99935],[7.61999,45.99982],[7.62245,46.00024],[7.62383,46.00097],[7.62691,46.00054],[7.62863,46.00068],[7.63206,46.00205],[7.6403,46.00407],[7.64162,46.00483],[7.64363,46.00841],[7.64545,46.00984],[7.6506,46.01021],[7.66022,46.01241],[7.66186,46.01556],[7.66502,46.01826],[7.66846,46.01734],[7.67033,46.01532],[7.67393,46.01318],[7.67601,46.01239],[7.679,46.01175],[7.68185,46.01201],[7.68631,46.01371],[7.68974,46.01378],[7.69249,46.01481],[7.69524,46.01462],[7.6973,46.01545],[7.70897,46.01407],[7.71034,46.01371],[7.71309,46.01435],[7.71584,46.01466],[7.71824,46.01445],[7.71927,46.01485],[7.7194,46.01532],[7.7187,46.01675],[7.71886,46.01723],[7.72084,46.01866],[7.7223,46.02057],[7.72408,46.02141],[7.72415,46.02176],[7.72339,46.02249],[7.72064,46.0233],[7.71928,46.02438],[7.71618,46.02477],[7.71034,46.02867],[7.71042,46.03058],[7.70993,46.03177],[7.71011,46.03392],[7.70966,46.03444],[7.70794,46.03458],[7.7074,46.03511],[7.70897,46.037],[7.71171,46.03845],[7.71151,46.03892],[7.70991,46.03988],[7.71001,46.04035],[7.71206,46.04197],[7.71343,46.04186],[7.71914,46.03892],[7.72319,46.03463],[7.72529,46.03368],[7.72991,46.03229],[7.73335,46.0318],[7.73746,46.03342],[7.73897,46.03463],[7.7384,46.03678],[7.73908,46.03821],[7.73865,46.03964],[7.73973,46.04178],[7.74227,46.04287],[7.74399,46.04325],[7.74639,46.0449],[7.74903,46.0456],[7.74977,46.04679],[7.7512,46.04798],[7.75157,46.04965],[7.75257,46.05139],[7.75291,46.05441],[7.75536,46.05679],[7.75429,46.05866],[7.75232,46.05989],[7.75223,46.06121],[7.75394,46.06381],[7.75533,46.06466],[7.75579,46.06537],[7.75555,46.06775],[7.75394,46.06909],[7.75051,46.06886],[7.74776,46.06794],[7.7457,46.06629],[7.7433,46.06606],[7.74227,46.06633],[7.73849,46.0683],[7.73403,46.0684],[7.73026,46.06917],[7.72785,46.06937],[7.72339,46.07054],[7.72195,46.07133],[7.72033,46.07323]],[[7.4707,46.0577],[7.4719,46.05894],[7.47517,46.06093],[7.47579,46.06204],[7.47622,46.06466],[7.4758,46.06656],[7.47276,46.06813],[7.4707,46.06967]],[[7.50435,45.99345],[7.50435,45.99312],[7.50483,45.99338],[7.50435,45.99345]],[[7.90981,45.93608],[7.90886,45.93683],[7.90741,45.93739],[7.90363,45.93741],[7.89917,45.94037],[7.89677,45.94126],[7.89618,45.94184],[7.8963,45.94447],[7.89814,45.94627],[7.89882,45.94757],[7.89814,45.94812],[7.89642,45.94799],[7.89459,45.94876],[7.89379,45.94972],[7.89338,45.95091],[7.89342,45.95234],[7.89443,45.95497],[7.89282,45.95926],[7.89464,45.96213],[7.89475,45.96284],[7.89222,45.96786],[7.89299,45.96998],[7.89436,45.97057],[7.90329,45.97129],[7.90501,45.97182],[7.90604,45.97542],[7.90981,45.97945]],[[7.4707,45.90917],[7.47173,45.9097],[7.47414,45.90972],[7.47826,45.90827],[7.47963,45.90851],[7.48169,45.90828],[7.48581,45.90912],[7.48821,45.91031],[7.49096,45.9104],[7.49199,45.91098],[7.49302,45.9124],[7.49508,45.91281],[7.49573,45.91318],[7.49783,45.91641],[7.50126,45.91906],[7.50229,45.91943],[7.5095,45.92027],[7.5112,45.92083],[7.51217,45.92154],[7.51246,45.92321],[7.51014,45.92536],[7.50744,45.92619],[7.50605,45.92704],[7.50332,45.92782],[7.50092,45.92929],[7.49893,45.9299],[7.49782,45.93181],[7.49475,45.93396],[7.49415,45.93635],[7.49233,45.93739],[7.49118,45.9385],[7.49077,45.93945],[7.49099,45.94136],[7.49246,45.94375],[7.49367,45.94494],[7.49474,45.94546],[7.49611,45.94564],[7.49715,45.94518],[7.4975,45.9447],[7.49776,45.94232],[7.49954,45.94061],[7.50401,45.93902],[7.50813,45.93604],[7.51225,45.93551],[7.51585,45.93348],[7.51722,45.93205],[7.51877,45.93106],[7.52048,45.93011],[7.52254,45.92977],[7.52495,45.928],[7.52632,45.92745],[7.52804,45.92759],[7.52872,45.92882],[7.52975,45.92949],[7.53548,45.9311],[7.53284,45.93449],[7.53269,45.93659],[7.53319,45.93736],[7.53456,45.93751],[7.53662,45.93715],[7.54314,45.93454],[7.54658,45.93424],[7.54829,45.93474],[7.54947,45.93611],[7.55015,45.93921],[7.54967,45.94351],[7.55119,45.94566],[7.55143,45.94852],[7.55265,45.95234],[7.55526,45.95831],[7.55555,45.95998],[7.55656,45.96141],[7.55701,45.96619],[7.5577,45.9669],[7.55928,45.967],[7.56031,45.96638],[7.561,45.96459],[7.56252,45.96332],[7.56294,45.95998],[7.5658,45.95876],[7.56759,45.95616],[7.56755,45.95401],[7.56518,45.95115],[7.56451,45.94876],[7.56512,45.94442],[7.56675,45.94279],[7.56681,45.94232],[7.56421,45.93993],[7.56368,45.93897],[7.56448,45.93683],[7.56601,45.93468],[7.56924,45.93234],[7.56968,45.93133],[7.5692,45.93062],[7.56666,45.92871],[7.5654,45.92704],[7.56553,45.92465],[7.56276,45.92178],[7.56162,45.91915],[7.56031,45.91878],[7.55859,45.91869],[7.55653,45.91915],[7.55482,45.9201],[7.55173,45.9198],[7.54915,45.91868],[7.54895,45.91677],[7.54807,45.91557],[7.54383,45.91481],[7.54268,45.9139],[7.54231,45.91247],[7.54239,45.91079],[7.54311,45.90912],[7.54521,45.90673],[7.54541,45.9053],[7.54663,45.90291],[7.54638,45.90004],[7.54756,45.89813],[7.54727,45.89646],[7.54772,45.89264],[7.54665,45.89025]],[[7.56845,45.89025],[7.56992,45.89262],[7.57272,45.89383],[7.57096,45.89574],[7.57054,45.89718],[7.57146,45.89885],[7.57404,45.90023],[7.57503,45.89909],[7.57597,45.89861],[7.58057,45.89757],[7.5864,45.89822],[7.58812,45.89893],[7.59124,45.901],[7.59361,45.90104],[7.59567,45.8997],[7.59721,45.89622],[7.59773,45.89563],[7.59842,45.89552],[7.60002,45.89765],[7.59998,45.89813],[7.5967,45.90073],[7.59598,45.90219],[7.59714,45.90482],[7.59652,45.90864],[7.59676,45.91032],[7.59857,45.91318],[7.59884,45.91509],[7.59808,45.91597],[7.59567,45.91626],[7.5943,45.91704],[7.59361,45.91772],[7.59347,45.91844],[7.59409,45.91987],[7.59499,45.92078],[7.59505,45.92226],[7.59577,45.92441],[7.5967,45.9256],[7.5967,45.92724],[7.59883,45.9311],[7.60102,45.93301],[7.60171,45.93563],[7.60288,45.9369],[7.6046,45.93778],[7.60619,45.93945],[7.61078,45.94149],[7.61371,45.94423],[7.61511,45.94876],[7.61543,45.95187],[7.6173,45.9541],[7.62348,45.95519],[7.6252,45.95487],[7.62794,45.95367],[7.62897,45.95358],[7.63025,45.95425],[7.63138,45.95573],[7.63481,45.957],[7.63687,45.95746],[7.6386,45.95712],[7.64168,45.95556],[7.64408,45.95578],[7.64717,45.95662],[7.65026,45.95702],[7.65266,45.95646],[7.65541,45.95624],[7.65644,45.9558],[7.65899,45.95378],[7.65752,45.95091],[7.6585,45.94758],[7.6616,45.94614],[7.66378,45.94447],[7.66561,45.94232],[7.66537,45.94167],[7.66331,45.9405],[7.66347,45.93802],[7.66405,45.93754],[7.66502,45.93732],[7.67097,45.93683],[7.67041,45.93539],[7.673,45.93181],[7.67294,45.92847],[7.67219,45.92751],[7.66785,45.92489],[7.6656,45.92274],[7.66434,45.92239],[7.65953,45.92233],[7.65743,45.92274],[7.6561,45.92271],[7.65163,45.92113],[7.64683,45.92158],[7.64144,45.91939],[7.64177,45.91748],[7.641,45.91557],[7.64143,45.91486],[7.64445,45.91414],[7.64433,45.91032],[7.64477,45.90971],[7.64545,45.90943],[7.64889,45.90976],[7.65266,45.90951],[7.65678,45.91065],[7.66193,45.91057],[7.66368,45.90984],[7.6645,45.90864],[7.66439,45.90721],[7.66479,45.9053],[7.66399,45.90463],[7.66159,45.90391],[7.65934,45.90267],[7.65876,45.90219],[7.65838,45.90076],[7.65884,45.90041],[7.66056,45.90018],[7.66674,45.90095],[7.66777,45.90066],[7.66923,45.89861],[7.6685,45.89646],[7.67027,45.89335],[7.66977,45.89025]],[[7.8916,45.89025],[7.8899,45.89042],[7.88885,45.89096],[7.88723,45.89455],[7.8875,45.89615],[7.89091,45.89694],[7.89164,45.89742],[7.89122,45.89933],[7.88954,45.90267],[7.8901,45.90434],[7.89203,45.9053],[7.89333,45.90645],[7.89574,45.90645],[7.89745,45.90738],[7.90226,45.90854],[7.90432,45.90827],[7.90741,45.90929],[7.90981,45.90911]],[[7.5416,45.89025],[7.54113,45.89096],[7.54005,45.89158],[7.53799,45.89153],[7.53559,45.89078],[7.53422,45.89149],[7.53318,45.89383],[7.5346,45.89646],[7.53468,45.89861],[7.53582,45.901],[7.53525,45.90339],[7.53422,45.90482],[7.53216,45.90665],[7.53078,45.90696],[7.52872,45.90616],[7.5272,45.90458],[7.52683,45.90315],[7.52741,45.90076],[7.52698,45.8998],[7.52502,45.89909],[7.52254,45.89927],[7.51911,45.8967],[7.51522,45.8955],[7.5116,45.89359],[7.51225,45.89217],[7.51392,45.89096],[7.51433,45.89025]],[[7.73319,45.89025],[7.73643,45.89243],[7.74055,45.89381],[7.74246,45.8967],[7.7457,45.89999],[7.74776,45.90082],[7.74948,45.90112],[7.75085,45.90289],[7.75291,45.90328],[7.7536,45.90311],[7.75458,45.90219],[7.75532,45.90013],[7.75909,45.9029],[7.76047,45.90326],[7.76218,45.90323],[7.76288,45.90291],[7.76422,45.8998],[7.76667,45.89861],[7.76718,45.89765],[7.76776,45.89455],[7.7674,45.8924],[7.76699,45.89144],[7.76556,45.89025]],[[7.68965,45.89025],[7.68871,45.89192],[7.68982,45.89527],[7.68965,45.89718],[7.69009,45.8974],[7.69249,45.89718],[7.69304,45.89885],[7.69386,45.8996],[7.69661,45.90091],[7.6997,45.9017],[7.69997,45.90148],[7.69981,45.90028],[7.70073,45.89971],[7.70348,45.89955],[7.70657,45.89893],[7.70863,45.89977],[7.71206,45.89853],[7.71276,45.89742],[7.7121,45.89503],[7.71215,45.89383],[7.71309,45.89195],[7.71446,45.89279],[7.71553,45.89503],[7.71652,45.89581],[7.71824,45.89594],[7.72133,45.89565],[7.72305,45.8951],[7.72368,45.89455],[7.72521,45.89168],[7.72485,45.89025]],[[7.81091,45.89025],[7.81316,45.89264],[7.81632,45.89503],[7.81712,45.89526],[7.82089,45.89405],[7.82364,45.89248],[7.82399,45.89168],[7.82354,45.89025]]]}},{"type":"Feature","properties":{"ele":2700,"major":0},"geometry":{"type":"MultiLineString","coordinates":[[[7.56009,46.07323],[7.56373,46.07133],[7.56476,46.06966],[7.56424,46.06871],[7.56178,46.0668],[7.56168,46.06599],[7.56237,46.06567],[7.56615,46.06528],[7.56752,46.06488],[7.5692,46.06323],[7.5698,46.0618],[7.57167,46.05941],[7.57152,46.05632],[7.57059,46.05513],[7.56929,46.05417],[7.5692,46.05346],[7.57061,46.05252],[7.57341,46.05203],[7.57428,46.05131],[7.57507,46.04989],[7.57645,46.04987],[7.57748,46.05063],[7.57825,46.0506],[7.57825,46.05012],[7.57649,46.04845],[7.57622,46.04774],[7.57734,46.04655],[7.57731,46.04536],[7.57794,46.04393],[7.5785,46.04083],[7.57976,46.03964],[7.58083,46.03702],[7.58005,46.03559],[7.57966,46.03082],[7.57851,46.02772],[7.57864,46.02629],[7.57951,46.02486],[7.57959,46.02391],[7.57782,46.0206],[7.57439,46.01955],[7.5713,46.01915],[7.56855,46.01806],[7.56683,46.01816],[7.56512,46.01867],[7.56383,46.02057],[7.56336,46.02224],[7.56168,46.02411],[7.55975,46.02867],[7.5602,46.03201],[7.55962,46.03313],[7.55687,46.03106],[7.55604,46.02891],[7.55554,46.02605],[7.55476,46.02557],[7.55425,46.02414],[7.5532,46.02271],[7.54864,46.0209],[7.54692,46.02069],[7.54314,46.02133],[7.53868,46.02345],[7.53662,46.02484],[7.5349,46.02725],[7.53416,46.0301],[7.535,46.03106],[7.53765,46.03281],[7.53887,46.03416],[7.5397,46.03702],[7.53837,46.03892],[7.53815,46.03988],[7.53993,46.0425],[7.54124,46.04369],[7.53716,46.04845],[7.5373,46.05179],[7.53593,46.05309],[7.53478,46.05513],[7.53353,46.05654],[7.53216,46.05665],[7.5301,46.05537],[7.52771,46.05584],[7.52563,46.05695],[7.52152,46.06108],[7.51808,46.06269],[7.51671,46.06284],[7.51549,46.06227],[7.51332,46.05965],[7.5095,46.05742],[7.50712,46.05536],[7.50744,46.05453],[7.51184,46.0537],[7.51301,46.05322],[7.5134,46.05274],[7.5121,46.05155],[7.51179,46.05012],[7.51207,46.04941],[7.51351,46.04822],[7.51344,46.04726],[7.51266,46.04607],[7.51092,46.04488],[7.50995,46.04369],[7.50928,46.04131],[7.50709,46.03725],[7.50711,46.03559],[7.50937,46.03392],[7.50986,46.03201],[7.50695,46.02939],[7.50729,46.02796],[7.50597,46.02414],[7.50572,46.02128],[7.50485,46.01985],[7.50297,46.01842],[7.49783,46.01715],[7.49688,46.01628],[7.49677,46.01509],[7.49851,46.01249],[7.5009,46.01175],[7.50195,46.01105],[7.50261,46.00912],[7.50346,46.00793],[7.50307,46.00698],[7.50139,46.00555],[7.50114,46.00197],[7.50141,46.00078],[7.50298,46.00038],[7.50607,46.0009],[7.50813,46.00153],[7.50926,46.00125],[7.50939,46.00078],[7.50868,45.99982],[7.50842,45.99839],[7.50778,45.99791],[7.50616,45.99744],[7.50594,45.99696],[7.50881,45.99559],[7.51041,45.9941],[7.5121,45.99315],[7.51693,45.99219],[7.52083,45.99068],[7.52401,45.98885],[7.52498,45.9879],[7.52632,45.98571],[7.52696,45.98289],[7.52632,45.98107],[7.52563,45.98078],[7.52426,45.98106],[7.52289,45.98063],[7.52083,45.98093],[7.51911,45.98268],[7.51662,45.98456],[7.51396,45.9859],[7.5119,45.98639],[7.50847,45.98661],[7.50538,45.98629],[7.50395,45.98599],[7.50057,45.98432],[7.49989,45.98436],[7.49788,45.9836],[7.49577,45.98345],[7.49268,45.98491],[7.49122,45.98647],[7.48997,45.98718],[7.48718,45.98701],[7.48341,45.98786],[7.48201,45.98885],[7.48172,45.99004],[7.48615,45.99348],[7.48646,45.9941],[7.48581,45.99525],[7.48483,45.99601],[7.4832,45.99648],[7.48248,45.99863],[7.48041,45.99959],[7.4786,46.00207],[7.47791,46.00256],[7.47517,46.00352],[7.47124,46.00364],[7.4707,46.00407]],[[7.64267,46.07323],[7.64065,46.07062],[7.63972,46.0699],[7.63961,46.06942],[7.64071,46.06751],[7.64238,46.06608],[7.64298,46.06418],[7.64806,46.05989],[7.64915,46.05751],[7.64696,46.05417],[7.64648,46.05391],[7.64305,46.05319],[7.64133,46.05388],[7.6403,46.05391],[7.63653,46.05316],[7.6355,46.05341],[7.63447,46.05416],[7.63205,46.05727],[7.62897,46.05944],[7.62794,46.05987],[7.62486,46.0603],[7.62205,46.06156],[7.62109,46.06251],[7.62023,46.06442],[7.62136,46.06608],[7.62173,46.06775],[7.62169,46.0718],[7.62093,46.07323]],[[7.80455,46.07323],[7.80539,46.0718],[7.80716,46.07028],[7.80819,46.06969],[7.80956,46.06938],[7.81111,46.06847],[7.81152,46.06775],[7.8116,46.06608],[7.81334,46.06524],[7.81677,46.06459],[7.81849,46.06497],[7.82227,46.0664],[7.82398,46.06665],[7.82694,46.06608],[7.82913,46.0645],[7.82918,46.06323],[7.825,46.05894],[7.82497,46.05822],[7.82631,46.0556],[7.82776,46.05399],[7.83051,46.05166],[7.83256,46.0506],[7.83425,46.04917],[7.83415,46.0475],[7.83475,46.04655],[7.83705,46.04512],[7.83875,46.04293],[7.84211,46.04059],[7.84182,46.03678],[7.84313,46.03535],[7.8441,46.0332],[7.8435,46.03249],[7.8403,46.0313],[7.83974,46.02939],[7.83902,46.02867],[7.83772,46.02863],[7.83497,46.02964],[7.83293,46.03225],[7.83085,46.03351],[7.83016,46.0338],[7.82684,46.03416],[7.82508,46.03511],[7.82499,46.03821],[7.82261,46.04116],[7.82055,46.04182],[7.81643,46.04236],[7.81583,46.04202],[7.81506,46.04057],[7.81437,46.04029],[7.81368,46.04038],[7.8125,46.04131],[7.81231,46.0428],[7.81094,46.04322],[7.80956,46.04489],[7.80909,46.04679],[7.80921,46.04845],[7.80857,46.04941],[7.80613,46.05011],[7.80441,46.05114],[7.79961,46.05268],[7.79875,46.05227],[7.7979,46.05108],[7.79789,46.04893],[7.79746,46.04798],[7.79514,46.04588],[7.79441,46.0456],[7.79137,46.04153],[7.7899,46.04011],[7.7893,46.03892],[7.78981,46.03702],[7.79131,46.03606],[7.79316,46.03416],[7.79445,46.03344],[7.7958,46.03177],[7.7948,46.03166],[7.79137,46.03282],[7.78759,46.03307],[7.78669,46.03273],[7.78696,46.03034],[7.78791,46.02844],[7.7878,46.02677],[7.78955,46.02152],[7.79188,46.01795],[7.79377,46.017],[7.79583,46.0166],[7.79858,46.01652],[7.8027,46.01567],[7.80579,46.01572],[7.80922,46.01637],[7.81128,46.01612],[7.81471,46.01519],[7.81918,46.01508],[7.82158,46.01463],[7.82398,46.01473],[7.83085,46.01277],[7.83467,46.01151],[7.83537,46.01103],[7.83491,46.00889],[7.83634,46.00722],[7.83638,46.00674],[7.83428,46.00633],[7.82639,46.00646],[7.82613,46.00602],[7.82694,46.00316],[7.82678,46.00245],[7.82501,46.00056],[7.82261,45.99986],[7.81883,46.00005],[7.81506,45.99952],[7.80888,45.99998],[7.80544,45.99915],[7.80373,45.99923],[7.80132,45.99883],[7.79892,45.99935],[7.79514,45.99951],[7.78807,45.99792],[7.78579,45.99768],[7.78438,45.99625],[7.78313,45.99426],[7.78175,45.99372],[7.7766,45.99377],[7.77587,45.9941],[7.77519,45.99553],[7.7742,45.99609],[7.77077,45.9963],[7.76836,45.99682],[7.76768,45.99672],[7.76604,45.99601],[7.76188,45.99171],[7.76127,45.99004],[7.76129,45.98861],[7.76083,45.98814],[7.75806,45.98689],[7.75532,45.98708],[7.75325,45.98599],[7.75465,45.98408],[7.75315,45.98313],[7.75357,45.98193],[7.75738,45.97995],[7.76184,45.98046],[7.76596,45.98058],[7.77592,45.97934],[7.77832,45.97929],[7.78107,45.97879],[7.78416,45.97883],[7.78793,45.97933],[7.79205,45.97934],[7.79892,45.97846],[7.80304,45.97923],[7.80579,45.98009],[7.8081,45.98003],[7.80821,45.97955],[7.80736,45.97788],[7.80951,45.97668],[7.80992,45.97597],[7.80996,45.97454],[7.81334,45.97072],[7.813,45.96976],[7.81154,45.96881],[7.8154,45.96651],[7.81657,45.96547],[7.81854,45.96237],[7.81865,45.96165],[7.81746,45.96069],[7.81471,45.96015],[7.81197,45.96058],[7.81094,45.96049],[7.81035,45.9595],[7.81016,45.95759],[7.80956,45.95696],[7.80613,45.95629],[7.80304,45.95631],[7.79926,45.9542],[7.79789,45.95462],[7.79686,45.95431],[7.79513,45.95664],[7.79288,45.95855],[7.78793,45.9605],[7.78278,45.96032],[7.78175,45.96008],[7.7807,45.95926],[7.77997,45.95759],[7.77901,45.95726],[7.77489,45.95708],[7.77111,45.9576],[7.76871,45.95737],[7.76562,45.95815],[7.76356,45.95774],[7.76253,45.95781],[7.75944,45.95959],[7.7587,45.96213],[7.75738,45.96332],[7.75635,45.96365],[7.75394,45.96315],[7.75158,45.96141],[7.74982,45.96074],[7.74708,45.96084],[7.74399,45.95974],[7.74055,45.95999],[7.73825,45.96141],[7.73549,45.96547],[7.73703,45.96714],[7.74061,45.96857],[7.74214,45.97096],[7.74214,45.97287],[7.74056,45.97406],[7.73759,45.97525],[7.7361,45.97716],[7.7354,45.97758],[7.73438,45.9775],[7.73197,45.9762],[7.72854,45.97698],[7.72614,45.97662],[7.7227,45.97811],[7.72099,45.97969],[7.71824,45.98095],[7.71549,45.98087],[7.71103,45.98132],[7.70828,45.98211],[7.70725,45.98188],[7.70451,45.98027],[7.70142,45.98019],[7.69901,45.97972],[7.69764,45.98011],[7.69524,45.98141],[7.69421,45.98328],[7.69352,45.98354],[7.69186,45.98313],[7.68974,45.98133],[7.68915,45.98146],[7.68843,45.98337],[7.69077,45.98532],[7.69249,45.98567],[7.69489,45.98497],[7.6973,45.9849],[7.69891,45.98527],[7.69993,45.98623],[7.70016,45.98814],[7.70081,45.98933],[7.70071,45.99004],[7.69884,45.99124],[7.69592,45.99247],[7.69215,45.99238],[7.68803,45.99129],[7.68391,45.99113],[7.68185,45.99197],[7.67876,45.99193],[7.67361,45.99283],[7.67238,45.99267],[7.67086,45.99183],[7.66983,45.99167],[7.66399,45.99326],[7.65438,45.99231],[7.6458,45.99253],[7.64339,45.99222],[7.64168,45.99169],[7.63859,45.99183],[7.63653,45.99162],[7.63395,45.99052],[7.63263,45.98837],[7.62863,45.98672],[7.62354,45.98623],[7.61799,45.98407],[7.6155,45.98432],[7.61354,45.98599],[7.61258,45.98981],[7.61481,45.99148],[7.61884,45.99601],[7.61799,45.99849],[7.61616,46.00054],[7.61401,46.00197],[7.61417,46.00245],[7.61538,46.0034],[7.61559,46.00518],[7.61833,46.00537],[7.62074,46.00479],[7.62245,46.00422],[7.62554,46.00206],[7.62657,46.0018],[7.63138,46.0032],[7.63378,46.00335],[7.63914,46.00459],[7.64099,46.00549],[7.64142,46.00841],[7.64426,46.01055],[7.64648,46.01118],[7.6506,46.01129],[7.65919,46.01368],[7.66043,46.01485],[7.66125,46.01675],[7.66274,46.01795],[7.66502,46.02327],[7.66571,46.0238],[7.66721,46.02343],[7.66904,46.02176],[7.66952,46.02057],[7.67055,46.01938],[7.6712,46.01738],[7.67223,46.01615],[7.67567,46.01452],[7.68013,46.01336],[7.68262,46.01365],[7.68528,46.01516],[7.6894,46.01529],[7.69215,46.01608],[7.69489,46.01598],[7.69764,46.01707],[7.7021,46.01607],[7.70485,46.0158],[7.71275,46.01668],[7.7152,46.01747],[7.71617,46.01914],[7.71892,46.02081],[7.71873,46.02176],[7.71755,46.02279],[7.71584,46.02337],[7.71446,46.02329],[7.7124,46.0226],[7.71103,46.02282],[7.71019,46.02414],[7.71004,46.02605],[7.70888,46.02748],[7.70534,46.02987],[7.70313,46.03057],[7.70245,46.0313],[7.70176,46.03307],[7.7018,46.03392],[7.70405,46.03511],[7.70443,46.03559],[7.70417,46.03678],[7.70478,46.03845],[7.70371,46.04011],[7.70382,46.04089],[7.70446,46.04131],[7.70645,46.04178],[7.70742,46.04274],[7.70871,46.04321],[7.71378,46.04423],[7.71446,46.04415],[7.71652,46.04207],[7.72099,46.04023],[7.72339,46.03833],[7.72579,46.03771],[7.72888,46.03411],[7.73094,46.03314],[7.73266,46.03284],[7.73345,46.03296],[7.73645,46.03535],[7.73704,46.03845],[7.73675,46.04059],[7.73736,46.04154],[7.74055,46.04405],[7.74754,46.04703],[7.75025,46.04917],[7.75045,46.05179],[7.75128,46.05298],[7.75121,46.05465],[7.75325,46.05727],[7.75299,46.05799],[7.75068,46.05918],[7.7504,46.05989],[7.75152,46.0618],[7.75195,46.06346],[7.75381,46.06513],[7.75403,46.06585],[7.75334,46.06728],[7.75188,46.0677],[7.74845,46.06659],[7.74698,46.06537],[7.74467,46.0641],[7.74364,46.06386],[7.74158,46.06427],[7.73828,46.06704],[7.73746,46.06739],[7.73026,46.06659],[7.7282,46.06672],[7.72383,46.06894],[7.72064,46.07005],[7.71893,46.07219],[7.71851,46.07323]],[[7.4707,46.06775],[7.47379,46.06649],[7.47452,46.06537],[7.47407,46.06251],[7.47242,46.06116],[7.4707,46.06029]],[[7.90981,45.93491],[7.9088,45.93611],[7.9081,45.93643],[7.90604,45.93648],[7.90398,45.93597],[7.90329,45.93607],[7.90075,45.93802],[7.89848,45.9385],[7.89505,45.94005],[7.8938,45.94136],[7.89402,45.94325],[7.89589,45.94638],[7.89501,45.94733],[7.89132,45.94924],[7.89093,45.94996],[7.89113,45.95115],[7.8932,45.95425],[7.89311,45.95545],[7.89109,45.95926],[7.89265,45.96134],[7.89308,45.96261],[7.89254,45.96452],[7.89031,45.96809],[7.89196,45.97072],[7.89368,45.97146],[7.90192,45.972],[7.90369,45.97239],[7.90435,45.97311],[7.90501,45.97612],[7.90638,45.97758],[7.90672,45.9791],[7.90775,45.98011],[7.90981,45.98116]],[[7.52146,45.98003],[7.52186,45.98024],[7.52231,45.97979],[7.5222,45.97906],[7.5213,45.97931],[7.52146,45.98003]],[[7.4707,45.91149],[7.47379,45.91126],[7.47757,45.90973],[7.47997,45.91163],[7.481,45.912],[7.48238,45.91187],[7.48409,45.91073],[7.48512,45.91078],[7.48898,45.91247],[7.49062,45.91354],[7.49474,45.9142],[7.49575,45.91509],[7.49569,45.91677],[7.49602,45.91748],[7.49851,45.91815],[7.49934,45.91939],[7.50082,45.92035],[7.50916,45.92129],[7.511,45.92226],[7.51095,45.92321],[7.50982,45.92441],[7.50601,45.92536],[7.50414,45.92656],[7.50195,45.92742],[7.50023,45.92863],[7.49748,45.92901],[7.4968,45.93112],[7.49577,45.93229],[7.4936,45.93253],[7.49165,45.9333],[7.49125,45.93468],[7.4915,45.93611],[7.48993,45.93762],[7.48911,45.93921],[7.48892,45.94327],[7.49096,45.94582],[7.49413,45.94709],[7.4968,45.9473],[7.49883,45.94661],[7.49934,45.94614],[7.50038,45.94327],[7.50034,45.9416],[7.5007,45.94112],[7.50572,45.9395],[7.50847,45.93701],[7.51259,45.93648],[7.51543,45.93468],[7.51808,45.93346],[7.5198,45.93194],[7.52357,45.93062],[7.5249,45.92895],[7.52598,45.92845],[7.52702,45.92847],[7.52852,45.93038],[7.53078,45.93098],[7.53254,45.93205],[7.53167,45.93396],[7.53116,45.93683],[7.53143,45.93826],[7.53181,45.93859],[7.53559,45.93863],[7.54005,45.93677],[7.54246,45.93613],[7.54383,45.93529],[7.54658,45.93502],[7.54795,45.93547],[7.54878,45.93635],[7.54906,45.93802],[7.54809,45.94375],[7.54969,45.94638],[7.54892,45.94852],[7.55104,45.95398],[7.5538,45.95926],[7.55385,45.96213],[7.55472,45.96523],[7.55475,45.96833],[7.5555,45.96885],[7.55825,45.9692],[7.55962,45.96905],[7.56131,45.96833],[7.56271,45.96544],[7.56443,45.96419],[7.56443,45.96091],[7.56683,45.95921],[7.56977,45.95497],[7.56969,45.95401],[7.56821,45.95309],[7.56668,45.95163],[7.56599,45.94996],[7.56683,45.94781],[7.56674,45.94638],[7.56721,45.9447],[7.56787,45.94399],[7.56986,45.94279],[7.57047,45.94208],[7.57056,45.94136],[7.56983,45.94065],[7.56649,45.93998],[7.56551,45.93897],[7.56714,45.93587],[7.56834,45.93468],[7.57027,45.93367],[7.57103,45.93277],[7.57073,45.93038],[7.56882,45.92799],[7.56899,45.9268],[7.57036,45.92536],[7.57001,45.92465],[7.56882,45.92369],[7.56443,45.92222],[7.56349,45.92083],[7.56361,45.91868],[7.56301,45.91796],[7.561,45.91757],[7.55928,45.91768],[7.55516,45.91901],[7.55379,45.91914],[7.5511,45.91724],[7.55049,45.91557],[7.54957,45.91462],[7.54864,45.91426],[7.54452,45.91375],[7.54349,45.91313],[7.54318,45.91151],[7.54449,45.90912],[7.54632,45.90745],[7.54692,45.90646],[7.54793,45.90339],[7.54806,45.90028],[7.54981,45.89837],[7.54903,45.89503],[7.54897,45.89216],[7.54837,45.89025]],[[7.56699,45.89025],[7.56814,45.89288],[7.56924,45.89444],[7.56905,45.89837],[7.57115,45.90028],[7.57267,45.9023],[7.57439,45.90348],[7.57757,45.90339],[7.57876,45.90148],[7.57924,45.89909],[7.57988,45.89865],[7.58194,45.89833],[7.58572,45.89891],[7.58743,45.89952],[7.58888,45.90076],[7.58964,45.90196],[7.59224,45.90326],[7.59327,45.90339],[7.59405,45.90291],[7.59468,45.90291],[7.5958,45.90482],[7.59533,45.90769],[7.5958,45.91056],[7.59754,45.9139],[7.59739,45.91417],[7.5943,45.91401],[7.59297,45.91438],[7.59247,45.91724],[7.59454,45.92298],[7.59581,45.92775],[7.59674,45.92918],[7.59705,45.93242],[7.59911,45.93334],[7.59975,45.93396],[7.59973,45.93611],[7.60145,45.9385],[7.60509,45.94065],[7.60958,45.94208],[7.61353,45.94504],[7.61366,45.94996],[7.61593,45.95566],[7.61985,45.95664],[7.62245,45.95691],[7.62451,45.95678],[7.62794,45.95606],[7.63028,45.95831],[7.63172,45.95927],[7.63309,45.95969],[7.64305,45.95765],[7.64648,45.95802],[7.65129,45.95918],[7.65472,45.95819],[7.65919,45.95835],[7.66129,45.95783],[7.66251,45.95712],[7.66376,45.95568],[7.66363,45.95234],[7.66478,45.949],[7.67005,45.94709],[7.67223,45.94594],[7.673,45.94494],[7.67321,45.94232],[7.67429,45.94021],[7.67532,45.93964],[7.67862,45.93921],[7.67928,45.93874],[7.67841,45.93697],[7.67601,45.93593],[7.67444,45.93348],[7.67449,45.93062],[7.67517,45.92895],[7.67537,45.92656],[7.67413,45.92441],[7.67398,45.92226],[7.67052,45.92088],[7.66228,45.92114],[7.65781,45.92025],[7.65438,45.92028],[7.65335,45.92008],[7.65029,45.91868],[7.64867,45.91509],[7.64631,45.91294],[7.64603,45.91223],[7.64625,45.91079],[7.65095,45.91075],[7.65404,45.91114],[7.66056,45.9127],[7.66296,45.91182],[7.66674,45.91136],[7.66812,45.91056],[7.6694,45.90912],[7.66925,45.90745],[7.66977,45.90626],[7.66934,45.90411],[7.67066,45.90219],[7.67117,45.89909],[7.67327,45.89789],[7.6713,45.8955],[7.67243,45.89192],[7.67222,45.89025]],[[7.64614,45.91969],[7.64546,45.91892],[7.64561,45.91844],[7.64614,45.91817],[7.64683,45.91848],[7.64718,45.91915],[7.64683,45.91967],[7.64614,45.91969]],[[7.88735,45.89025],[7.88603,45.89311],[7.88576,45.89574],[7.8863,45.89765],[7.88977,45.89909],[7.88964,45.90004],[7.88806,45.90196],[7.88756,45.90315],[7.88907,45.90721],[7.89033,45.90817],[7.8923,45.90904],[7.89368,45.90896],[7.89505,45.90952],[7.89848,45.90967],[7.90089,45.91041],[7.90398,45.91029],[7.90638,45.91107],[7.90981,45.91097]],[[7.68773,45.89025],[7.6846,45.89264],[7.68377,45.89383],[7.68343,45.89527],[7.68226,45.89694],[7.68272,45.89789],[7.68528,45.89819],[7.68587,45.89861],[7.68597,45.90187],[7.68768,45.90294],[7.68906,45.90263],[7.6918,45.90132],[7.69524,45.90174],[7.70019,45.90482],[7.70176,45.90624],[7.70217,45.90721],[7.70278,45.90769],[7.70485,45.90848],[7.70647,45.90817],[7.70811,45.90721],[7.71088,45.90387],[7.71246,45.90076],[7.71515,45.89779],[7.71927,45.89688],[7.72339,45.89663],[7.72613,45.89574],[7.72627,45.89503],[7.72556,45.89407],[7.72633,45.89168],[7.72592,45.89025]],[[7.73075,45.89025],[7.73232,45.8913],[7.73312,45.8924],[7.73815,45.89408],[7.73939,45.89479],[7.74316,45.89861],[7.74502,45.90118],[7.74811,45.90357],[7.74879,45.90446],[7.75021,45.9053],[7.7512,45.90641],[7.75463,45.90777],[7.75532,45.9077],[7.75592,45.90721],[7.75738,45.90471],[7.75875,45.90471],[7.7615,45.9056],[7.76424,45.9044],[7.76527,45.9034],[7.7668,45.90076],[7.76836,45.89984],[7.77039,45.89789],[7.77121,45.89646],[7.77039,45.89431],[7.77044,45.8924],[7.76983,45.89025]],[[7.5332,45.89025],[7.53141,45.8924],[7.53122,45.89407],[7.53271,45.89646],[7.53288,45.89933],[7.5339,45.901],[7.534,45.90196],[7.53295,45.90434],[7.53179,45.90554],[7.53078,45.90584],[7.52941,45.90537],[7.52863,45.90434],[7.5284,45.90315],[7.5288,45.90076],[7.52782,45.89813],[7.52666,45.89772],[7.52426,45.89808],[7.52289,45.89793],[7.51911,45.89504],[7.51637,45.89483],[7.51349,45.89335],[7.51408,45.89216],[7.51564,45.89144],[7.51694,45.89025]],[[7.80668,45.89025],[7.80951,45.89192],[7.814,45.89598],[7.81506,45.89655],[7.81643,45.89683],[7.81815,45.8966],[7.82055,45.89541],[7.82364,45.89477],[7.82511,45.89311],[7.82555,45.89025]],[[7.53964,45.89025],[7.53868,45.89054],[7.5378,45.89025]]]}},{"type":"Feature","properties":{"ele":2800,"major":0},"geometry":{"type":"MultiLineString","coordinates":[[[7.5656,46.07323],[7.56754,46.07037],[7.56506,46.06704],[7.56615,46.06665],[7.57027,46.06644],[7.57119,46.06608],[7.57319,46.06442],[7.57281,46.06251],[7.57411,46.05965],[7.57336,46.05822],[7.5738,46.05703],[7.57345,46.05584],[7.57227,46.05465],[7.57226,46.05417],[7.5761,46.05407],[7.57653,46.05393],[7.57679,46.05266],[7.57919,46.0528],[7.58022,46.0525],[7.58125,46.05147],[7.58128,46.04988],[7.58205,46.04893],[7.58198,46.04798],[7.58107,46.04607],[7.58194,46.04481],[7.58198,46.04417],[7.58051,46.04226],[7.58091,46.04194],[7.58313,46.04154],[7.58415,46.03964],[7.58424,46.03892],[7.58327,46.03725],[7.58293,46.03559],[7.58493,46.03368],[7.58514,46.03201],[7.58434,46.03057],[7.5816,46.02922],[7.58065,46.02748],[7.58053,46.02653],[7.58233,46.02271],[7.58075,46.02081],[7.57995,46.01866],[7.57919,46.01829],[7.57301,46.01784],[7.56992,46.01649],[7.56855,46.01619],[7.56443,46.01725],[7.56325,46.01795],[7.56221,46.01914],[7.56061,46.02462],[7.55962,46.02644],[7.55825,46.02752],[7.55756,46.02741],[7.55688,46.02688],[7.55464,46.02319],[7.55353,46.02224],[7.54692,46.01983],[7.54486,46.01997],[7.54143,46.02094],[7.53937,46.02091],[7.53834,46.0213],[7.53516,46.02367],[7.53422,46.02561],[7.53271,46.02748],[7.53216,46.02915],[7.53253,46.03106],[7.53688,46.03344],[7.53799,46.03501],[7.53827,46.03606],[7.53804,46.03678],[7.53664,46.03797],[7.53587,46.03964],[7.53621,46.04083],[7.53742,46.04202],[7.5377,46.04536],[7.53725,46.04607],[7.53583,46.04679],[7.53519,46.0475],[7.5351,46.04822],[7.53625,46.05012],[7.5363,46.05084],[7.53353,46.05482],[7.53284,46.05515],[7.53181,46.05502],[7.53113,46.05426],[7.5301,46.05402],[7.52632,46.05515],[7.52529,46.05584],[7.52254,46.05886],[7.52005,46.06061],[7.5174,46.06171],[7.51602,46.06126],[7.51409,46.05918],[7.51003,46.05679],[7.50924,46.05584],[7.5095,46.05516],[7.51019,46.05495],[7.5119,46.05477],[7.51465,46.05506],[7.51637,46.05447],[7.51776,46.05108],[7.51683,46.04869],[7.51532,46.04655],[7.51259,46.04473],[7.51188,46.04393],[7.51149,46.04083],[7.50915,46.03749],[7.50931,46.0363],[7.51174,46.03439],[7.51297,46.03273],[7.51297,46.03177],[7.51259,46.03131],[7.51025,46.03034],[7.50965,46.02963],[7.51019,46.02903],[7.51197,46.0282],[7.51208,46.02772],[7.51122,46.0265],[7.50855,46.02438],[7.50782,46.02224],[7.50772,46.02057],[7.50469,46.01697],[7.50401,46.01675],[7.50195,46.01689],[7.49989,46.01668],[7.49845,46.01628],[7.49816,46.01556],[7.4993,46.01365],[7.50057,46.01313],[7.50352,46.0127],[7.50422,46.01222],[7.50424,46.01032],[7.50498,46.00793],[7.50452,46.00698],[7.50313,46.00555],[7.50251,46.00364],[7.50298,46.00268],[7.50366,46.00234],[7.50538,46.00254],[7.5103,46.00459],[7.51053,46.00388],[7.51259,46.00319],[7.51391,46.00173],[7.51102,45.99744],[7.5108,45.99625],[7.51122,45.9952],[7.51328,45.9941],[7.51808,45.99334],[7.5206,45.99267],[7.52489,45.99076],[7.52698,45.98861],[7.52736,45.9867],[7.52896,45.98432],[7.5296,45.98217],[7.52648,45.97358],[7.52529,45.97344],[7.5246,45.97283],[7.52392,45.97276],[7.52392,45.97406],[7.52254,45.97474],[7.52083,45.97378],[7.51979,45.97263],[7.51826,45.97573],[7.51808,45.98059],[7.51637,45.9828],[7.51409,45.9848],[7.51122,45.98544],[7.5095,45.98538],[7.50675,45.98581],[7.50504,45.98568],[7.50092,45.98397],[7.49989,45.98383],[7.49748,45.98246],[7.49577,45.98216],[7.49371,45.98258],[7.48856,45.98559],[7.48218,45.98694],[7.48048,45.98885],[7.48043,45.98981],[7.48169,45.99142],[7.48409,45.99283],[7.48495,45.99386],[7.48468,45.99505],[7.48221,45.99577],[7.48107,45.99768],[7.47946,45.99911],[7.47835,46.00102],[7.4762,46.00227],[7.47414,46.00234],[7.47262,46.00173],[7.4719,46.00102],[7.47192,45.99959],[7.4707,45.99906]],[[7.6441,46.07323],[7.64169,46.07037],[7.64166,46.06966],[7.6428,46.06894],[7.64385,46.06751],[7.64575,46.06608],[7.64658,46.06418],[7.65026,46.06086],[7.65207,46.05799],[7.65335,46.05736],[7.65649,46.05703],[7.65746,46.05656],[7.65785,46.0556],[7.65677,46.05441],[7.65748,46.05274],[7.65645,46.05131],[7.65575,46.05101],[7.65266,46.05134],[7.6506,46.05193],[7.64477,46.05171],[7.64099,46.04851],[7.63962,46.04791],[7.63859,46.04779],[7.63665,46.04869],[7.63478,46.05084],[7.63309,46.05186],[7.63232,46.05441],[7.62794,46.05824],[7.62726,46.05862],[7.62344,46.05941],[7.61983,46.06156],[7.61823,46.0637],[7.61808,46.06442],[7.62022,46.06656],[7.62073,46.06847],[7.61967,46.0718],[7.61824,46.07323]],[[7.8061,46.07323],[7.80819,46.07106],[7.81241,46.06942],[7.81312,46.06847],[7.81328,46.0668],[7.81403,46.06623],[7.81574,46.06579],[7.81746,46.06571],[7.81918,46.06608],[7.82152,46.06728],[7.8281,46.06751],[7.82978,46.06656],[7.83183,46.06466],[7.83202,46.0637],[7.83152,46.06251],[7.82948,46.0609],[7.82876,46.05965],[7.82707,46.05849],[7.82707,46.05782],[7.82973,46.0537],[7.83188,46.05262],[7.83481,46.05203],[7.8375,46.05012],[7.83768,46.04941],[7.83703,46.04747],[7.83875,46.04566],[7.8395,46.04393],[7.84344,46.04226],[7.84537,46.04107],[7.84534,46.03868],[7.84483,46.03725],[7.84741,46.03296],[7.84586,46.0313],[7.84389,46.03085],[7.84309,46.03034],[7.84191,46.0282],[7.84194,46.02629],[7.84149,46.02553],[7.83772,46.02669],[7.836,46.02772],[7.83394,46.02839],[7.83228,46.03106],[7.82948,46.03218],[7.82845,46.0321],[7.82536,46.03077],[7.82295,46.03059],[7.8215,46.03273],[7.8218,46.03344],[7.82331,46.03487],[7.82384,46.0363],[7.82397,46.03821],[7.82295,46.03968],[7.82192,46.04015],[7.81986,46.04029],[7.81931,46.03964],[7.81895,46.03797],[7.8178,46.03749],[7.81231,46.03806],[7.81128,46.03838],[7.80922,46.03961],[7.80824,46.04083],[7.80815,46.04488],[7.80787,46.04703],[7.80725,46.04845],[7.80647,46.04902],[7.8051,46.04931],[7.80098,46.05097],[7.79995,46.05099],[7.79931,46.0506],[7.79926,46.04798],[7.79845,46.04703],[7.79538,46.04488],[7.79521,46.04417],[7.79425,46.04321],[7.7944,46.04107],[7.79194,46.03892],[7.79176,46.03821],[7.79362,46.0363],[7.79818,46.0332],[7.7992,46.03153],[7.79937,46.03034],[7.79858,46.02919],[7.7972,46.029],[7.79514,46.02951],[7.79137,46.0311],[7.79034,46.03125],[7.78965,46.031],[7.79024,46.02844],[7.79004,46.02486],[7.79142,46.02271],[7.7919,46.02009],[7.79274,46.01914],[7.79446,46.01839],[7.79755,46.0177],[7.79995,46.01763],[7.8027,46.01804],[7.80441,46.01764],[7.80956,46.01775],[7.81231,46.01741],[7.81471,46.01641],[7.81986,46.01666],[7.82261,46.01739],[7.82742,46.01669],[7.82846,46.01628],[7.83045,46.01461],[7.83669,46.0128],[7.83985,46.01222],[7.84267,46.01103],[7.843,46.01055],[7.84274,46.00936],[7.84408,46.00579],[7.84355,46.00482],[7.84149,46.00408],[7.84046,46.00401],[7.83634,46.00466],[7.83428,46.00372],[7.83274,46.0034],[7.83309,46.00269],[7.83464,46.00173],[7.83496,46.00078],[7.83394,46.00027],[7.82971,45.99982],[7.82932,45.99935],[7.82943,45.99792],[7.82879,45.99724],[7.82364,45.99812],[7.81986,45.99803],[7.81609,45.99837],[7.81162,45.99794],[7.80201,45.99646],[7.79789,45.99753],[7.79617,45.99763],[7.79171,45.99703],[7.78828,45.99613],[7.78737,45.99553],[7.78653,45.9941],[7.78809,45.99267],[7.78862,45.99171],[7.78828,45.99079],[7.78759,45.99034],[7.78656,45.99036],[7.78313,45.99131],[7.78141,45.99229],[7.78004,45.9925],[7.77834,45.99219],[7.77695,45.99143],[7.77489,45.99143],[7.77248,45.99188],[7.77145,45.99106],[7.76905,45.99138],[7.76745,45.99052],[7.76645,45.9879],[7.76467,45.9848],[7.76467,45.98408],[7.76699,45.98256],[7.76974,45.98217],[7.77271,45.98074],[7.7821,45.97997],[7.79137,45.98066],[7.80029,45.97972],[7.81162,45.98233],[7.81296,45.98217],[7.81863,45.9805],[7.81892,45.98003],[7.81799,45.97812],[7.81609,45.9765],[7.81424,45.97334],[7.81644,45.97072],[7.81579,45.96929],[7.81602,45.96762],[7.8186,45.96547],[7.81977,45.9638],[7.82059,45.96165],[7.82021,45.96015],[7.81952,45.95959],[7.81712,45.95934],[7.813,45.95833],[7.81177,45.95473],[7.80601,45.9533],[7.80172,45.95115],[7.80098,45.95101],[7.79892,45.95143],[7.79775,45.95282],[7.79656,45.95354],[7.79446,45.95598],[7.79137,45.95747],[7.79061,45.95736],[7.79032,45.95592],[7.78896,45.95579],[7.78725,45.9563],[7.78519,45.95833],[7.78381,45.95848],[7.78223,45.95736],[7.78141,45.95564],[7.78004,45.95488],[7.77695,45.95474],[7.7742,45.95519],[7.76974,45.9548],[7.76596,45.9565],[7.7615,45.95599],[7.75712,45.95736],[7.75674,45.95879],[7.75754,45.96046],[7.75703,45.96088],[7.75566,45.96118],[7.75463,45.961],[7.75085,45.95834],[7.74982,45.95829],[7.74776,45.95878],[7.74673,45.95855],[7.74399,45.95598],[7.74296,45.95585],[7.7409,45.95627],[7.73952,45.95707],[7.73879,45.95879],[7.73781,45.95984],[7.73403,45.96236],[7.73101,45.9638],[7.73076,45.96428],[7.73122,45.96499],[7.7354,45.96863],[7.73609,45.96895],[7.73918,45.96925],[7.74029,45.97024],[7.74064,45.97096],[7.74046,45.97215],[7.74015,45.97263],[7.73884,45.97321],[7.73609,45.97312],[7.73403,45.97401],[7.72957,45.97364],[7.72442,45.97363],[7.7227,45.97446],[7.72168,45.97597],[7.72099,45.97642],[7.71549,45.97635],[7.71275,45.97762],[7.71137,45.97859],[7.70919,45.97931],[7.70725,45.97931],[7.70485,45.97865],[7.6973,45.97832],[7.69631,45.97859],[7.69524,45.97973],[7.69421,45.98009],[7.69384,45.97931],[7.6946,45.97836],[7.69458,45.97788],[7.6918,45.97462],[7.69095,45.97478],[7.68991,45.97668],[7.6894,45.97696],[7.68837,45.97669],[7.68631,45.97537],[7.68494,45.97543],[7.68376,45.97764],[7.68219,45.97826],[7.68191,45.97883],[7.68322,45.98122],[7.68732,45.98575],[7.69066,45.98718],[7.69524,45.98828],[7.69637,45.98885],[7.69716,45.99004],[7.69627,45.99083],[7.69524,45.9908],[7.69318,45.99015],[7.69077,45.99058],[7.6894,45.99048],[7.68694,45.98909],[7.68425,45.98875],[7.68185,45.98786],[7.68047,45.98678],[7.67944,45.98658],[7.67778,45.98694],[7.67737,45.98742],[7.67732,45.98837],[7.67635,45.98903],[7.67155,45.98885],[7.66811,45.99024],[7.66605,45.99157],[7.66296,45.99242],[7.66056,45.9924],[7.65541,45.99176],[7.65232,45.99187],[7.64889,45.99147],[7.64614,45.99174],[7.64133,45.99077],[7.63721,45.99107],[7.63571,45.99028],[7.63638,45.98861],[7.63584,45.98793],[7.63307,45.9867],[7.62863,45.98381],[7.62623,45.98262],[7.6252,45.98228],[7.62383,45.98225],[7.62142,45.98138],[7.61765,45.98165],[7.61215,45.98255],[7.6105,45.9836],[7.60906,45.98529],[7.60826,45.99052],[7.61315,45.99195],[7.61691,45.99505],[7.61747,45.99625],[7.61725,45.99696],[7.61662,45.99736],[7.61353,45.99688],[7.61181,45.99729],[7.61037,45.99887],[7.60825,46.00245],[7.60938,46.00602],[7.60935,46.00817],[7.61044,46.00907],[7.61112,46.00921],[7.6125,46.00859],[7.61421,46.00871],[7.61696,46.00812],[7.61902,46.00802],[7.62142,46.00644],[7.62417,46.00579],[7.62594,46.00412],[7.62726,46.00359],[7.62863,46.00355],[7.63138,46.00422],[7.6379,46.00505],[7.63893,46.00559],[7.63964,46.0065],[7.63985,46.00745],[7.63933,46.00865],[7.63972,46.0096],[7.64191,46.01103],[7.64763,46.0127],[7.65198,46.01301],[7.65507,46.01406],[7.65831,46.01461],[7.65919,46.01509],[7.66191,46.01866],[7.66434,46.02426],[7.66605,46.02515],[7.67161,46.02391],[7.67197,46.02343],[7.67192,46.02176],[7.67241,46.02009],[7.67238,46.01795],[7.67458,46.01628],[7.67876,46.01512],[7.68082,46.01524],[7.68322,46.01606],[7.68665,46.01678],[7.68906,46.01687],[7.69146,46.01812],[7.69352,46.0183],[7.69579,46.0189],[7.69798,46.01892],[7.70382,46.01782],[7.71033,46.0189],[7.71137,46.01942],[7.71229,46.02057],[7.70828,46.02142],[7.70739,46.022],[7.70687,46.02367],[7.70746,46.02581],[7.70726,46.02677],[7.70605,46.02772],[7.70107,46.0298],[7.7,46.03273],[7.70024,46.03535],[7.7021,46.03676],[7.7024,46.03749],[7.70233,46.03845],[7.70131,46.03988],[7.70145,46.04107],[7.70271,46.04226],[7.70485,46.0435],[7.70729,46.0444],[7.71137,46.04483],[7.71446,46.04591],[7.71652,46.04621],[7.7175,46.0456],[7.7179,46.04462],[7.71883,46.04393],[7.71986,46.0425],[7.72236,46.04187],[7.72373,46.04212],[7.72614,46.04382],[7.72785,46.04387],[7.72957,46.04263],[7.72995,46.04202],[7.72934,46.03845],[7.73095,46.03487],[7.73163,46.03443],[7.73232,46.03436],[7.73491,46.03582],[7.73584,46.03797],[7.73587,46.04107],[7.73678,46.04262],[7.73987,46.04505],[7.74776,46.04851],[7.74898,46.04965],[7.74917,46.05274],[7.74998,46.05393],[7.75024,46.05632],[7.75076,46.05727],[7.75048,46.05775],[7.74874,46.0587],[7.7486,46.05941],[7.74907,46.06061],[7.75031,46.06204],[7.75045,46.0637],[7.75223,46.06487],[7.75246,46.06561],[7.75188,46.06597],[7.75085,46.06595],[7.74879,46.06447],[7.7433,46.0625],[7.74034,46.06299],[7.73643,46.06592],[7.73506,46.06574],[7.72993,46.0637],[7.72476,46.06377],[7.72373,46.06416],[7.72329,46.06466],[7.72258,46.06728],[7.71957,46.06918],[7.71795,46.07085],[7.71647,46.07323]],[[7.4707,46.06257],[7.47274,46.06513],[7.47242,46.06565],[7.4707,46.06633]],[[7.90981,45.93339],[7.9081,45.93516],[7.90672,45.93525],[7.90432,45.93456],[7.9026,45.93482],[7.9002,45.93631],[7.89677,45.93686],[7.89333,45.93861],[7.89265,45.93927],[7.89227,45.94017],[7.89252,45.94399],[7.89419,45.94518],[7.8946,45.94638],[7.89375,45.94709],[7.89044,45.94805],[7.88895,45.94972],[7.88921,45.95163],[7.89141,45.95354],[7.89208,45.95497],[7.89127,45.95649],[7.88962,45.95807],[7.88897,45.9595],[7.88946,45.96046],[7.89137,45.96189],[7.89185,45.96332],[7.89131,45.96499],[7.88902,45.96786],[7.8887,45.96905],[7.88917,45.97072],[7.8909,45.97167],[7.89333,45.97225],[7.90157,45.9728],[7.90295,45.97324],[7.90353,45.97406],[7.90407,45.97668],[7.905,45.97836],[7.9072,45.98122],[7.90981,45.98287]],[[7.4707,45.91271],[7.47311,45.91259],[7.47551,45.9114],[7.47688,45.91135],[7.48189,45.91414],[7.48239,45.91557],[7.48431,45.91653],[7.48547,45.91686],[7.48753,45.91686],[7.49027,45.91566],[7.49268,45.91555],[7.49354,45.91629],[7.49312,45.91844],[7.49343,45.91915],[7.49714,45.91915],[7.49989,45.92131],[7.50712,45.92178],[7.50919,45.9225],[7.50934,45.92298],[7.50881,45.92354],[7.50675,45.92388],[7.50538,45.92441],[7.49989,45.92775],[7.49714,45.92862],[7.49533,45.93038],[7.49462,45.93157],[7.49062,45.93108],[7.4889,45.9313],[7.48626,45.93205],[7.48518,45.93277],[7.48469,45.93372],[7.4849,45.93468],[7.48736,45.93778],[7.48763,45.94088],[7.48685,45.94423],[7.4889,45.94682],[7.48993,45.94754],[7.49336,45.9484],[7.4992,45.94811],[7.50057,45.94832],[7.50195,45.94927],[7.50401,45.95245],[7.50504,45.9526],[7.50744,45.95237],[7.50813,45.95179],[7.50882,45.95019],[7.50782,45.94829],[7.50398,45.94566],[7.50391,45.94494],[7.50519,45.94375],[7.50424,45.9416],[7.50778,45.94029],[7.50828,45.93969],[7.5085,45.9385],[7.50911,45.93802],[7.51362,45.93737],[7.51602,45.93549],[7.51842,45.93472],[7.52083,45.93258],[7.52563,45.93102],[7.52769,45.93169],[7.52975,45.9319],[7.53091,45.93229],[7.53112,45.93277],[7.53061,45.93372],[7.5304,45.9373],[7.52967,45.93874],[7.53044,45.93952],[7.53216,45.93983],[7.5349,45.93988],[7.53628,45.9396],[7.54246,45.93718],[7.54417,45.936],[7.54726,45.93648],[7.548,45.93802],[7.54624,45.9416],[7.54594,45.94399],[7.54695,45.94661],[7.54726,45.9489],[7.54846,45.95139],[7.54877,45.95378],[7.54972,45.95568],[7.55083,45.95688],[7.55201,45.9595],[7.55233,45.96237],[7.5533,45.96499],[7.55348,45.96857],[7.55482,45.97001],[7.55825,45.9709],[7.55962,45.9708],[7.5634,45.96958],[7.56416,45.96905],[7.56419,45.96809],[7.56541,45.96714],[7.56643,45.96475],[7.56594,45.96332],[7.56599,45.96213],[7.56871,45.96094],[7.56955,45.95879],[7.57165,45.95616],[7.57146,45.95354],[7.56834,45.95139],[7.5689,45.949],[7.56834,45.94685],[7.57005,45.94423],[7.57372,45.94184],[7.57407,45.94088],[7.57345,45.93969],[7.57198,45.93868],[7.57095,45.93861],[7.56821,45.93927],[7.56752,45.93903],[7.5673,45.9385],[7.56855,45.93591],[7.57179,45.93444],[7.57342,45.93277],[7.57345,45.93229],[7.57246,45.93086],[7.57232,45.92895],[7.57154,45.92751],[7.57426,45.92536],[7.5737,45.92472],[7.57027,45.923],[7.56512,45.92146],[7.56441,45.92059],[7.56432,45.91987],[7.56568,45.91772],[7.5656,45.917],[7.56409,45.91679],[7.55791,45.91685],[7.55478,45.91772],[7.55345,45.91509],[7.55241,45.91433],[7.54795,45.9124],[7.54658,45.91259],[7.54436,45.91223],[7.54422,45.91175],[7.54536,45.9096],[7.54794,45.90721],[7.54882,45.90434],[7.54897,45.90196],[7.55035,45.90118],[7.55295,45.90076],[7.55355,45.90028],[7.55352,45.8998],[7.55241,45.89866],[7.55075,45.89598],[7.54951,45.89025]],[[7.56347,45.89025],[7.56461,45.89144],[7.56503,45.89407],[7.56601,45.8955],[7.56477,45.89663],[7.56463,45.89885],[7.56786,45.90171],[7.56958,45.90187],[7.57095,45.90237],[7.57404,45.9045],[7.57816,45.90507],[7.57949,45.90434],[7.58091,45.90218],[7.58127,45.90124],[7.58092,45.89957],[7.58125,45.89906],[7.58194,45.89884],[7.58702,45.90004],[7.58789,45.90076],[7.58915,45.90322],[7.59224,45.90508],[7.59372,45.90554],[7.5943,45.90845],[7.59573,45.91223],[7.59499,45.91285],[7.59121,45.91316],[7.59086,45.91581],[7.59338,45.92202],[7.59378,45.9256],[7.59457,45.92656],[7.59474,45.92871],[7.59593,45.93324],[7.59767,45.93468],[7.59802,45.93659],[7.59911,45.93832],[7.6022,45.94062],[7.60494,45.9419],[7.60748,45.94256],[7.61009,45.94437],[7.61284,45.9458],[7.61303,45.94757],[7.61241,45.95043],[7.6127,45.95163],[7.61421,45.95344],[7.61548,45.95688],[7.61667,45.95783],[7.61765,45.9582],[7.62039,45.95811],[7.6252,45.95895],[7.62863,45.95847],[7.63029,45.9595],[7.63138,45.9611],[7.63275,45.96179],[7.63412,45.96204],[7.63618,45.96181],[7.63802,45.96022],[7.63996,45.95965],[7.64366,45.95974],[7.64545,45.96053],[7.64957,45.9606],[7.65198,45.96104],[7.65472,45.96064],[7.65644,45.96105],[7.657,45.96094],[7.65788,45.95998],[7.66159,45.96],[7.66431,45.9595],[7.66545,45.95831],[7.667,45.95497],[7.66674,45.95277],[7.66846,45.95104],[7.66914,45.95076],[7.67163,45.95067],[7.67296,45.94924],[7.6777,45.94829],[7.67979,45.94711],[7.67985,45.94566],[7.68047,45.94447],[7.6806,45.94136],[7.68331,45.93993],[7.68361,45.93945],[7.68144,45.9373],[7.68219,45.93544],[7.68391,45.93394],[7.68528,45.93444],[7.68631,45.93447],[7.68855,45.93324],[7.68853,45.93253],[7.68494,45.93073],[7.68322,45.93178],[7.68288,45.93282],[7.68082,45.93241],[7.67992,45.93181],[7.67911,45.93038],[7.67927,45.92656],[7.6804,45.92465],[7.68013,45.92321],[7.67841,45.92106],[7.67464,45.91885],[7.67361,45.91846],[7.66846,45.91777],[7.66434,45.91847],[7.65404,45.91908],[7.65284,45.91844],[7.65184,45.91724],[7.65152,45.91581],[7.64992,45.9135],[7.64807,45.91247],[7.6482,45.91218],[7.64889,45.91209],[7.64961,45.91318],[7.65026,45.91335],[7.65404,45.91308],[7.65644,45.91435],[7.66159,45.91429],[7.66463,45.91294],[7.66811,45.91262],[7.67288,45.91008],[7.67317,45.90936],[7.67267,45.90841],[7.67365,45.90697],[7.67317,45.90554],[7.6733,45.90458],[7.67513,45.90339],[7.67765,45.901],[7.6782,45.8998],[7.67843,45.89789],[7.67567,45.89646],[7.67512,45.89527],[7.67326,45.89409],[7.67401,45.89168],[7.67394,45.89025]],[[7.88595,45.89025],[7.88462,45.89407],[7.88457,45.89789],[7.88516,45.89933],[7.88692,45.90076],[7.88534,45.90315],[7.88529,45.90482],[7.88773,45.90912],[7.89162,45.91097],[7.89265,45.91099],[7.89436,45.91173],[7.89608,45.912],[7.89883,45.91366],[7.90089,45.9141],[7.9026,45.91397],[7.90398,45.91443],[7.90513,45.91366],[7.9072,45.91342],[7.90981,45.91265]],[[7.68574,45.89025],[7.68288,45.89245],[7.68161,45.89503],[7.68047,45.89576],[7.67923,45.89742],[7.67916,45.89885],[7.68169,45.90291],[7.68199,45.90434],[7.68391,45.90557],[7.68521,45.90817],[7.68636,45.90888],[7.69009,45.90911],[7.6918,45.90696],[7.69386,45.90555],[7.69282,45.90411],[7.69318,45.9036],[7.69421,45.90339],[7.69571,45.90363],[7.69668,45.90411],[7.69732,45.90482],[7.6983,45.90721],[7.69936,45.90795],[7.70485,45.90991],[7.70897,45.90928],[7.7124,45.90702],[7.71236,45.90506],[7.71341,45.90196],[7.71584,45.89929],[7.71727,45.89861],[7.72133,45.89743],[7.72442,45.89756],[7.72688,45.8967],[7.72765,45.89503],[7.72695,45.89335],[7.72738,45.89073],[7.7282,45.89025],[7.72857,45.89073],[7.73088,45.89192],[7.73091,45.89288],[7.73163,45.89338],[7.73918,45.89589],[7.74021,45.89753],[7.74193,45.89845],[7.74296,45.8996],[7.74478,45.90339],[7.74667,45.9053],[7.74776,45.90725],[7.74859,45.90745],[7.75051,45.90973],[7.75291,45.91067],[7.75429,45.9109],[7.75566,45.91063],[7.75703,45.9096],[7.75978,45.91031],[7.76356,45.90902],[7.76448,45.90769],[7.76573,45.90673],[7.76708,45.90363],[7.76802,45.90313],[7.76974,45.90333],[7.77077,45.90274],[7.77176,45.90052],[7.77343,45.89957],[7.77332,45.89861],[7.77375,45.89742],[7.77312,45.8955],[7.77386,45.89455],[7.77341,45.89264],[7.77354,45.89096],[7.77396,45.89025]],[[7.53078,45.90445],[7.53012,45.90387],[7.52996,45.90315],[7.53113,45.90105],[7.53216,45.90178],[7.53239,45.90243],[7.53181,45.90403],[7.53078,45.90445]],[[7.80183,45.89025],[7.80697,45.8924],[7.80769,45.89311],[7.80829,45.89455],[7.81019,45.89622],[7.81403,45.89822],[7.81574,45.89854],[7.82055,45.89696],[7.82295,45.89727],[7.82467,45.89703],[7.82572,45.89574],[7.82658,45.89144],[7.82757,45.89025]],[[7.53135,45.89025],[7.52941,45.89102],[7.52864,45.89192],[7.53083,45.89622],[7.5309,45.8967],[7.53044,45.89707],[7.52701,45.89604],[7.52289,45.89615],[7.52203,45.89574],[7.52048,45.8943],[7.5174,45.8939],[7.51606,45.89335],[7.51603,45.89264],[7.51945,45.8912],[7.52018,45.89025]]]}},{"type":"Feature","properties":{"ele":2900,"major":0},"geometry":{"type":"MultiLineString","coordinates":[[[7.56825,46.07323],[7.56924,46.07225],[7.56979,46.07085],[7.5677,46.06823],[7.56855,46.06791],[7.57233,46.06765],[7.57404,46.06705],[7.57569,46.06561],[7.57619,46.06394],[7.57816,46.06277],[7.57852,46.06227],[7.57654,46.06084],[7.57634,46.05965],[7.57518,46.05846],[7.57486,46.0556],[7.58125,46.05489],[7.58326,46.05393],[7.58428,46.05251],[7.5839,46.0506],[7.58551,46.04917],[7.58506,46.04726],[7.58703,46.0456],[7.58674,46.04488],[7.5856,46.04393],[7.58686,46.04274],[7.58717,46.04202],[7.58593,46.03845],[7.58635,46.03487],[7.58676,46.03416],[7.58865,46.03273],[7.58898,46.03177],[7.58743,46.02996],[7.58582,46.02867],[7.58505,46.02748],[7.58312,46.02605],[7.58286,46.0251],[7.58421,46.02319],[7.58428,46.02224],[7.58254,46.01985],[7.58198,46.01747],[7.58022,46.01647],[7.57748,46.01575],[7.57404,46.01633],[7.5713,46.01515],[7.56924,46.01474],[7.56512,46.01583],[7.56271,46.01709],[7.56065,46.01866],[7.55974,46.02033],[7.55962,46.02424],[7.55858,46.02557],[7.55791,46.0258],[7.55741,46.02557],[7.55603,46.02343],[7.55489,46.02248],[7.55379,46.02186],[7.55035,46.02082],[7.54701,46.01914],[7.54673,46.0189],[7.54692,46.0179],[7.54349,46.01718],[7.53937,46.01701],[7.53829,46.01795],[7.53751,46.01985],[7.53662,46.02086],[7.53395,46.02248],[7.53293,46.02557],[7.53061,46.02796],[7.52962,46.03058],[7.53044,46.03182],[7.53216,46.03335],[7.53319,46.03381],[7.53559,46.03394],[7.53716,46.03582],[7.53681,46.03654],[7.53463,46.03797],[7.53397,46.03964],[7.53395,46.04202],[7.53541,46.04512],[7.53365,46.04679],[7.53333,46.04822],[7.53504,46.05036],[7.53493,46.05108],[7.5325,46.05366],[7.52975,46.05357],[7.52542,46.05465],[7.5222,46.05829],[7.51774,46.06067],[7.51671,46.0605],[7.51534,46.05892],[7.51122,46.05632],[7.5114,46.05584],[7.5119,46.05568],[7.51534,46.05626],[7.51705,46.05616],[7.51877,46.05524],[7.51949,46.05274],[7.52139,46.05012],[7.52144,46.04869],[7.52083,46.04792],[7.51774,46.04662],[7.51348,46.04393],[7.5138,46.04131],[7.51263,46.03845],[7.51128,46.03725],[7.51156,46.03635],[7.51468,46.03392],[7.51458,46.03082],[7.51411,46.02963],[7.51518,46.02772],[7.51485,46.02629],[7.51302,46.02438],[7.51087,46.02128],[7.50889,46.01961],[7.50637,46.01652],[7.50504,46.01568],[7.50263,46.01615],[7.50092,46.01594],[7.50039,46.01556],[7.50034,46.01461],[7.50057,46.01426],[7.50126,46.0141],[7.50538,46.01482],[7.50605,46.01461],[7.50654,46.01413],[7.5072,46.01151],[7.50851,46.01055],[7.50612,46.00698],[7.50407,46.00507],[7.50401,46.00412],[7.50504,46.00388],[7.50641,46.00404],[7.50847,46.0053],[7.51156,46.00564],[7.51259,46.00607],[7.51534,46.00616],[7.51727,46.00555],[7.5176,46.00459],[7.5175,46.00173],[7.51602,46.0001],[7.51534,45.99853],[7.51288,45.99672],[7.51268,45.99601],[7.51308,45.99553],[7.51455,45.99482],[7.51671,45.99462],[7.52083,45.99563],[7.52348,45.9941],[7.52632,45.99364],[7.52774,45.99243],[7.52783,45.99028],[7.52898,45.98837],[7.52906,45.98694],[7.53106,45.98527],[7.53205,45.98265],[7.53158,45.98074],[7.53215,45.97931],[7.53197,45.97788],[7.52963,45.97597],[7.52958,45.97478],[7.52858,45.97311],[7.52888,45.97024],[7.53073,45.96929],[7.52936,45.96833],[7.52883,45.96547],[7.52598,45.96474],[7.5222,45.96521],[7.51945,45.96632],[7.51807,45.96738],[7.51715,45.97024],[7.51644,45.9712],[7.51637,45.97284],[7.51505,45.97478],[7.51526,45.97668],[7.51629,45.97859],[7.51638,45.98074],[7.51546,45.98217],[7.51362,45.984],[7.51156,45.98467],[7.5095,45.9845],[7.50675,45.98537],[7.50538,45.98531],[7.50401,45.98446],[7.49992,45.98337],[7.4968,45.98146],[7.49268,45.98082],[7.49165,45.98093],[7.49062,45.98138],[7.48981,45.98265],[7.48787,45.98393],[7.48444,45.98423],[7.48238,45.98508],[7.47963,45.98493],[7.4788,45.98527],[7.47872,45.98623],[7.47965,45.98766],[7.47891,45.98885],[7.47896,45.98933],[7.48395,45.99434],[7.48238,45.9948],[7.48166,45.99529],[7.47887,45.99815],[7.47737,45.99911],[7.47732,46.00054],[7.4762,46.00141],[7.47517,46.00159],[7.47406,46.00125],[7.47414,45.99863],[7.47364,45.9972],[7.4707,45.99598]],[[7.64508,46.07323],[7.64408,46.07133],[7.64447,46.07013],[7.64753,46.06894],[7.65024,46.06632],[7.65079,46.06299],[7.65381,46.06061],[7.65507,46.05888],[7.65816,46.05947],[7.65919,46.05911],[7.6608,46.05727],[7.66238,46.05441],[7.65938,46.04941],[7.65654,46.04798],[7.65472,46.04649],[7.65163,46.04499],[7.65008,46.04345],[7.64889,46.04321],[7.64848,46.04321],[7.64568,46.04583],[7.6453,46.04774],[7.64545,46.04948],[7.64477,46.0503],[7.63959,46.04607],[7.63863,46.04464],[7.63756,46.04404],[7.63481,46.04346],[7.63395,46.04369],[7.63265,46.04464],[7.63217,46.04536],[7.63179,46.04822],[7.63062,46.05084],[7.63118,46.05251],[7.63104,46.05322],[7.62863,46.05555],[7.62758,46.05727],[7.62623,46.05819],[7.62211,46.05916],[7.61785,46.06156],[7.61583,46.06346],[7.61565,46.06442],[7.61655,46.06561],[7.61765,46.06658],[7.61936,46.06697],[7.61981,46.06799],[7.61832,46.07133],[7.6164,46.07323]],[[7.8081,46.07323],[7.81029,46.07133],[7.81403,46.07012],[7.81498,46.06918],[7.81529,46.06751],[7.81609,46.06702],[7.81849,46.06731],[7.82055,46.06827],[7.82913,46.06872],[7.83222,46.06835],[7.83349,46.06775],[7.83337,46.06632],[7.83396,46.06513],[7.83414,46.06275],[7.83178,46.05965],[7.82943,46.05822],[7.82948,46.05729],[7.83143,46.05608],[7.83129,46.05465],[7.8319,46.05393],[7.83428,46.05358],[7.83806,46.05369],[7.84015,46.05274],[7.84134,46.05108],[7.8409,46.04845],[7.84273,46.04726],[7.84315,46.04655],[7.84193,46.04464],[7.84198,46.04393],[7.84458,46.04364],[7.8463,46.04288],[7.84904,46.04265],[7.84985,46.04226],[7.84934,46.04059],[7.84985,46.03845],[7.84907,46.03678],[7.84939,46.0349],[7.85077,46.0332],[7.85099,46.03201],[7.84904,46.02946],[7.84695,46.0282],[7.847,46.02462],[7.84527,46.02347],[7.84389,46.02304],[7.84115,46.02324],[7.83737,46.02507],[7.83394,46.02562],[7.83314,46.02629],[7.83295,46.02796],[7.83213,46.02939],[7.82913,46.03068],[7.82776,46.03037],[7.82604,46.02912],[7.82192,46.02805],[7.81986,46.02801],[7.81922,46.02867],[7.81918,46.03163],[7.82089,46.03392],[7.82261,46.03514],[7.82261,46.03645],[7.82158,46.03662],[7.81849,46.03527],[7.81746,46.03533],[7.81603,46.03606],[7.813,46.03658],[7.80991,46.03627],[7.80853,46.03529],[7.8075,46.03538],[7.8066,46.03654],[7.8071,46.0444],[7.80634,46.04774],[7.80579,46.04827],[7.80167,46.04937],[7.80104,46.04893],[7.80022,46.04679],[7.79789,46.04498],[7.79714,46.04393],[7.79692,46.04297],[7.79739,46.04131],[7.79723,46.04035],[7.79474,46.03868],[7.79453,46.03821],[7.79549,46.03701],[7.79967,46.03416],[7.80225,46.03106],[7.80306,46.02867],[7.80278,46.02629],[7.80228,46.02534],[7.80167,46.0251],[7.79701,46.02724],[7.79343,46.02768],[7.79279,46.02748],[7.79236,46.02462],[7.79351,46.02033],[7.79446,46.01959],[7.79823,46.01863],[7.80098,46.01871],[7.80579,46.0206],[7.81094,46.01926],[7.81506,46.01922],[7.81746,46.0188],[7.82673,46.01882],[7.83246,46.01723],[7.83394,46.01527],[7.83669,46.01397],[7.84904,46.01138],[7.85279,46.00936],[7.85328,46.00865],[7.85248,46.00743],[7.85076,46.00676],[7.84893,46.00555],[7.84788,46.00412],[7.84521,46.00292],[7.84406,46.00078],[7.84115,45.99876],[7.84012,45.99693],[7.83835,45.99601],[7.8336,45.99619],[7.83119,45.99569],[7.82845,45.9955],[7.82673,45.99573],[7.8233,45.9969],[7.82208,45.99672],[7.82089,45.99605],[7.8154,45.99623],[7.81403,45.99551],[7.81162,45.99511],[7.80853,45.99349],[7.80716,45.99315],[7.80441,45.99474],[7.79961,45.9948],[7.79629,45.99601],[7.7948,45.9961],[7.79308,45.99545],[7.79102,45.99515],[7.79062,45.99482],[7.79211,45.99338],[7.79254,45.99243],[7.79159,45.99028],[7.79125,45.98814],[7.78999,45.98805],[7.78725,45.98851],[7.78416,45.98975],[7.78244,45.98996],[7.77946,45.98933],[7.77695,45.9873],[7.77454,45.98683],[7.7717,45.98551],[7.77152,45.98504],[7.77329,45.98265],[7.77416,45.98193],[7.77557,45.98151],[7.78381,45.98112],[7.78725,45.9817],[7.79274,45.98215],[7.79995,45.98092],[7.80201,45.9808],[7.81107,45.98337],[7.81265,45.98355],[7.81712,45.98256],[7.82467,45.98008],[7.82671,45.97883],[7.8266,45.97836],[7.82501,45.97765],[7.8237,45.97645],[7.82366,45.97454],[7.8224,45.97263],[7.82352,45.97],[7.82021,45.96951],[7.81963,45.96905],[7.81924,45.96762],[7.81993,45.96642],[7.82299,45.9638],[7.8233,45.95854],[7.82192,45.95768],[7.81815,45.95723],[7.81609,45.95652],[7.81481,45.95473],[7.8147,45.95258],[7.81025,45.95086],[7.80785,45.94882],[7.80544,45.94857],[7.8027,45.94735],[7.79961,45.94756],[7.7984,45.94805],[7.79708,45.95258],[7.79514,45.95428],[7.79377,45.95454],[7.79274,45.95362],[7.79137,45.95358],[7.78587,45.95478],[7.78416,45.95602],[7.78347,45.95571],[7.78275,45.95473],[7.78038,45.95281],[7.77901,45.9525],[7.77489,45.95257],[7.77283,45.95213],[7.77042,45.95243],[7.76802,45.95389],[7.76527,45.95505],[7.76184,45.95455],[7.75532,45.95572],[7.75419,45.9564],[7.75409,45.95783],[7.7536,45.95813],[7.75154,45.95675],[7.74811,45.95624],[7.74708,45.95577],[7.74665,45.95521],[7.74669,45.95378],[7.7457,45.95327],[7.74364,45.95343],[7.73884,45.95294],[7.73781,45.95357],[7.73712,45.95521],[7.73575,45.95687],[7.73403,45.95792],[7.73129,45.9573],[7.72923,45.95839],[7.72648,45.95724],[7.72511,45.95573],[7.72451,45.95568],[7.7241,45.95974],[7.72442,45.96077],[7.72608,45.96284],[7.73111,45.9669],[7.73217,45.96809],[7.73197,45.96927],[7.73129,45.9702],[7.7306,45.97055],[7.72854,45.96973],[7.72442,45.96915],[7.72331,45.96977],[7.72305,45.97133],[7.72202,45.97205],[7.72133,45.97211],[7.72066,45.97167],[7.72064,45.97002],[7.71687,45.96877],[7.71036,45.97048],[7.70955,45.97096],[7.70863,45.9723],[7.70588,45.97385],[7.70528,45.97358],[7.70341,45.97144],[7.69524,45.96994],[7.69318,45.96893],[7.69146,45.96959],[7.68768,45.96976],[7.68528,45.96941],[7.68116,45.97003],[7.68013,45.97066],[7.67909,45.97191],[7.6782,45.97406],[7.67821,45.97597],[7.67985,45.97812],[7.68031,45.97955],[7.6815,45.98052],[7.68264,45.98313],[7.68597,45.98569],[7.68768,45.98761],[7.68665,45.98743],[7.68288,45.98564],[7.68116,45.98531],[7.67944,45.98536],[7.67567,45.98596],[7.67017,45.98772],[7.6688,45.98831],[7.66571,45.9904],[7.66022,45.9913],[7.65301,45.99105],[7.65095,45.9906],[7.64545,45.99041],[7.6403,45.98951],[7.63927,45.9891],[7.63841,45.98742],[7.63548,45.98599],[7.63412,45.98454],[7.63103,45.98319],[7.63029,45.98146],[7.6285,45.97907],[7.6276,45.97837],[7.62657,45.97799],[7.6228,45.97778],[7.62074,45.97816],[7.62049,45.97812],[7.62076,45.97764],[7.62039,45.97746],[7.61936,45.97803],[7.6149,45.9786],[7.6125,45.97951],[7.60769,45.9807],[7.60601,45.98146],[7.60519,45.98241],[7.60514,45.98384],[7.60634,45.98718],[7.60457,45.99004],[7.60563,45.99159],[7.60666,45.99212],[7.61009,45.99215],[7.61181,45.99254],[7.61524,45.99456],[7.61631,45.99577],[7.61593,45.99635],[7.61318,45.99576],[7.61118,45.99625],[7.60675,46.00125],[7.60794,46.00483],[7.60727,46.0065],[7.60739,46.00841],[7.60953,46.01246],[7.61078,46.01322],[7.6125,46.01354],[7.61353,46.01343],[7.62005,46.00984],[7.62245,46.00797],[7.62863,46.00644],[7.63,46.00524],[7.63659,46.00579],[7.63819,46.0065],[7.63765,46.0096],[7.63792,46.01055],[7.63859,46.01116],[7.64683,46.01431],[7.64889,46.01453],[7.65198,46.0143],[7.65919,46.01676],[7.66032,46.01795],[7.66159,46.02194],[7.66274,46.02343],[7.66324,46.02534],[7.66502,46.02643],[7.66674,46.02686],[7.67017,46.02658],[7.67298,46.0251],[7.67355,46.02438],[7.67411,46.02152],[7.67407,46.01842],[7.67525,46.01747],[7.67841,46.01646],[7.68082,46.01653],[7.68253,46.01727],[7.68425,46.01752],[7.68631,46.0183],[7.69077,46.01937],[7.69318,46.02064],[7.69798,46.02028],[7.70107,46.01956],[7.70485,46.01994],[7.70581,46.02057],[7.70466,46.02224],[7.70561,46.02605],[7.70485,46.02683],[7.7021,46.02793],[7.6991,46.03034],[7.69846,46.03344],[7.69738,46.03511],[7.69767,46.03606],[7.6997,46.03836],[7.69928,46.04131],[7.69975,46.04226],[7.70098,46.04345],[7.70391,46.04464],[7.70519,46.04548],[7.71446,46.04698],[7.71824,46.04817],[7.71961,46.04797],[7.7203,46.04751],[7.72141,46.04417],[7.72202,46.04364],[7.72476,46.04471],[7.72682,46.04611],[7.72888,46.04692],[7.72991,46.04704],[7.73188,46.04512],[7.73241,46.03988],[7.733,46.03915],[7.73369,46.03903],[7.73622,46.04321],[7.74055,46.04782],[7.74193,46.04841],[7.74467,46.04843],[7.74742,46.04994],[7.74794,46.05084],[7.74811,46.05348],[7.74906,46.05489],[7.74908,46.0556],[7.74854,46.05679],[7.74673,46.05819],[7.74518,46.06013],[7.74779,46.06156],[7.74832,46.06227],[7.74811,46.06263],[7.74673,46.06252],[7.74502,46.06147],[7.74364,46.06133],[7.73815,46.06233],[7.73575,46.06365],[7.73525,46.06227],[7.733,46.06129],[7.73026,46.06111],[7.72888,46.0606],[7.72442,46.06046],[7.72167,46.06199],[7.71893,46.06507],[7.71793,46.06823],[7.71551,46.07133],[7.71492,46.07323]],[[7.90981,46.0698],[7.90844,46.06979],[7.90775,46.07033],[7.90776,46.07156],[7.90718,46.07323]],[[7.73403,46.03804],[7.73323,46.03725],[7.73369,46.03676],[7.73445,46.03749],[7.73403,46.03804]],[[7.90981,45.93176],[7.90822,45.93348],[7.90707,45.9339],[7.90535,45.93335],[7.90226,45.9337],[7.89917,45.93539],[7.89642,45.93519],[7.89436,45.93555],[7.89303,45.93635],[7.89162,45.93779],[7.89069,45.93921],[7.8902,45.94088],[7.89082,45.94184],[7.89105,45.94375],[7.89314,45.9459],[7.89299,45.94615],[7.88871,45.94757],[7.88826,45.94805],[7.88775,45.94996],[7.88856,45.95187],[7.8906,45.95401],[7.89083,45.95497],[7.88991,45.95616],[7.88853,45.95616],[7.88708,45.95688],[7.88569,45.95879],[7.8864,45.96046],[7.88757,45.96165],[7.89024,45.9628],[7.89069,45.96356],[7.89024,45.96502],[7.8887,45.96642],[7.88668,45.96905],[7.88664,45.96977],[7.88731,45.9712],[7.88956,45.97222],[7.89162,45.97271],[7.90054,45.97348],[7.90192,45.97387],[7.9026,45.97469],[7.90314,45.97716],[7.90378,45.97836],[7.90707,45.98267],[7.90981,45.98489]],[[7.4707,45.91355],[7.47482,45.91407],[7.47515,45.9139],[7.47525,45.91294],[7.47609,45.91247],[7.47654,45.91252],[7.47917,45.91605],[7.47886,45.9182],[7.48066,45.92053],[7.48135,45.92244],[7.48203,45.92289],[7.48478,45.9232],[7.48643,45.92274],[7.48752,45.92202],[7.48826,45.92059],[7.48805,45.91868],[7.48993,45.91795],[7.49037,45.917],[7.49096,45.91662],[7.49198,45.91677],[7.49225,45.91724],[7.4909,45.91915],[7.49093,45.91963],[7.4915,45.92011],[7.49405,45.92059],[7.49577,45.92001],[7.49886,45.92201],[7.50023,45.92229],[7.50401,45.92231],[7.50526,45.92298],[7.50512,45.92345],[7.50298,45.92515],[7.4992,45.92678],[7.49783,45.92775],[7.49338,45.9299],[7.48787,45.93022],[7.484,45.93157],[7.48252,45.93301],[7.48209,45.93396],[7.48287,45.93611],[7.48586,45.93921],[7.48594,45.94184],[7.48445,45.94351],[7.48517,45.94566],[7.48993,45.94927],[7.49142,45.94996],[7.49542,45.95013],[7.49783,45.94992],[7.50023,45.95039],[7.50097,45.95091],[7.50209,45.95282],[7.50572,45.95491],[7.50757,45.95497],[7.50927,45.95449],[7.51069,45.95115],[7.51019,45.94929],[7.50837,45.94733],[7.50794,45.94614],[7.5083,45.9447],[7.50795,45.94184],[7.50984,45.93907],[7.51053,45.93873],[7.51431,45.93841],[7.51585,45.93683],[7.51911,45.93542],[7.52047,45.93372],[7.52117,45.93332],[7.52563,45.93256],[7.52838,45.93295],[7.52891,45.93324],[7.52934,45.93444],[7.52924,45.93659],[7.52699,45.93969],[7.52669,45.94065],[7.52735,45.94153],[7.52838,45.94199],[7.52941,45.94191],[7.53148,45.94112],[7.53628,45.9405],[7.54089,45.93897],[7.5444,45.93706],[7.5452,45.93724],[7.54567,45.93802],[7.54428,45.94351],[7.5451,45.94852],[7.54741,45.95545],[7.54989,45.95855],[7.5507,45.96028],[7.55129,45.96428],[7.55252,45.96881],[7.55367,45.97048],[7.55653,45.97269],[7.55825,45.97313],[7.55974,45.97287],[7.56271,45.97078],[7.56675,45.97],[7.56994,45.96786],[7.56998,45.96738],[7.56777,45.96332],[7.56821,45.96293],[7.57056,45.96213],[7.57103,45.96165],[7.57164,45.95997],[7.57276,45.95879],[7.57345,45.95712],[7.5741,45.95401],[7.5737,45.95292],[7.57034,45.95067],[7.57085,45.94852],[7.57064,45.94661],[7.57183,45.9447],[7.57507,45.94237],[7.57558,45.94112],[7.57543,45.93969],[7.57491,45.93897],[7.57336,45.9379],[7.57053,45.93683],[7.5703,45.93635],[7.57092,45.93587],[7.57336,45.93504],[7.57519,45.93348],[7.57551,45.93205],[7.57426,45.93038],[7.57418,45.92918],[7.57507,45.92799],[7.57748,45.92622],[7.57776,45.92513],[7.57748,45.92424],[7.57645,45.92353],[7.56889,45.92151],[7.56631,45.92059],[7.56568,45.92011],[7.56595,45.91915],[7.56855,45.91712],[7.56917,45.91605],[7.56889,45.91575],[7.56649,45.91529],[7.56237,45.9161],[7.55619,45.91597],[7.5555,45.91551],[7.55423,45.91247],[7.5531,45.91164],[7.55104,45.91204],[7.54692,45.91161],[7.54607,45.91127],[7.54615,45.91032],[7.54877,45.90769],[7.55043,45.90267],[7.55138,45.90227],[7.55482,45.90212],[7.55585,45.90171],[7.5564,45.901],[7.55545,45.89957],[7.5531,45.89771],[7.55183,45.89598],[7.55039,45.89025]],[[7.55943,45.89025],[7.5606,45.89192],[7.56161,45.89503],[7.56252,45.89622],[7.56316,45.89933],[7.56502,45.90076],[7.56652,45.90363],[7.56648,45.90506],[7.56718,45.90561],[7.57027,45.90663],[7.57301,45.90861],[7.57404,45.90891],[7.57576,45.90891],[7.57851,45.90838],[7.58134,45.90482],[7.58263,45.9019],[7.584,45.90081],[7.58652,45.90124],[7.58949,45.90482],[7.59266,45.90649],[7.59331,45.90745],[7.59389,45.91079],[7.59258,45.91133],[7.59121,45.91114],[7.58984,45.9113],[7.58902,45.91175],[7.58883,45.91247],[7.58945,45.91414],[7.58921,45.91581],[7.59121,45.91786],[7.59212,45.92035],[7.59191,45.9225],[7.59218,45.92369],[7.59182,45.92536],[7.59281,45.92918],[7.59499,45.93449],[7.5967,45.93624],[7.59845,45.93897],[7.60048,45.94077],[7.60391,45.94274],[7.60749,45.94375],[7.60906,45.9451],[7.61081,45.9459],[7.61215,45.94717],[7.61122,45.94924],[7.61093,45.9521],[7.61318,45.95426],[7.6154,45.95807],[7.61826,45.96165],[7.61971,45.96201],[7.62142,45.96113],[7.62383,45.961],[7.62601,45.96022],[7.62897,45.95974],[7.62976,45.96022],[7.63035,45.96176],[7.63309,45.96381],[7.63447,45.96418],[7.63721,45.96391],[7.6403,45.96203],[7.64133,45.96178],[7.64339,45.96218],[7.64545,45.9635],[7.64683,45.96394],[7.65404,45.96362],[7.65678,45.96312],[7.65987,45.96388],[7.6609,45.96384],[7.66219,45.96284],[7.66275,45.96165],[7.66743,45.95935],[7.6678,45.95879],[7.66778,45.95736],[7.6688,45.95588],[7.67532,45.95226],[7.6853,45.94781],[7.68776,45.94447],[7.68771,45.94256],[7.69025,45.94088],[7.69112,45.93906],[7.69318,45.9387],[7.69155,45.93539],[7.69318,45.93298],[7.69347,45.93038],[7.6918,45.92783],[7.69077,45.92756],[7.68871,45.92787],[7.68768,45.9276],[7.68759,45.92584],[7.68643,45.92417],[7.68562,45.92369],[7.68281,45.92298],[7.68278,45.92226],[7.68388,45.92059],[7.6831,45.91963],[7.67944,45.91843],[7.67752,45.91748],[7.67567,45.91712],[7.67189,45.91733],[7.6688,45.91666],[7.66571,45.91737],[7.66125,45.91721],[7.66033,45.91653],[7.66055,45.91581],[7.66262,45.91572],[7.66502,45.91514],[7.66777,45.91534],[7.66949,45.91507],[7.67017,45.91465],[7.67055,45.91366],[7.6713,45.91294],[7.67567,45.91038],[7.67704,45.91014],[7.67807,45.9106],[7.67986,45.91271],[7.68082,45.91309],[7.68219,45.91297],[7.68415,45.91223],[7.68562,45.91075],[7.687,45.91078],[7.68879,45.91271],[7.68878,45.91438],[7.69009,45.91596],[7.69112,45.9164],[7.69249,45.91634],[7.69421,45.91518],[7.69592,45.91446],[7.6964,45.9139],[7.69651,45.91318],[7.69572,45.91127],[7.69627,45.91039],[7.6973,45.90961],[7.69833,45.90954],[7.70245,45.91029],[7.70519,45.91109],[7.70657,45.91116],[7.70863,45.91092],[7.71234,45.90936],[7.71364,45.90817],[7.71392,45.90578],[7.71446,45.90447],[7.71515,45.90419],[7.71734,45.90411],[7.71927,45.90298],[7.72012,45.90219],[7.72081,45.90052],[7.72339,45.89884],[7.72442,45.89872],[7.72579,45.89903],[7.72662,45.8998],[7.73131,45.90172],[7.73266,45.90192],[7.73382,45.90172],[7.73429,45.901],[7.734,45.90028],[7.72894,45.89574],[7.72906,45.89479],[7.73026,45.89405],[7.73776,45.89646],[7.7388,45.89837],[7.74193,45.8996],[7.74258,45.90052],[7.74364,45.90445],[7.74639,45.90702],[7.7472,45.90817],[7.74795,45.90984],[7.74814,45.91151],[7.74982,45.91335],[7.75051,45.91341],[7.75223,45.9124],[7.75532,45.91261],[7.75772,45.91212],[7.76115,45.91291],[7.7639,45.91313],[7.76476,45.91271],[7.76626,45.90984],[7.76856,45.90841],[7.76871,45.90551],[7.77111,45.90536],[7.77225,45.90363],[7.77386,45.90251],[7.77715,45.90219],[7.778,45.90172],[7.77811,45.901],[7.77681,45.89909],[7.77744,45.89789],[7.77964,45.89718],[7.78005,45.89646],[7.77971,45.89598],[7.77712,45.89455],[7.77566,45.89288],[7.77561,45.89216],[7.77685,45.89025]],[[7.88453,45.89025],[7.8836,45.89407],[7.88324,45.89909],[7.88406,45.90148],[7.88356,45.90339],[7.88355,45.90626],[7.88396,45.90793],[7.88468,45.90888],[7.8879,45.91103],[7.89196,45.91195],[7.89299,45.91245],[7.89469,45.91438],[7.89583,45.91509],[7.8978,45.91583],[7.9002,45.91604],[7.9026,45.9173],[7.90466,45.91727],[7.90672,45.91569],[7.90981,45.9151]],[[7.67773,45.90845],[7.67691,45.90745],[7.67738,45.90675],[7.67807,45.90647],[7.67862,45.90697],[7.67866,45.90769],[7.67841,45.90831],[7.67773,45.90845]],[[7.56992,45.90459],[7.56992,45.90459]],[[7.67876,45.9046],[7.67841,45.90455],[7.67831,45.90411],[7.6791,45.90355],[7.67876,45.9046]],[[7.79941,45.89025],[7.79995,45.89132],[7.80064,45.89185],[7.80407,45.89243],[7.80568,45.89311],[7.80613,45.89545],[7.80716,45.89759],[7.81094,45.8994],[7.81574,45.89984],[7.81883,45.89902],[7.82192,45.89945],[7.8265,45.89742],[7.82717,45.8967],[7.82732,45.89479],[7.82854,45.89192],[7.82982,45.89109],[7.83236,45.89096],[7.83313,45.89025]],[[7.68444,45.89025],[7.68227,45.89192],[7.68034,45.89431],[7.67876,45.89535],[7.67596,45.89335],[7.67586,45.8912],[7.67521,45.89025]],[[7.52384,45.89025],[7.52323,45.8909],[7.52013,45.89216],[7.51994,45.89288],[7.5246,45.89479],[7.52666,45.89493],[7.52749,45.89479],[7.52814,45.89431],[7.52817,45.89335],[7.52748,45.89144],[7.5278,45.89073],[7.52854,45.89025]]]}},{"type":"Feature","properties":{"ele":3000,"major":1},"geometry":{"type":"MultiLineString","coordinates":[[[7.57102,46.07323],[7.57138,46.07085],[7.57005,46.06942],[7.57002,46.06894],[7.57164,46.06854],[7.57473,46.06863],[7.57645,46.06837],[7.57885,46.06685],[7.58194,46.06604],[7.58257,46.06513],[7.5823,46.0637],[7.5831,46.06251],[7.58306,46.06156],[7.58177,46.06084],[7.5792,46.06013],[7.57688,46.05822],[7.57679,46.05697],[7.57851,46.05639],[7.5851,46.05608],[7.58926,46.05346],[7.58917,46.05227],[7.58757,46.05036],[7.58836,46.04893],[7.58829,46.0475],[7.59037,46.04536],[7.59034,46.04226],[7.58923,46.03916],[7.58841,46.03821],[7.58921,46.03654],[7.58883,46.03463],[7.59251,46.03106],[7.59231,46.03034],[7.58927,46.02772],[7.58787,46.02581],[7.58634,46.02462],[7.58612,46.02367],[7.58671,46.02176],[7.5849,46.01938],[7.58426,46.01747],[7.5828,46.01628],[7.57787,46.01389],[7.57645,46.01236],[7.57542,46.01235],[7.5737,46.01324],[7.56441,46.01413],[7.56183,46.0158],[7.55821,46.01914],[7.55772,46.02009],[7.55806,46.022],[7.55756,46.02245],[7.55173,46.0208],[7.55065,46.02009],[7.5502,46.01938],[7.55053,46.01723],[7.54957,46.01556],[7.54967,46.01364],[7.54864,46.01262],[7.54725,46.01222],[7.5465,46.01127],[7.54211,46.01131],[7.54005,46.01106],[7.53834,46.01149],[7.53739,46.01294],[7.53674,46.01628],[7.53576,46.01842],[7.53206,46.02295],[7.5323,46.0251],[7.53042,46.02653],[7.52759,46.03034],[7.52838,46.03154],[7.52988,46.03249],[7.53084,46.03439],[7.53284,46.03513],[7.53456,46.03518],[7.5355,46.03582],[7.53527,46.0363],[7.53358,46.03749],[7.53127,46.04059],[7.5315,46.04345],[7.53277,46.04583],[7.53169,46.04774],[7.53333,46.05012],[7.53338,46.05108],[7.53181,46.05276],[7.52735,46.05326],[7.52469,46.05417],[7.52096,46.05822],[7.5197,46.05894],[7.51877,46.0592],[7.51671,46.05908],[7.51529,46.05751],[7.51911,46.05671],[7.5212,46.0556],[7.52152,46.05251],[7.52279,46.0506],[7.52296,46.04917],[7.52247,46.0475],[7.52186,46.0467],[7.51808,46.04552],[7.51687,46.04488],[7.51595,46.04345],[7.51477,46.03916],[7.51334,46.03749],[7.51362,46.03681],[7.51568,46.03579],[7.51684,46.03416],[7.51682,46.03344],[7.51602,46.03225],[7.51655,46.0313],[7.51637,46.02844],[7.51677,46.02629],[7.51554,46.02414],[7.51529,46.022],[7.51476,46.02105],[7.51371,46.02033],[7.51067,46.01938],[7.50837,46.01699],[7.50822,46.0158],[7.50878,46.01389],[7.51076,46.01222],[7.51101,46.01079],[7.51053,46.0097],[7.50819,46.00769],[7.50744,46.00624],[7.50778,46.00601],[7.51087,46.00643],[7.51328,46.00737],[7.51774,46.00839],[7.5198,46.00831],[7.52022,46.00793],[7.5203,46.0065],[7.52105,46.00483],[7.5193,46.00269],[7.51834,45.99887],[7.51564,45.99696],[7.51547,45.99601],[7.51671,45.99567],[7.51911,45.99692],[7.52289,45.99795],[7.5246,45.99925],[7.52529,45.99945],[7.52701,45.99907],[7.52761,45.99792],[7.52892,45.99696],[7.52888,45.99505],[7.53017,45.99171],[7.52933,45.99004],[7.53071,45.98909],[7.53124,45.9879],[7.53367,45.98551],[7.5347,45.98313],[7.53541,45.97836],[7.53484,45.97692],[7.53275,45.97597],[7.53233,45.97501],[7.53113,45.97441],[7.53044,45.97358],[7.53015,45.97263],[7.53113,45.97195],[7.53353,45.9724],[7.53525,45.97213],[7.53628,45.97155],[7.54002,45.96642],[7.54,45.96571],[7.53916,45.96475],[7.5395,45.9638],[7.53902,45.96297],[7.53696,45.96193],[7.53559,45.96187],[7.53456,45.96128],[7.53216,45.96182],[7.5246,45.96193],[7.52151,45.96252],[7.51842,45.96448],[7.51499,45.96489],[7.51404,45.96523],[7.51359,45.96595],[7.51361,45.9669],[7.51526,45.96857],[7.51563,45.97167],[7.51328,45.97359],[7.51283,45.9743],[7.51364,45.97573],[7.51394,45.97764],[7.51466,45.97836],[7.51508,45.98074],[7.5135,45.98289],[7.5119,45.98392],[7.50916,45.98394],[7.50675,45.98481],[7.50538,45.98471],[7.50435,45.98393],[7.50059,45.98313],[7.49998,45.98241],[7.49841,45.98146],[7.49268,45.97904],[7.49062,45.97759],[7.48959,45.97734],[7.48856,45.97749],[7.48718,45.97831],[7.48389,45.97907],[7.481,45.98021],[7.48017,45.98098],[7.4762,45.98117],[7.47379,45.98243],[7.47343,45.98337],[7.4768,45.98623],[7.47751,45.98766],[7.47674,45.98861],[7.47675,45.98909],[7.48032,45.9916],[7.48153,45.9941],[7.4786,45.99554],[7.47815,45.99458],[7.47448,45.9927],[7.47311,45.99269],[7.4707,45.99333]],[[7.64643,46.07323],[7.64614,46.07228],[7.64648,46.07181],[7.64751,46.07163],[7.64992,46.07201],[7.65095,46.07182],[7.65295,46.07061],[7.65363,46.06918],[7.65525,46.06847],[7.65537,46.06799],[7.65427,46.0668],[7.65422,46.06537],[7.65363,46.06418],[7.65404,46.06323],[7.65781,46.06156],[7.66125,46.06156],[7.66178,46.06108],[7.66424,46.05632],[7.66538,46.0556],[7.66911,46.05489],[7.67019,46.05298],[7.67012,46.05251],[7.66945,46.05203],[7.66365,46.04994],[7.65812,46.04679],[7.65614,46.04512],[7.65339,46.04178],[7.65103,46.04011],[7.6506,46.03935],[7.64957,46.03911],[7.64889,46.03849],[7.64773,46.03868],[7.64717,46.03912],[7.64545,46.03908],[7.64227,46.04154],[7.64213,46.04321],[7.64338,46.04631],[7.64305,46.04707],[7.64207,46.04679],[7.64133,46.04513],[7.64051,46.04488],[7.6395,46.04393],[7.63642,46.04226],[7.63481,46.04086],[7.63344,46.04091],[7.63001,46.04297],[7.62935,46.04464],[7.62881,46.04822],[7.6279,46.04965],[7.62811,46.05036],[7.62925,46.05131],[7.62939,46.05179],[7.62678,46.05679],[7.62533,46.05775],[7.62211,46.05826],[7.61935,46.05989],[7.61696,46.06041],[7.61515,46.06132],[7.61387,46.0624],[7.61407,46.06466],[7.61559,46.06673],[7.61629,46.06728],[7.61879,46.06823],[7.6151,46.07323]],[[7.80994,46.07323],[7.81151,46.0718],[7.81403,46.07154],[7.81504,46.07109],[7.81628,46.07013],[7.81746,46.06844],[7.82055,46.06927],[7.82501,46.0696],[7.82707,46.0693],[7.82982,46.07012],[7.83188,46.07033],[7.83428,46.07003],[7.83632,46.06918],[7.83653,46.06847],[7.83586,46.06561],[7.83628,46.06299],[7.83725,46.06061],[7.83259,46.05822],[7.83467,46.05679],[7.83387,46.05465],[7.83497,46.05432],[7.83943,46.05479],[7.84184,46.05476],[7.84358,46.05227],[7.8453,46.05131],[7.84562,46.0506],[7.84516,46.04917],[7.84561,46.04833],[7.84698,46.04744],[7.84731,46.04679],[7.8471,46.0456],[7.84618,46.04417],[7.8511,46.04351],[7.85303,46.04226],[7.85404,46.0394],[7.85493,46.03797],[7.85475,46.03725],[7.85303,46.03559],[7.85407,46.03416],[7.85407,46.03201],[7.85489,46.0301],[7.85414,46.02915],[7.85219,46.02772],[7.8525,46.02462],[7.85177,46.02319],[7.85054,46.02248],[7.84801,46.02213],[7.84595,46.02105],[7.84355,46.02118],[7.84081,46.02205],[7.83531,46.02147],[7.83441,46.02176],[7.83325,46.0227],[7.83235,46.02414],[7.83162,46.02772],[7.83085,46.02826],[7.82913,46.02847],[7.8275,46.02748],[7.82433,46.02729],[7.82124,46.02633],[7.81986,46.02643],[7.81795,46.02748],[7.81716,46.02867],[7.8172,46.02987],[7.8181,46.03201],[7.81932,46.0332],[7.81918,46.03388],[7.81746,46.03414],[7.81471,46.03402],[7.81368,46.03454],[7.81162,46.03491],[7.80922,46.0338],[7.80785,46.03381],[7.80543,46.03535],[7.80511,46.03678],[7.80591,46.03964],[7.80592,46.04393],[7.8051,46.0474],[7.80476,46.04777],[7.80373,46.04793],[7.8027,46.0476],[7.80132,46.04584],[7.79875,46.04369],[7.79859,46.04274],[7.7999,46.04107],[7.79999,46.04035],[7.79936,46.03964],[7.79745,46.03868],[7.7971,46.03797],[7.79789,46.03691],[7.79957,46.03606],[7.80132,46.03459],[7.80406,46.03106],[7.80494,46.02939],[7.8054,46.0251],[7.80708,46.02319],[7.81334,46.0209],[7.81643,46.02141],[7.81918,46.02043],[7.82192,46.02016],[7.8257,46.02023],[7.82845,46.01982],[7.83188,46.01834],[7.83463,46.01759],[7.84046,46.01389],[7.84252,46.01367],[7.84492,46.01383],[7.84977,46.01318],[7.85454,46.01103],[7.8566,46.00825],[7.85909,46.00626],[7.85785,46.00292],[7.85076,46.00148],[7.85043,46.00102],[7.85107,45.99863],[7.85077,45.99815],[7.84664,45.99789],[7.84527,45.99752],[7.84411,45.99672],[7.84287,45.99482],[7.84115,45.99398],[7.8384,45.99364],[7.83463,45.99454],[7.83325,45.99461],[7.82913,45.99371],[7.8233,45.99393],[7.82091,45.99338],[7.81958,45.99243],[7.81849,45.99212],[7.80716,45.99074],[7.80539,45.99148],[7.80304,45.99333],[7.80064,45.99324],[7.79817,45.99386],[7.79617,45.99399],[7.79576,45.99362],[7.79644,45.99171],[7.79454,45.99004],[7.79505,45.98837],[7.79412,45.9867],[7.79034,45.98547],[7.78175,45.9848],[7.77695,45.98328],[7.77729,45.98278],[7.77901,45.98229],[7.78416,45.98205],[7.7972,45.9839],[7.80098,45.98407],[7.80261,45.9836],[7.80309,45.98265],[7.80373,45.9824],[7.80682,45.98285],[7.81128,45.98423],[7.81368,45.98432],[7.81849,45.98322],[7.82357,45.98146],[7.82795,45.9805],[7.83119,45.9792],[7.83607,45.97836],[7.83716,45.97764],[7.83766,45.97478],[7.83624,45.97382],[7.83497,45.97232],[7.83118,45.9712],[7.83087,45.96881],[7.82998,45.96762],[7.82776,45.96642],[7.82467,45.96621],[7.82378,45.96571],[7.8239,45.96523],[7.8272,45.96308],[7.82793,45.96213],[7.82771,45.96117],[7.82673,45.96023],[7.82681,45.95879],[7.82639,45.95791],[7.82374,45.95545],[7.8205,45.95401],[7.81857,45.95019],[7.81368,45.94749],[7.81059,45.94672],[7.80779,45.94447],[7.80738,45.94351],[7.80647,45.94323],[7.80522,45.94351],[7.80167,45.94524],[7.79686,45.94599],[7.79654,45.94685],[7.79718,45.94972],[7.79652,45.9524],[7.7948,45.9521],[7.78862,45.95309],[7.78381,45.95287],[7.78244,45.95145],[7.78107,45.95097],[7.77837,45.94924],[7.7766,45.94902],[7.77454,45.94954],[7.77111,45.94989],[7.76939,45.95156],[7.76733,45.95247],[7.75772,45.95329],[7.75223,45.9553],[7.7512,45.95541],[7.75002,45.95497],[7.74947,45.95354],[7.74845,45.95266],[7.74399,45.9506],[7.74158,45.95033],[7.73884,45.95064],[7.73643,45.95047],[7.73026,45.94878],[7.72923,45.94886],[7.72755,45.94972],[7.72768,45.95139],[7.72736,45.95187],[7.72442,45.95234],[7.72247,45.95354],[7.72169,45.95473],[7.72128,45.95664],[7.72149,45.95783],[7.72375,45.96213],[7.72614,45.96461],[7.72791,45.96571],[7.72785,45.96616],[7.72614,45.96579],[7.72442,45.96588],[7.72305,45.96561],[7.72064,45.96294],[7.71979,45.96332],[7.71899,45.96499],[7.71721,45.96585],[7.71206,45.96577],[7.71,45.96633],[7.70657,45.96544],[7.70451,45.96598],[7.69936,45.96612],[7.69563,45.96499],[7.69515,45.96404],[7.69318,45.96365],[7.6918,45.96248],[7.68979,45.96165],[7.6892,45.9607],[7.687,45.96026],[7.68532,45.96046],[7.68375,45.96141],[7.68079,45.96475],[7.68013,45.96597],[7.67944,45.96606],[7.67842,45.96929],[7.67642,45.97096],[7.67582,45.97215],[7.67661,45.97716],[7.67839,45.97859],[7.68016,45.98074],[7.68151,45.98289],[7.6815,45.98368],[7.68047,45.98426],[7.67704,45.98454],[7.67567,45.98506],[7.67258,45.98548],[7.6688,45.9868],[7.66457,45.98885],[7.65816,45.98981],[7.65575,45.98977],[7.65404,45.99004],[7.65232,45.98998],[7.65026,45.98931],[7.64614,45.98951],[7.64376,45.98885],[7.64202,45.98738],[7.63942,45.98623],[7.63871,45.98551],[7.63881,45.9848],[7.64045,45.98217],[7.64065,45.98072],[7.64134,45.97979],[7.64199,45.97597],[7.64133,45.97525],[7.6406,45.97597],[7.64025,45.97573],[7.64037,45.97525],[7.63893,45.97483],[7.6355,45.97553],[7.63344,45.97674],[7.63138,45.97741],[7.62554,45.97642],[7.62177,45.97702],[7.6149,45.97713],[7.60906,45.97951],[7.60323,45.98056],[7.60048,45.98012],[7.59945,45.98021],[7.59808,45.98215],[7.59623,45.98313],[7.59593,45.98504],[7.59753,45.98718],[7.59945,45.98865],[7.60185,45.98964],[7.60404,45.99124],[7.60529,45.99303],[7.60632,45.9933],[7.61078,45.99348],[7.61198,45.9941],[7.61078,45.99508],[7.60775,45.99577],[7.60563,45.9981],[7.60536,45.99887],[7.60557,46.00125],[7.60677,46.00316],[7.60638,46.00698],[7.6068,46.00936],[7.60901,46.01389],[7.61112,46.01521],[7.61387,46.01557],[7.61542,46.01509],[7.61886,46.0127],[7.62,46.01151],[7.62554,46.00853],[7.62726,46.00815],[7.62932,46.00841],[7.63035,46.00827],[7.63103,46.00788],[7.63185,46.00674],[7.63344,46.00649],[7.63584,46.00689],[7.6366,46.00745],[7.63592,46.01127],[7.63618,46.01199],[7.63687,46.01248],[7.63962,46.01314],[7.64614,46.01539],[7.64854,46.01562],[7.65129,46.01546],[7.65289,46.0158],[7.65644,46.01711],[7.65919,46.01852],[7.66207,46.02581],[7.66399,46.02765],[7.66605,46.0284],[7.6688,46.0286],[7.67054,46.02844],[7.6745,46.02557],[7.67531,46.02414],[7.67704,46.02284],[7.67763,46.022],[7.67746,46.02105],[7.67598,46.01938],[7.676,46.01866],[7.67841,46.01765],[7.68013,46.01766],[7.68766,46.01985],[7.68847,46.02081],[7.68791,46.02248],[7.68837,46.02314],[7.69146,46.02252],[7.69627,46.02284],[7.69936,46.02113],[7.70039,46.02092],[7.70245,46.02103],[7.7031,46.02152],[7.70314,46.02319],[7.70413,46.02486],[7.70412,46.02581],[7.70314,46.02653],[7.70142,46.0269],[7.69978,46.02915],[7.6963,46.03082],[7.69568,46.03153],[7.69549,46.03273],[7.69437,46.03463],[7.69489,46.03636],[7.6971,46.03964],[7.69697,46.0425],[7.69833,46.04474],[7.70313,46.04656],[7.70836,46.04774],[7.71446,46.04857],[7.71801,46.04988],[7.71996,46.05031],[7.72133,46.05016],[7.72202,46.04967],[7.72266,46.0475],[7.72262,46.04631],[7.72305,46.04586],[7.72363,46.04583],[7.7244,46.04703],[7.72432,46.04798],[7.7249,46.04893],[7.72717,46.05042],[7.7282,46.0507],[7.7328,46.04845],[7.73438,46.04401],[7.73575,46.0447],[7.73829,46.0475],[7.73894,46.04869],[7.73894,46.05012],[7.73952,46.05084],[7.74055,46.05094],[7.74399,46.04991],[7.74467,46.05002],[7.74639,46.05108],[7.7468,46.05227],[7.74621,46.05322],[7.74622,46.05393],[7.74749,46.05536],[7.74746,46.05608],[7.74536,46.05796],[7.74358,46.05894],[7.74158,46.06055],[7.73952,46.06083],[7.73781,46.06069],[7.733,46.05847],[7.73026,46.05806],[7.72579,46.05894],[7.72191,46.05918],[7.72041,46.06156],[7.71846,46.06299],[7.71749,46.06418],[7.71704,46.06632],[7.71603,46.06775],[7.71275,46.07067],[7.71336,46.07323]],[[7.89722,46.07323],[7.89624,46.07323]],[[7.90981,46.06606],[7.90848,46.06632],[7.90672,46.06729],[7.90379,46.07085],[7.90329,46.0719],[7.90192,46.07302],[7.90005,46.07323]],[[7.7972,46.02398],[7.796,46.02343],[7.7953,46.022],[7.79549,46.02083],[7.79652,46.02017],[7.79842,46.01961],[7.80064,46.01965],[7.80201,46.02012],[7.8037,46.02128],[7.80403,46.022],[7.80373,46.02227],[7.79926,46.02395],[7.7972,46.02398]],[[7.90981,45.93013],[7.90913,45.93112],[7.90707,45.93235],[7.90089,45.933],[7.89905,45.93348],[7.89814,45.93402],[7.89505,45.93433],[7.89368,45.93423],[7.89093,45.93655],[7.8888,45.94088],[7.88887,45.94218],[7.89031,45.9447],[7.89037,45.94542],[7.88982,45.9459],[7.88746,45.94685],[7.88667,45.94781],[7.88661,45.94996],[7.88925,45.95425],[7.88853,45.95411],[7.88784,45.95466],[7.88544,45.95565],[7.88406,45.95667],[7.88332,45.95783],[7.88368,45.95974],[7.8852,45.96165],[7.88612,45.96225],[7.88861,45.96308],[7.88944,45.96404],[7.88893,45.96499],[7.88783,45.96571],[7.88563,45.96809],[7.88495,45.96977],[7.88509,45.97054],[7.88715,45.97213],[7.8899,45.97305],[7.89986,45.97421],[7.90097,45.97454],[7.90165,45.97525],[7.90228,45.97788],[7.90482,45.98074],[7.90654,45.98456],[7.90837,45.98599],[7.90981,45.98638]],[[7.4707,45.9144],[7.47289,45.91509],[7.4762,45.91555],[7.47699,45.91605],[7.47719,45.91796],[7.47605,45.92083],[7.47654,45.92356],[7.48203,45.92443],[7.48581,45.92409],[7.4884,45.92321],[7.48924,45.92197],[7.49062,45.92103],[7.49302,45.92175],[7.49542,45.92186],[7.4968,45.92281],[7.4992,45.92321],[7.50141,45.92321],[7.50195,45.92369],[7.5015,45.92441],[7.49817,45.92605],[7.49645,45.92751],[7.49199,45.92916],[7.4865,45.92981],[7.48272,45.93126],[7.48131,45.93253],[7.4808,45.93396],[7.48076,45.93611],[7.48203,45.93762],[7.48444,45.93953],[7.48523,45.94112],[7.48504,45.94184],[7.48341,45.94289],[7.48233,45.94423],[7.48175,45.94614],[7.48254,45.94709],[7.48581,45.94803],[7.48959,45.95085],[7.49062,45.95132],[7.49783,45.95174],[7.49954,45.95207],[7.50263,45.95448],[7.50607,45.9561],[7.50847,45.95673],[7.51019,45.95686],[7.51465,45.95629],[7.51534,45.95545],[7.51509,45.95425],[7.51396,45.95258],[7.51225,45.95132],[7.50949,45.94709],[7.50999,45.94351],[7.50942,45.94208],[7.50984,45.94102],[7.51122,45.93968],[7.51602,45.93906],[7.51672,45.93802],[7.5198,45.93593],[7.52151,45.93417],[7.52426,45.93363],[7.52735,45.93399],[7.52819,45.93468],[7.52853,45.93611],[7.52735,45.93759],[7.52563,45.93847],[7.52448,45.94041],[7.52415,45.94136],[7.52426,45.94279],[7.52495,45.94384],[7.52872,45.94409],[7.53319,45.94168],[7.53662,45.94136],[7.54177,45.93957],[7.54294,45.93969],[7.54314,45.94065],[7.5424,45.94423],[7.54348,45.94685],[7.5434,45.94852],[7.54652,45.95712],[7.5485,45.95855],[7.54899,45.95926],[7.54932,45.96213],[7.55008,45.9638],[7.55043,45.96714],[7.55098,45.96857],[7.55299,45.97167],[7.55496,45.97311],[7.55756,45.97394],[7.56031,45.97362],[7.5627,45.97263],[7.56464,45.9712],[7.56889,45.97038],[7.57171,45.96929],[7.57256,45.96833],[7.57274,45.96738],[7.57051,45.96499],[7.57048,45.96428],[7.57299,45.96284],[7.57444,45.96094],[7.57724,45.95974],[7.5763,45.95712],[7.57672,45.95545],[7.57651,45.95473],[7.57518,45.95234],[7.57267,45.951],[7.57239,45.95043],[7.57339,45.94805],[7.57358,45.94542],[7.57686,45.94208],[7.57792,45.94017],[7.57748,45.93908],[7.57521,45.93778],[7.57357,45.93635],[7.57435,45.93539],[7.57645,45.93384],[7.57804,45.93157],[7.57826,45.93038],[7.57784,45.92847],[7.57924,45.92632],[7.57892,45.92393],[7.57922,45.92298],[7.57874,45.92178],[7.57748,45.92076],[7.57439,45.92077],[7.57233,45.92145],[7.57027,45.92103],[7.56807,45.91987],[7.568,45.91915],[7.57146,45.91557],[7.57148,45.91462],[7.57062,45.91414],[7.56546,45.9139],[7.56306,45.91513],[7.55894,45.91545],[7.55717,45.91438],[7.55615,45.91271],[7.55653,45.91161],[7.5555,45.91166],[7.5531,45.91106],[7.55035,45.91105],[7.5483,45.91056],[7.54844,45.90984],[7.54983,45.90841],[7.55,45.90697],[7.55143,45.90411],[7.55276,45.90346],[7.55688,45.90266],[7.55766,45.90219],[7.5581,45.90124],[7.55751,45.90028],[7.55376,45.89718],[7.55276,45.8958],[7.55208,45.89431],[7.55115,45.89025]],[[7.55763,45.89025],[7.55695,45.8924],[7.55892,45.8955],[7.56033,45.89646],[7.56086,45.89933],[7.56292,45.90124],[7.56258,45.90196],[7.56102,45.90315],[7.56133,45.90506],[7.56374,45.90536],[7.56453,45.90578],[7.56528,45.90697],[7.56525,45.90817],[7.56608,45.90888],[7.56958,45.90951],[7.57103,45.91079],[7.57233,45.9113],[7.57507,45.91035],[7.57782,45.91027],[7.58022,45.90968],[7.58153,45.90888],[7.581,45.90745],[7.58125,45.90655],[7.58301,45.90506],[7.58366,45.90315],[7.58469,45.90243],[7.58606,45.90273],[7.58869,45.90554],[7.59224,45.90758],[7.59249,45.90864],[7.5919,45.90969],[7.58881,45.91011],[7.58741,45.91056],[7.58699,45.91103],[7.58803,45.91366],[7.58803,45.91509],[7.59075,45.9182],[7.59121,45.91946],[7.59123,45.92083],[7.59003,45.92178],[7.59012,45.9225],[7.59101,45.92369],[7.59018,45.92513],[7.5908,45.92895],[7.59152,45.9311],[7.59226,45.93205],[7.59247,45.93348],[7.59307,45.93444],[7.59612,45.93706],[7.59765,45.93945],[7.60025,45.9416],[7.60254,45.94302],[7.60632,45.94453],[7.61,45.94661],[7.61013,45.94829],[7.60918,45.95043],[7.60909,45.95258],[7.61005,45.95378],[7.61216,45.95521],[7.61418,45.95736],[7.61565,45.96141],[7.6173,45.96367],[7.61868,45.96421],[7.62039,45.9654],[7.62417,45.96527],[7.6252,45.96448],[7.62663,45.96189],[7.62794,45.96122],[7.62932,45.96189],[7.63039,45.96332],[7.63288,45.96523],[7.63447,45.96571],[7.63653,45.9658],[7.6379,45.96556],[7.63824,45.96522],[7.63988,45.96475],[7.64168,45.9636],[7.64236,45.9635],[7.64339,45.9638],[7.64442,45.96501],[7.64576,45.96547],[7.65301,45.96582],[7.65781,45.96573],[7.66193,45.96703],[7.66331,45.96676],[7.66674,45.96678],[7.66777,45.96639],[7.66925,45.96452],[7.66718,45.96117],[7.66914,45.95971],[7.67147,45.95688],[7.67456,45.95473],[7.67601,45.95408],[7.67935,45.9533],[7.68116,45.95203],[7.68391,45.95183],[7.68463,45.95115],[7.6853,45.94972],[7.68665,45.94907],[7.68837,45.94879],[7.69112,45.94975],[7.69183,45.94972],[7.69224,45.94948],[7.69201,45.94852],[7.6925,45.94757],[7.69496,45.94638],[7.6973,45.94361],[7.70005,45.94232],[7.69882,45.93706],[7.69605,45.93301],[7.69636,45.93157],[7.69492,45.92895],[7.69508,45.92704],[7.69215,45.92408],[7.6894,45.92369],[7.68838,45.92298],[7.6888,45.9213],[7.68729,45.91844],[7.6874,45.91772],[7.68803,45.91703],[7.6918,45.91751],[7.69489,45.91696],[7.69558,45.91707],[7.69617,45.91748],[7.69664,45.91892],[7.69797,45.92107],[7.69901,45.9216],[7.6997,45.92159],[7.7009,45.92035],[7.70319,45.91892],[7.7044,45.91605],[7.70416,45.91493],[7.7017,45.91247],[7.70153,45.91175],[7.70279,45.9115],[7.70485,45.91198],[7.70863,45.91201],[7.70996,45.91175],[7.71309,45.91047],[7.71481,45.90888],[7.7163,45.90626],[7.71721,45.90575],[7.72132,45.90482],[7.72148,45.90339],[7.72339,45.90174],[7.72449,45.90196],[7.72541,45.90387],[7.72682,45.90447],[7.72854,45.90437],[7.7306,45.90382],[7.73335,45.90394],[7.73472,45.90361],[7.73611,45.90267],[7.73586,45.8998],[7.73643,45.89946],[7.74021,45.89992],[7.74183,45.90076],[7.74141,45.90243],[7.74243,45.9053],[7.7449,45.90745],[7.74548,45.90888],[7.74662,45.90984],[7.74745,45.91223],[7.74914,45.91521],[7.75051,45.91573],[7.7536,45.91574],[7.75944,45.91424],[7.76527,45.91596],[7.76733,45.916],[7.76819,45.91557],[7.76904,45.91438],[7.76851,45.91247],[7.76891,45.91151],[7.76953,45.91103],[7.77145,45.91041],[7.7721,45.90984],[7.7713,45.90769],[7.77317,45.90479],[7.77386,45.90429],[7.77587,45.90363],[7.77982,45.90291],[7.78117,45.90196],[7.7808,45.8998],[7.78222,45.89837],[7.78244,45.89665],[7.78141,45.89529],[7.77897,45.89455],[7.77799,45.89359],[7.77874,45.89144],[7.78057,45.89025]],[[7.4707,45.92709],[7.4707,45.92548]],[[7.47504,45.9225],[7.47533,45.9225],[7.47504,45.9225]],[[7.88249,45.89025],[7.88322,45.89073],[7.88338,45.89144],[7.88262,45.89383],[7.88258,45.89718],[7.88166,45.89901],[7.87994,45.90023],[7.87971,45.90124],[7.88013,45.90219],[7.88259,45.90482],[7.88178,45.90721],[7.88214,45.90888],[7.88266,45.9096],[7.88406,45.91081],[7.88697,45.91175],[7.88917,45.91294],[7.8923,45.91624],[7.89324,45.91677],[7.89574,45.9171],[7.90123,45.91912],[7.90543,45.91892],[7.90981,45.91809]],[[7.68185,45.91751],[7.68077,45.91724],[7.67979,45.91653],[7.67773,45.91597],[7.67326,45.91628],[7.67292,45.91611],[7.67447,45.91294],[7.67601,45.9123],[7.67745,45.91247],[7.68047,45.91576],[7.68279,45.917],[7.68296,45.91724],[7.68262,45.91748],[7.68185,45.91751]],[[7.7969,45.89025],[7.79669,45.89096],[7.79713,45.89144],[7.79858,45.89176],[7.80064,45.8928],[7.80304,45.89309],[7.80476,45.89376],[7.80504,45.89837],[7.80583,45.89933],[7.81059,45.90058],[7.81701,45.901],[7.81986,45.90204],[7.82103,45.90172],[7.82501,45.89903],[7.82838,45.89742],[7.83088,45.89407],[7.83497,45.8923],[7.83555,45.89144],[7.83574,45.89025]],[[7.73506,45.89868],[7.73403,45.89792],[7.73232,45.89727],[7.73129,45.8959],[7.73163,45.89576],[7.73356,45.89622],[7.73542,45.89765],[7.73546,45.89837],[7.73506,45.89868]],[[7.52529,45.89386],[7.52358,45.89288],[7.52333,45.8924],[7.52529,45.89151],[7.52711,45.89335],[7.52666,45.89393],[7.52529,45.89386]],[[7.68294,45.89025],[7.68172,45.8912],[7.68047,45.89283],[7.67944,45.89325],[7.67879,45.89288],[7.67703,45.89025]]]}},{"type":"Feature","properties":{"ele":3100,"major":0},"geometry":{"type":"MultiLineString","coordinates":[[[7.57324,46.07323],[7.57277,46.07228],[7.57332,46.07133],[7.57336,46.06976],[7.57679,46.06971],[7.58125,46.06853],[7.58416,46.0668],[7.58476,46.06608],[7.58447,46.06442],[7.58526,46.06275],[7.58481,46.06084],[7.58297,46.05974],[7.58057,46.05964],[7.58006,46.05941],[7.57954,46.05775],[7.58297,46.05765],[7.5864,46.05705],[7.58984,46.05709],[7.59142,46.05656],[7.5923,46.0556],[7.59245,46.05465],[7.59118,46.05084],[7.59053,46.04988],[7.59101,46.04845],[7.59045,46.0475],[7.59361,46.04558],[7.59419,46.04488],[7.59436,46.04393],[7.59245,46.04011],[7.59018,46.03889],[7.58965,46.03821],[7.59293,46.03535],[7.59295,46.03463],[7.59211,46.03368],[7.59218,46.03296],[7.59467,46.0301],[7.59533,46.02813],[7.59293,46.02678],[7.58925,46.02343],[7.58935,46.02271],[7.5908,46.02105],[7.59071,46.02057],[7.58954,46.01961],[7.58952,46.01842],[7.58276,46.01509],[7.57945,46.0127],[7.57843,46.01127],[7.57748,46.01061],[7.5737,46.01004],[7.57198,46.01027],[7.57061,46.01118],[7.56924,46.01145],[7.56821,46.01148],[7.5658,46.01093],[7.56443,46.01126],[7.561,46.0137],[7.55875,46.01723],[7.55643,46.01914],[7.5555,46.02058],[7.55482,46.02077],[7.55373,46.02033],[7.55313,46.01938],[7.55315,46.01556],[7.55265,46.01461],[7.55288,46.01365],[7.55192,46.01199],[7.55321,46.00912],[7.55232,46.00745],[7.54967,46.00474],[7.54864,46.00427],[7.54692,46.00432],[7.54486,46.0056],[7.54246,46.00498],[7.54074,46.00495],[7.53925,46.00626],[7.5389,46.00793],[7.5368,46.01032],[7.53547,46.01389],[7.53347,46.01652],[7.53309,46.0189],[7.53092,46.02319],[7.53133,46.02462],[7.52735,46.02695],[7.52622,46.0282],[7.52633,46.02963],[7.52738,46.03225],[7.529,46.03439],[7.53147,46.03606],[7.5322,46.03702],[7.53193,46.03821],[7.52962,46.04035],[7.52849,46.04202],[7.52894,46.04321],[7.53085,46.04512],[7.53075,46.04845],[7.53181,46.05012],[7.53181,46.05084],[7.53113,46.05168],[7.52945,46.05227],[7.52495,46.05318],[7.52372,46.05274],[7.52344,46.05203],[7.52396,46.04988],[7.52278,46.04631],[7.5222,46.04573],[7.51808,46.04443],[7.51724,46.04369],[7.51668,46.04035],[7.51531,46.03821],[7.5156,46.03773],[7.51804,46.03678],[7.51883,46.03606],[7.51916,46.03511],[7.51906,46.03344],[7.51759,46.03034],[7.51777,46.02653],[7.51668,46.02367],[7.51682,46.022],[7.51637,46.02088],[7.51534,46.01992],[7.51156,46.01847],[7.50998,46.01723],[7.51023,46.01509],[7.51222,46.01389],[7.513,46.0127],[7.51145,46.0096],[7.50991,46.00769],[7.51019,46.00745],[7.5119,46.00766],[7.51465,46.00841],[7.51671,46.00949],[7.51911,46.01001],[7.52186,46.00984],[7.52289,46.00915],[7.52321,46.00841],[7.52287,46.00698],[7.52366,46.00579],[7.52296,46.00459],[7.52062,46.00221],[7.52061,46.00149],[7.5222,46.00008],[7.52563,46.0014],[7.52769,46.00129],[7.52879,46.00054],[7.53122,45.99768],[7.5315,45.99672],[7.53115,45.99553],[7.53138,45.99291],[7.53274,45.99004],[7.53284,45.98894],[7.53439,45.98718],[7.53614,45.98623],[7.53704,45.98432],[7.53706,45.97764],[7.53625,45.97525],[7.53778,45.97311],[7.53837,45.97144],[7.5434,45.96571],[7.54365,45.96237],[7.54042,45.9595],[7.53834,45.95899],[7.53456,45.95895],[7.53319,45.95971],[7.52701,45.96091],[7.52117,45.96104],[7.51842,45.96293],[7.5174,45.9631],[7.51635,45.96284],[7.51577,45.96213],[7.51656,45.9607],[7.51588,45.9595],[7.51574,45.95807],[7.51773,45.95616],[7.51898,45.95354],[7.5181,45.95234],[7.51396,45.9504],[7.51169,45.94829],[7.51082,45.94232],[7.51174,45.94088],[7.51225,45.9406],[7.51396,45.9405],[7.51645,45.93993],[7.52079,45.93659],[7.5222,45.93489],[7.52495,45.93452],[7.52684,45.93492],[7.52756,45.93563],[7.52753,45.93611],[7.52527,45.93802],[7.52239,45.94112],[7.52272,45.94279],[7.52169,45.94399],[7.5207,45.94709],[7.52219,45.94996],[7.52289,45.9506],[7.52392,45.95074],[7.52529,45.9505],[7.52701,45.95105],[7.52856,45.95067],[7.52995,45.94972],[7.53036,45.94781],[7.53188,45.94614],[7.53188,45.9447],[7.53375,45.94303],[7.53524,45.94232],[7.53937,45.94112],[7.54061,45.9416],[7.54097,45.94232],[7.54083,45.94423],[7.54231,45.94685],[7.54255,45.94996],[7.54351,45.9521],[7.54371,45.95401],[7.54466,45.95545],[7.54533,45.95736],[7.54777,45.95974],[7.54795,45.96237],[7.54922,45.96428],[7.54798,45.9669],[7.54889,45.96905],[7.5482,45.97048],[7.54694,45.97191],[7.54726,45.97454],[7.54795,45.97538],[7.54898,45.97564],[7.55207,45.97567],[7.55413,45.97508],[7.55585,45.9755],[7.55756,45.97544],[7.56031,45.97435],[7.56203,45.97439],[7.56367,45.97382],[7.56446,45.97334],[7.56555,45.97191],[7.56677,45.97144],[7.56821,45.97128],[7.57027,45.97149],[7.57184,45.9712],[7.57332,45.97048],[7.57548,45.96929],[7.57601,45.96833],[7.57293,45.96523],[7.57507,45.96431],[7.57713,45.96219],[7.58029,45.96094],[7.58053,45.96022],[7.57965,45.95855],[7.58125,45.95719],[7.58147,45.95664],[7.58099,45.95545],[7.57645,45.95142],[7.57439,45.95082],[7.57362,45.95019],[7.574,45.94948],[7.57609,45.94805],[7.57705,45.9447],[7.57851,45.94361],[7.58005,45.94088],[7.57919,45.93892],[7.57733,45.93706],[7.57531,45.93587],[7.57979,45.93205],[7.58038,45.92966],[7.58013,45.92441],[7.58085,45.9225],[7.58034,45.92107],[7.57919,45.92034],[7.57782,45.92014],[7.57439,45.92026],[7.57198,45.92069],[7.57055,45.92011],[7.57026,45.91892],[7.5709,45.91748],[7.57303,45.91557],[7.57418,45.91294],[7.57782,45.91223],[7.58125,45.91067],[7.58429,45.90984],[7.58417,45.90912],[7.58256,45.90745],[7.58248,45.90697],[7.58463,45.9053],[7.58503,45.90454],[7.58572,45.90442],[7.58832,45.90649],[7.59087,45.90753],[7.59148,45.90817],[7.59121,45.90872],[7.58846,45.90874],[7.58503,45.90964],[7.58424,45.91008],[7.58439,45.91079],[7.58606,45.91208],[7.58656,45.91294],[7.58527,45.91462],[7.58537,45.91533],[7.58709,45.91627],[7.58837,45.91653],[7.58964,45.91844],[7.58955,45.91987],[7.58838,45.92154],[7.58926,45.92321],[7.58901,45.92465],[7.58946,45.92751],[7.58923,45.92871],[7.58997,45.93038],[7.59055,45.93324],[7.59189,45.93539],[7.5943,45.9367],[7.59801,45.94112],[7.60082,45.94313],[7.60645,45.94566],[7.60874,45.94709],[7.60908,45.94829],[7.60721,45.95187],[7.60741,45.95354],[7.60971,45.95568],[7.61181,45.95624],[7.61353,45.95753],[7.61549,45.96332],[7.61627,45.96458],[7.61812,45.96619],[7.62039,45.96705],[7.6228,45.96675],[7.6252,45.96681],[7.62637,45.96619],[7.62863,45.96396],[7.63275,45.96636],[7.63618,45.96746],[7.63996,45.96561],[7.64236,45.96505],[7.64545,45.96628],[7.65404,45.96705],[7.65816,45.96793],[7.66296,45.96944],[7.66605,45.96949],[7.66936,45.96786],[7.67232,45.96452],[7.67252,45.96284],[7.67107,45.95998],[7.67567,45.95576],[7.67704,45.9551],[7.68082,45.95421],[7.68185,45.95423],[7.68425,45.95321],[7.68734,45.95297],[7.6894,45.95225],[7.69249,45.95241],[7.69632,45.95115],[7.69917,45.94924],[7.69951,45.94876],[7.69951,45.94733],[7.70359,45.94351],[7.70357,45.94232],[7.70166,45.94065],[7.70091,45.93802],[7.70073,45.93467],[7.69901,45.93301],[7.69958,45.93086],[7.69788,45.92704],[7.69851,45.92536],[7.69815,45.92393],[7.7012,45.92345],[7.70245,45.9228],[7.70566,45.91772],[7.70583,45.91629],[7.70482,45.91366],[7.70535,45.91294],[7.71045,45.91247],[7.7124,45.91189],[7.71383,45.91103],[7.71721,45.90793],[7.71824,45.90735],[7.72064,45.90709],[7.72373,45.90826],[7.72717,45.907],[7.73163,45.90672],[7.7354,45.90496],[7.73643,45.90475],[7.7375,45.90267],[7.73754,45.90124],[7.73884,45.9009],[7.74027,45.90124],[7.74128,45.90602],[7.74417,45.90936],[7.74581,45.91032],[7.74738,45.91414],[7.74803,45.91724],[7.74982,45.91861],[7.7536,45.91898],[7.75802,45.917],[7.76047,45.91664],[7.76287,45.9168],[7.76527,45.91744],[7.76733,45.91726],[7.77077,45.91548],[7.77316,45.91509],[7.77523,45.91446],[7.77551,45.91414],[7.77417,45.91199],[7.77428,45.91032],[7.77376,45.90817],[7.7742,45.90569],[7.77626,45.90527],[7.77863,45.90411],[7.78161,45.90339],[7.78313,45.90241],[7.7833,45.90004],[7.7845,45.89837],[7.7838,45.8955],[7.78313,45.8947],[7.78107,45.89374],[7.78057,45.89288],[7.78107,45.89176],[7.78326,45.89073],[7.78351,45.89025]],[[7.65588,46.07323],[7.65692,46.07228],[7.65683,46.07013],[7.65842,46.06823],[7.65817,46.06728],[7.65644,46.06601],[7.65623,46.06513],[7.65678,46.06464],[7.65884,46.06412],[7.66159,46.06429],[7.66393,46.06275],[7.66578,46.06108],[7.66622,46.05894],[7.66674,46.05823],[7.67133,46.05489],[7.67232,46.05155],[7.67017,46.05044],[7.66616,46.04965],[7.66464,46.04845],[7.66228,46.04773],[7.66056,46.04684],[7.65884,46.04527],[7.65747,46.04335],[7.65377,46.04107],[7.65266,46.0398],[7.65095,46.03886],[7.64923,46.03804],[7.64683,46.03776],[7.64339,46.03653],[7.64133,46.03623],[7.63996,46.03639],[7.63914,46.03702],[7.63807,46.03964],[7.63824,46.04063],[7.63447,46.03925],[7.63275,46.03915],[7.62806,46.0425],[7.62765,46.04488],[7.62477,46.04893],[7.62486,46.04969],[7.62603,46.05036],[7.62645,46.05108],[7.62596,46.05274],[7.62638,46.05513],[7.62573,46.05656],[7.62417,46.05723],[7.62151,46.05751],[7.61833,46.05896],[7.61456,46.05941],[7.61337,46.06013],[7.61235,46.06251],[7.61259,46.06489],[7.61465,46.06775],[7.61637,46.06918],[7.61524,46.0718],[7.61385,46.07323]],[[7.81218,46.07323],[7.81527,46.07228],[7.81918,46.07003],[7.82467,46.0706],[7.82776,46.07032],[7.83133,46.07156],[7.836,46.07244],[7.8371,46.07228],[7.83832,46.07156],[7.83926,46.07037],[7.83908,46.06847],[7.8403,46.06608],[7.84228,46.06489],[7.84421,46.0618],[7.84341,46.06084],[7.83875,46.0587],[7.83819,46.05679],[7.83693,46.05608],[7.83671,46.0556],[7.84595,46.05551],[7.84866,46.05441],[7.84859,46.05179],[7.84912,46.05036],[7.84886,46.04893],[7.85011,46.04583],[7.85076,46.04546],[7.85248,46.04545],[7.85351,46.04469],[7.85612,46.04393],[7.85776,46.04226],[7.85757,46.04035],[7.85853,46.03797],[7.85817,46.03725],[7.85656,46.03582],[7.8577,46.03439],[7.85692,46.03296],[7.85697,46.03225],[7.85898,46.02939],[7.85797,46.02797],[7.85579,46.02677],[7.85591,46.02486],[7.85444,46.02248],[7.85351,46.02161],[7.84836,46.01986],[7.84424,46.01989],[7.84286,46.01895],[7.84012,46.0201],[7.83772,46.01978],[7.83497,46.01991],[7.83325,46.02066],[7.83085,46.02501],[7.83016,46.02537],[7.82776,46.02592],[7.82536,46.02597],[7.82295,46.02485],[7.82089,46.02488],[7.81952,46.02532],[7.81751,46.02629],[7.81579,46.02796],[7.81584,46.02891],[7.81677,46.03093],[7.81643,46.03176],[7.81368,46.03094],[7.81282,46.0313],[7.81197,46.03302],[7.80922,46.03271],[7.80716,46.03314],[7.80544,46.03421],[7.80373,46.03466],[7.80515,46.03177],[7.80741,46.02939],[7.80682,46.02677],[7.807,46.02605],[7.80891,46.02414],[7.81059,46.02333],[7.81471,46.02278],[7.81849,46.02272],[7.82158,46.02204],[7.82879,46.02104],[7.83038,46.02057],[7.83291,46.01921],[7.83463,46.01899],[7.83737,46.01789],[7.84046,46.0164],[7.84218,46.01504],[7.84424,46.01497],[7.84527,46.01521],[7.84836,46.01502],[7.85213,46.01374],[7.85855,46.01222],[7.85938,46.01151],[7.859,46.00912],[7.85941,46.00817],[7.8614,46.00707],[7.86581,46.00626],[7.86659,46.00555],[7.86683,46.00483],[7.86479,46.00245],[7.86484,46.00107],[7.86312,46.00021],[7.86257,45.99863],[7.86132,45.99696],[7.86156,45.99625],[7.86278,45.99587],[7.8632,45.99482],[7.859,45.99427],[7.85763,45.9932],[7.85522,45.99412],[7.85213,45.99622],[7.85076,45.99642],[7.84778,45.99601],[7.84381,45.99338],[7.84081,45.99194],[7.83943,45.99183],[7.83669,45.9923],[7.83428,45.99329],[7.83291,45.99347],[7.83188,45.99313],[7.82982,45.99177],[7.82604,45.99038],[7.82158,45.99071],[7.813,45.98933],[7.80888,45.98907],[7.80682,45.98933],[7.80561,45.98981],[7.80304,45.99172],[7.80064,45.99182],[7.79987,45.99148],[7.7972,45.98612],[7.79617,45.98559],[7.79377,45.98504],[7.79319,45.98456],[7.79315,45.98432],[7.79377,45.98412],[7.79501,45.98432],[7.79961,45.9858],[7.80235,45.98702],[7.80476,45.98727],[7.80592,45.9867],[7.80716,45.98441],[7.81128,45.98533],[7.81403,45.98547],[7.82604,45.98232],[7.83325,45.98069],[7.84102,45.97931],[7.84272,45.97859],[7.84182,45.97692],[7.84355,45.9759],[7.84429,45.9743],[7.84395,45.97358],[7.84225,45.97239],[7.84192,45.97167],[7.84155,45.96977],[7.84184,45.96631],[7.83904,45.96619],[7.83795,45.96547],[7.83731,45.96428],[7.83257,45.96507],[7.82977,45.96452],[7.82987,45.96404],[7.83172,45.96261],[7.83235,45.96165],[7.83295,45.9595],[7.83257,45.95824],[7.83188,45.95774],[7.82934,45.95736],[7.82721,45.95521],[7.8247,45.95378],[7.82347,45.9521],[7.82347,45.94996],[7.81952,45.94698],[7.81746,45.94385],[7.81539,45.94303],[7.815,45.94208],[7.81395,45.94112],[7.81162,45.94034],[7.80613,45.94146],[7.80167,45.94281],[7.79686,45.9431],[7.79617,45.94412],[7.79604,45.94638],[7.79674,45.94972],[7.79652,45.9505],[7.79583,45.95087],[7.78999,45.95169],[7.78862,45.95164],[7.78553,45.95103],[7.78395,45.94876],[7.77935,45.94731],[7.77763,45.94713],[7.7742,45.94763],[7.77145,45.9474],[7.76939,45.94767],[7.76887,45.94996],[7.76836,45.95044],[7.76287,45.95133],[7.75738,45.95131],[7.75497,45.95325],[7.75291,45.95363],[7.75198,45.9533],[7.75085,45.95195],[7.74879,45.95141],[7.74576,45.94996],[7.74364,45.94842],[7.74227,45.94805],[7.7409,45.94805],[7.73815,45.94944],[7.73712,45.94895],[7.73591,45.94757],[7.73481,45.94685],[7.73266,45.94654],[7.72957,45.94695],[7.72717,45.94813],[7.72431,45.94805],[7.72152,45.95187],[7.71971,45.95306],[7.71944,45.95473],[7.71867,45.95568],[7.71824,45.95754],[7.71627,45.95879],[7.71412,45.95838],[7.7124,45.95891],[7.71137,45.95958],[7.70897,45.9598],[7.70485,45.96143],[7.70073,45.96187],[7.69745,45.96117],[7.69565,45.95974],[7.69077,45.95776],[7.68528,45.95828],[7.68253,45.95997],[7.67944,45.96364],[7.67876,45.96494],[7.67841,45.96736],[7.67483,45.9712],[7.67395,45.97334],[7.67514,45.97883],[7.67656,45.98003],[7.6791,45.98145],[7.68005,45.98241],[7.68003,45.98313],[7.67944,45.98339],[7.67704,45.98346],[7.67601,45.98394],[7.67361,45.98432],[7.66846,45.98488],[7.66743,45.98518],[7.66365,45.9873],[7.65575,45.98891],[7.65369,45.98905],[7.65026,45.98847],[7.64511,45.98825],[7.64442,45.988],[7.64191,45.98575],[7.64121,45.9848],[7.6412,45.98408],[7.64408,45.98005],[7.64419,45.97931],[7.64368,45.97597],[7.64246,45.97406],[7.64133,45.9733],[7.63996,45.97375],[7.63893,45.97308],[7.63618,45.97311],[7.63309,45.97378],[7.63122,45.97549],[7.62932,45.97619],[7.6252,45.97544],[7.62211,45.97627],[7.61456,45.97651],[7.61318,45.97683],[7.60975,45.9784],[7.60529,45.97924],[7.60117,45.97826],[7.60014,45.97752],[7.59602,45.97961],[7.59414,45.98241],[7.59393,45.98432],[7.59429,45.98623],[7.59538,45.98837],[7.59636,45.9893],[7.60082,45.99139],[7.60185,45.99243],[7.60185,45.99317],[7.60035,45.99482],[7.5999,45.99768],[7.60143,45.99911],[7.60135,45.99959],[7.60391,46.00029],[7.60521,46.00197],[7.60582,46.0034],[7.60549,46.00722],[7.60597,46.00957],[7.60825,46.01437],[7.61061,46.01604],[7.61421,46.01666],[7.61627,46.01807],[7.61833,46.01868],[7.62623,46.01709],[7.62647,46.01675],[7.62582,46.01509],[7.62561,46.01294],[7.62594,46.0096],[7.62726,46.00908],[7.63069,46.00953],[7.63291,46.00841],[7.63352,46.00769],[7.63412,46.00764],[7.63481,46.00838],[7.63471,46.01127],[7.63505,46.01294],[7.63584,46.01381],[7.63893,46.01424],[7.6458,46.01654],[7.65026,46.01639],[7.65198,46.01665],[7.65816,46.01923],[7.65901,46.02033],[7.6596,46.02462],[7.66035,46.02677],[7.66161,46.02748],[7.66228,46.02867],[7.66365,46.02972],[7.66708,46.03048],[7.67086,46.02979],[7.67361,46.02723],[7.67621,46.02605],[7.67738,46.02504],[7.67955,46.02391],[7.67981,46.02248],[7.67814,46.01985],[7.6782,46.01938],[7.67876,46.01898],[7.68013,46.01902],[7.68391,46.0202],[7.685,46.02081],[7.68606,46.022],[7.68581,46.02414],[7.68631,46.02464],[7.68734,46.02496],[7.69009,46.02491],[7.6918,46.02434],[7.69421,46.02405],[7.69558,46.0245],[7.69661,46.02446],[7.69769,46.02391],[7.69936,46.02235],[7.70073,46.02213],[7.70134,46.02248],[7.70133,46.02343],[7.70232,46.02486],[7.70176,46.0254],[7.70107,46.02532],[7.70056,46.02557],[7.70024,46.02724],[7.69932,46.0282],[7.69798,46.0289],[7.69524,46.02888],[7.68898,46.03034],[7.68739,46.0313],[7.6865,46.03296],[7.687,46.03487],[7.68768,46.0355],[7.6894,46.03609],[7.6918,46.03637],[7.69356,46.03725],[7.69388,46.03821],[7.6926,46.03988],[7.69249,46.04096],[7.69393,46.04202],[7.69558,46.04481],[7.69764,46.04711],[7.70142,46.04843],[7.70485,46.04857],[7.71275,46.05048],[7.71652,46.05087],[7.71927,46.05162],[7.72133,46.0516],[7.72373,46.05116],[7.72511,46.05125],[7.72957,46.05341],[7.7306,46.05366],[7.73145,46.05322],[7.73239,46.0506],[7.73464,46.04917],[7.73501,46.0475],[7.73575,46.0473],[7.73703,46.04845],[7.73637,46.05012],[7.73746,46.05151],[7.73858,46.05227],[7.74124,46.05298],[7.74261,46.05264],[7.74467,46.05155],[7.74546,46.05179],[7.74577,46.05251],[7.74492,46.0537],[7.74471,46.05513],[7.74512,46.05656],[7.7437,46.05775],[7.7409,46.05917],[7.73987,46.05908],[7.73746,46.05748],[7.7354,46.05698],[7.73163,46.05659],[7.72923,46.05581],[7.72751,46.05713],[7.72614,46.05767],[7.72476,46.05777],[7.72305,46.05726],[7.72099,46.05815],[7.71996,46.05925],[7.71946,46.06108],[7.71503,46.06394],[7.7143,46.06656],[7.71085,46.07013],[7.7117,46.07323]],[[7.90981,46.06454],[7.9081,46.0647],[7.90604,46.06568],[7.90501,46.06705],[7.90398,46.06755],[7.90192,46.06726],[7.89951,46.06752],[7.8978,46.06735],[7.89642,46.06674],[7.89539,46.06703],[7.89398,46.06799],[7.89346,46.06918],[7.8939,46.07156],[7.89162,46.07323]],[[7.51877,46.0581],[7.51845,46.05775],[7.51877,46.05754],[7.5197,46.05775],[7.51877,46.0581]],[[7.80338,46.04621],[7.8027,46.04512],[7.80022,46.04297],[7.80151,46.04059],[7.79964,46.03797],[7.80046,46.03702],[7.80304,46.03532],[7.80393,46.0363],[7.80493,46.03988],[7.80445,46.04178],[7.8048,46.04321],[7.8037,46.04464],[7.80431,46.0456],[7.80407,46.04609],[7.80338,46.04621]],[[7.63893,46.04231],[7.63893,46.04213],[7.63893,46.04231]],[[7.4707,45.98298],[7.47196,45.98456],[7.47388,45.98527],[7.47534,45.98623],[7.47567,45.98718],[7.47432,45.98814],[7.47424,45.98861],[7.47688,45.99038],[7.4785,45.99195],[7.47791,45.99225],[7.47517,45.9912],[7.47379,45.99096],[7.47242,45.9912],[7.4707,45.99207]],[[7.90981,45.9283],[7.90913,45.92899],[7.90843,45.93062],[7.90707,45.93133],[7.90432,45.93194],[7.90329,45.93181],[7.90089,45.93219],[7.89539,45.93331],[7.89333,45.93286],[7.89196,45.93301],[7.89094,45.93515],[7.88897,45.9373],[7.88779,45.93969],[7.88752,45.94256],[7.88859,45.94518],[7.88553,45.94709],[7.88525,45.949],[7.88573,45.95019],[7.88687,45.95139],[7.88706,45.95282],[7.88592,45.95425],[7.88338,45.95576],[7.88185,45.95831],[7.88204,45.96046],[7.88392,45.96213],[7.88627,45.96308],[7.88754,45.96428],[7.88478,45.96762],[7.88392,45.97024],[7.88441,45.9713],[7.88647,45.97255],[7.8899,45.97374],[7.90014,45.97525],[7.90088,45.97621],[7.90147,45.97836],[7.90424,45.98122],[7.90497,45.98504],[7.90741,45.98661],[7.90981,45.98743]],[[7.7845,45.98366],[7.78408,45.98337],[7.7845,45.98309],[7.78614,45.9836],[7.7845,45.98366]],[[7.4707,45.91542],[7.47381,45.91629],[7.47512,45.91724],[7.47532,45.91844],[7.47431,45.92274],[7.47506,45.92321],[7.47542,45.92417],[7.47654,45.92483],[7.48203,45.92524],[7.48478,45.92501],[7.48856,45.92411],[7.48993,45.92292],[7.4913,45.92262],[7.49474,45.92265],[7.49838,45.92417],[7.49835,45.92465],[7.49577,45.92693],[7.49096,45.92863],[7.48615,45.92927],[7.47997,45.93186],[7.47937,45.93563],[7.4795,45.93683],[7.4805,45.93826],[7.48295,45.93969],[7.48359,45.94088],[7.48135,45.94305],[7.47989,45.94375],[7.47919,45.9447],[7.47911,45.94566],[7.48001,45.94781],[7.48169,45.94898],[7.48547,45.9495],[7.48718,45.95073],[7.48993,45.95211],[7.49858,45.95306],[7.50126,45.95448],[7.5043,45.95664],[7.50971,45.95807],[7.51169,45.9595],[7.51186,45.96022],[7.5095,45.96251],[7.50909,45.96356],[7.51038,45.96571],[7.51323,45.96809],[7.51511,45.97048],[7.51511,45.9712],[7.51465,45.97162],[7.51122,45.97236],[7.51032,45.97311],[7.51098,45.97478],[7.51273,45.97645],[7.51386,45.97979],[7.51385,45.98074],[7.51301,45.98217],[7.51197,45.98313],[7.51087,45.9835],[7.50736,45.98337],[7.50504,45.98275],[7.50332,45.98336],[7.50263,45.98322],[7.50196,45.98289],[7.50047,45.98122],[7.4992,45.98097],[7.49759,45.97979],[7.49474,45.97851],[7.49478,45.97668],[7.49423,45.97549],[7.4913,45.97275],[7.48993,45.97232],[7.48856,45.97253],[7.48787,45.97233],[7.48805,45.97048],[7.48856,45.96991],[7.48598,45.97072],[7.48444,45.97191],[7.48135,45.97285],[7.47688,45.97312],[7.47482,45.97235],[7.47379,45.97158],[7.47259,45.97024],[7.47215,45.96905],[7.4707,45.9675]],[[7.4707,45.96061],[7.47389,45.95974],[7.47429,45.95926],[7.47369,45.95783],[7.47409,45.95568],[7.47267,45.95449],[7.47252,45.95354],[7.47173,45.95317],[7.4707,45.95312]],[[7.4707,45.92944],[7.47266,45.92823],[7.47284,45.9268],[7.47238,45.92536],[7.4707,45.92329]],[[7.8728,45.89025],[7.87754,45.89112],[7.88063,45.8906],[7.8823,45.89144],[7.88156,45.89359],[7.8818,45.89622],[7.88143,45.89765],[7.88038,45.89885],[7.87754,45.90073],[7.87721,45.90172],[7.87755,45.90291],[7.87918,45.90411],[7.88042,45.90554],[7.87994,45.90787],[7.88128,45.91008],[7.8867,45.91294],[7.88818,45.91544],[7.88968,45.91629],[7.89059,45.91733],[7.89265,45.91812],[7.89436,45.91926],[7.89608,45.91943],[7.89814,45.9202],[7.89917,45.92107],[7.90089,45.92132],[7.90432,45.92062],[7.90844,45.92097],[7.90981,45.92073]],[[7.55894,45.91439],[7.55825,45.91374],[7.55688,45.9111],[7.55447,45.91043],[7.55173,45.9103],[7.55099,45.90984],[7.55153,45.90841],[7.55135,45.90673],[7.55207,45.90521],[7.55413,45.90412],[7.55859,45.90331],[7.55903,45.90339],[7.55919,45.90387],[7.55824,45.90554],[7.56055,45.90769],[7.56134,45.90871],[7.56168,45.91],[7.56237,45.91071],[7.56409,45.91111],[7.56546,45.91185],[7.56657,45.91127],[7.56855,45.91127],[7.56904,45.91151],[7.56932,45.91223],[7.56921,45.91271],[7.56855,45.91311],[7.56752,45.91314],[7.56615,45.9126],[7.56443,45.91304],[7.56203,45.91435],[7.56065,45.91457],[7.55894,45.91439]],[[7.6767,45.91427],[7.6767,45.91427]],[[7.79525,45.89025],[7.79438,45.89144],[7.79514,45.89291],[7.79789,45.89296],[7.80023,45.89383],[7.80235,45.89412],[7.80304,45.89445],[7.80319,45.89503],[7.8026,45.89646],[7.8035,45.89813],[7.8039,45.90004],[7.80716,45.90107],[7.81059,45.90141],[7.81437,45.90252],[7.81677,45.90283],[7.81849,45.90361],[7.82021,45.90323],[7.82364,45.90182],[7.82638,45.89909],[7.82982,45.89836],[7.83307,45.8967],[7.83703,45.89316],[7.8384,45.89236],[7.83842,45.89025]],[[7.55599,45.89025],[7.55645,45.89527],[7.55832,45.89813],[7.55825,45.89873],[7.55619,45.89834],[7.55432,45.8967],[7.55276,45.89383],[7.55192,45.89025]],[[7.68163,45.89025],[7.67979,45.89117],[7.67885,45.89073],[7.67854,45.89025]]]}},{"type":"Feature","properties":{"ele":3200,"major":0},"geometry":{"type":"MultiLineString","coordinates":[[[7.57553,46.07323],[7.57494,46.07204],[7.57542,46.07106],[7.58094,46.07037],[7.5864,46.06723],[7.58615,46.06442],[7.58664,46.06275],[7.58515,46.05965],[7.58542,46.05846],[7.58675,46.05813],[7.58984,46.05813],[7.5919,46.05848],[7.59258,46.05832],[7.59492,46.05751],[7.59569,46.05584],[7.59564,46.05465],[7.59422,46.05251],[7.59425,46.05084],[7.5934,46.04893],[7.59328,46.04726],[7.59435,46.04655],[7.59726,46.04583],[7.59778,46.04464],[7.59587,46.04131],[7.59507,46.03916],[7.59234,46.03797],[7.5922,46.03749],[7.59463,46.03511],[7.59485,46.03368],[7.59395,46.03225],[7.5967,46.02891],[7.59712,46.02677],[7.59636,46.02582],[7.59174,46.02271],[7.59344,46.02009],[7.59223,46.01699],[7.59087,46.01624],[7.58709,46.01552],[7.58558,46.01485],[7.58463,46.01342],[7.58057,46.0105],[7.57867,46.00793],[7.5761,46.00765],[7.57061,46.00561],[7.56855,46.00594],[7.56649,46.0071],[7.56402,46.0096],[7.56237,46.01072],[7.56168,46.01185],[7.55967,46.01318],[7.55888,46.01509],[7.55791,46.0162],[7.55722,46.01663],[7.55619,46.01679],[7.55588,46.01652],[7.55617,46.01318],[7.55824,46.01008],[7.55681,46.00841],[7.55653,46.00661],[7.55215,46.00388],[7.55067,46.00197],[7.54854,46.00054],[7.54795,45.99841],[7.54692,45.99812],[7.54589,45.99845],[7.5452,45.99787],[7.54314,45.99847],[7.54242,45.99959],[7.54018,46.00125],[7.53868,46.00312],[7.53467,46.00459],[7.53387,46.00543],[7.53254,46.00579],[7.53239,46.00698],[7.53499,46.00912],[7.53557,46.01008],[7.53549,46.01079],[7.53422,46.01256],[7.5301,46.01396],[7.5301,46.01475],[7.53121,46.01556],[7.53152,46.01628],[7.53046,46.01985],[7.53056,46.02128],[7.52976,46.02319],[7.52969,46.02438],[7.5289,46.0251],[7.52666,46.02606],[7.5252,46.02748],[7.52563,46.03188],[7.53068,46.03773],[7.5301,46.03879],[7.52767,46.04035],[7.52722,46.04154],[7.52747,46.04274],[7.52921,46.04464],[7.52967,46.04607],[7.52985,46.04893],[7.5307,46.05084],[7.52941,46.05148],[7.52563,46.0522],[7.52502,46.05179],[7.52483,46.04941],[7.52357,46.04583],[7.52186,46.04465],[7.51808,46.0434],[7.51767,46.04297],[7.51745,46.03821],[7.52014,46.03673],[7.52081,46.03487],[7.52083,46.0332],[7.5193,46.03106],[7.51847,46.02915],[7.51873,46.02629],[7.51781,46.02391],[7.51802,46.02248],[7.51754,46.02081],[7.51645,46.01938],[7.51328,46.01802],[7.51192,46.01675],[7.51225,46.01603],[7.51396,46.01534],[7.51448,46.01294],[7.51259,46.00932],[7.51293,46.00919],[7.51945,46.01084],[7.52392,46.0112],[7.52506,46.00912],[7.52505,46.00769],[7.526,46.00602],[7.52357,46.00364],[7.52305,46.00221],[7.52357,46.00202],[7.52666,46.00258],[7.52804,46.0025],[7.53044,46.00005],[7.53295,45.99863],[7.53234,45.99505],[7.53456,45.98897],[7.53559,45.9881],[7.53864,45.98766],[7.53959,45.9867],[7.53858,45.98456],[7.53934,45.98217],[7.53917,45.98026],[7.53804,45.97907],[7.53773,45.97764],[7.53829,45.97525],[7.53939,45.97406],[7.54022,45.9712],[7.54165,45.96977],[7.54217,45.96857],[7.54486,45.96596],[7.5452,45.96583],[7.54589,45.96648],[7.54635,45.96881],[7.54615,45.96953],[7.54468,45.97096],[7.54406,45.97215],[7.5438,45.97406],[7.54417,45.97524],[7.54578,45.97645],[7.54589,45.97736],[7.54668,45.97836],[7.54761,45.97864],[7.54932,45.9799],[7.55446,45.98122],[7.55619,45.98127],[7.55825,45.97949],[7.56063,45.97836],[7.56077,45.97597],[7.56134,45.97538],[7.56515,45.97549],[7.56617,45.97501],[7.56626,45.97358],[7.56726,45.97263],[7.56821,45.97236],[7.57061,45.9723],[7.57507,45.97118],[7.57645,45.97121],[7.57823,45.97072],[7.5785,45.96953],[7.57709,45.96666],[7.57713,45.96596],[7.57851,45.96497],[7.58023,45.96308],[7.58263,45.9615],[7.58469,45.96075],[7.58616,45.95974],[7.58631,45.95926],[7.58561,45.95807],[7.58142,45.95354],[7.57904,45.95163],[7.57835,45.95019],[7.57958,45.94685],[7.58061,45.94542],[7.58047,45.94327],[7.58153,45.9416],[7.58191,45.93993],[7.58125,45.93822],[7.57832,45.93515],[7.57874,45.9342],[7.58091,45.93306],[7.58176,45.93205],[7.58205,45.93014],[7.5816,45.92513],[7.58233,45.9213],[7.58177,45.92011],[7.58022,45.91926],[7.57439,45.9197],[7.57233,45.9197],[7.57164,45.91942],[7.57164,45.91888],[7.57256,45.91748],[7.57542,45.91418],[7.57885,45.91336],[7.58091,45.91184],[7.5816,45.91157],[7.58228,45.91166],[7.5829,45.91247],[7.58366,45.91614],[7.58655,45.917],[7.58798,45.91796],[7.58821,45.91939],[7.58703,45.92107],[7.58689,45.92202],[7.58782,45.92345],[7.58877,45.93157],[7.58975,45.93515],[7.59332,45.93754],[7.59578,45.93993],[7.59696,45.9416],[7.60014,45.94369],[7.60543,45.9459],[7.60806,45.94781],[7.60813,45.94852],[7.6064,45.95067],[7.60578,45.95401],[7.60838,45.95658],[7.61181,45.95736],[7.61284,45.95797],[7.61524,45.96518],[7.61617,45.96666],[7.61696,45.96729],[7.62142,45.96794],[7.62554,45.96791],[7.6283,45.96738],[7.62932,45.96632],[7.63309,45.96766],[7.63584,45.96796],[7.63687,45.96777],[7.63934,45.96642],[7.64236,45.96607],[7.64522,45.96714],[7.64751,45.96764],[7.65026,45.96735],[7.65301,45.96762],[7.66085,45.96977],[7.66399,45.97091],[7.6664,45.97113],[7.6679,45.97072],[7.67147,45.96833],[7.67286,45.96619],[7.6745,45.96452],[7.67521,45.96189],[7.67341,45.95974],[7.67567,45.95659],[7.67704,45.9559],[7.68391,45.95419],[7.687,45.95387],[7.69243,45.95378],[7.69674,45.95282],[7.70142,45.95067],[7.7043,45.94781],[7.7047,45.94518],[7.7062,45.94303],[7.70409,45.94112],[7.70375,45.93945],[7.70237,45.9373],[7.70241,45.93587],[7.70304,45.9342],[7.70219,45.92895],[7.7037,45.9268],[7.70247,45.92465],[7.70474,45.92178],[7.70566,45.91963],[7.70786,45.91772],[7.70642,45.91533],[7.70641,45.91414],[7.70691,45.91367],[7.71037,45.91366],[7.71116,45.91414],[7.71103,45.91512],[7.71172,45.91556],[7.71343,45.91428],[7.71498,45.91366],[7.71505,45.91151],[7.71652,45.91034],[7.72133,45.9095],[7.72442,45.91011],[7.72648,45.90943],[7.73026,45.90887],[7.73513,45.90721],[7.73754,45.90602],[7.7383,45.90411],[7.73884,45.90361],[7.73944,45.90411],[7.73909,45.90554],[7.74232,45.90936],[7.74539,45.91151],[7.74629,45.91414],[7.74628,45.91533],[7.74595,45.91629],[7.74498,45.91724],[7.74517,45.91844],[7.74845,45.92024],[7.75326,45.92118],[7.75463,45.92121],[7.756,45.92013],[7.75841,45.91971],[7.76048,45.91868],[7.76184,45.91857],[7.76343,45.91915],[7.76424,45.91916],[7.76937,45.91748],[7.77468,45.91653],[7.77729,45.9155],[7.77759,45.91438],[7.77547,45.90936],[7.77557,45.90824],[7.77866,45.90598],[7.77969,45.90466],[7.78107,45.90427],[7.78347,45.90423],[7.7845,45.90367],[7.78495,45.90291],[7.78522,45.90124],[7.78474,45.90028],[7.78586,45.89909],[7.78603,45.89837],[7.78452,45.89479],[7.7829,45.89335],[7.78288,45.89288],[7.78347,45.89246],[7.7845,45.89232],[7.78759,45.8929],[7.78933,45.89264],[7.79137,45.89154],[7.79274,45.89153],[7.79446,45.8945],[7.79858,45.89476],[7.80007,45.89527],[7.80029,45.89574],[7.79995,45.89672],[7.80174,45.89837],[7.80224,45.90052],[7.8027,45.90107],[7.80682,45.90227],[7.80905,45.90243],[7.81162,45.90303],[7.81378,45.90434],[7.81609,45.90509],[7.81746,45.90511],[7.82089,45.90377],[7.82398,45.9037],[7.82501,45.90342],[7.82624,45.90076],[7.82776,45.89978],[7.83085,45.8993],[7.83291,45.89838],[7.83737,45.89802],[7.83879,45.89765],[7.83929,45.89718],[7.84003,45.89479],[7.84115,45.89425],[7.84144,45.89359],[7.84102,45.89168],[7.84022,45.89025]],[[7.60105,46.07323],[7.59972,46.07252],[7.59842,46.07232],[7.59655,46.07252],[7.59493,46.07323]],[[7.65949,46.07323],[7.65997,46.07204],[7.65887,46.07013],[7.66008,46.0668],[7.66482,46.06513],[7.66786,46.06275],[7.66897,46.06132],[7.67166,46.05941],[7.67112,46.05679],[7.67283,46.05393],[7.67359,46.05084],[7.67326,46.0499],[7.67292,46.04949],[7.67155,46.04895],[7.6688,46.04889],[7.6617,46.04655],[7.66056,46.04561],[7.65911,46.04321],[7.65572,46.04154],[7.65294,46.0394],[7.64236,46.03498],[7.63996,46.03476],[7.63653,46.035],[7.63485,46.03654],[7.63206,46.03644],[7.63018,46.03725],[7.62983,46.03773],[7.6296,46.04011],[7.62691,46.04149],[7.62476,46.04369],[7.62233,46.04822],[7.62447,46.05155],[7.62529,46.05465],[7.62486,46.05594],[7.62383,46.05638],[7.62108,46.05665],[7.61868,46.05795],[7.61456,46.05798],[7.61284,46.0586],[7.61148,46.06156],[7.61145,46.06394],[7.61215,46.06607],[7.6148,46.07037],[7.6144,46.07156],[7.61274,46.07323]],[[7.8408,46.07323],[7.84211,46.07275],[7.84299,46.0718],[7.84308,46.06942],[7.84434,46.06799],[7.84459,46.06704],[7.84698,46.06574],[7.84759,46.06466],[7.84888,46.06346],[7.84842,46.06204],[7.84514,46.05989],[7.84474,46.05894],[7.84595,46.05775],[7.84602,46.05703],[7.84973,46.05598],[7.85171,46.05489],[7.85213,46.05383],[7.85368,46.05251],[7.85356,46.05179],[7.85179,46.05095],[7.85132,46.05012],[7.85145,46.04961],[7.85358,46.04893],[7.85282,46.04679],[7.85454,46.04594],[7.86175,46.04416],[7.86276,46.04369],[7.86305,46.04321],[7.86204,46.04154],[7.86243,46.03845],[7.86192,46.03749],[7.86063,46.0363],[7.86129,46.03439],[7.86006,46.03296],[7.86052,46.0313],[7.86243,46.029],[7.8626,46.0282],[7.86209,46.02758],[7.86037,46.0271],[7.85864,46.02605],[7.85911,46.02391],[7.85872,46.022],[7.85625,46.02141],[7.85179,46.01938],[7.84973,46.01775],[7.84698,46.01804],[7.84561,46.01775],[7.84494,46.01699],[7.84488,46.01628],[7.84595,46.01589],[7.84939,46.01569],[7.85282,46.0145],[7.86312,46.01265],[7.86332,46.01127],[7.86467,46.00984],[7.86434,46.00889],[7.8636,46.00817],[7.86861,46.00753],[7.8717,46.00676],[7.87342,46.0053],[7.87633,46.00388],[7.87629,46.00269],[7.8754,46.00173],[7.875,45.99911],[7.87528,45.99768],[7.87411,45.99243],[7.87335,45.99171],[7.87067,45.99184],[7.86761,45.99076],[7.86783,45.98861],[7.8669,45.98763],[7.86278,45.98755],[7.86072,45.98862],[7.85763,45.98921],[7.85351,45.9932],[7.85248,45.9935],[7.85145,45.99331],[7.84939,45.99355],[7.84012,45.99077],[7.83875,45.9909],[7.83325,45.99239],[7.83223,45.99171],[7.83119,45.98983],[7.82879,45.989],[7.82673,45.9889],[7.82124,45.98931],[7.8154,45.98794],[7.80785,45.98778],[7.80812,45.98718],[7.80956,45.98639],[7.81437,45.98639],[7.81815,45.98561],[7.82158,45.98445],[7.82536,45.98387],[7.82913,45.98376],[7.83531,45.98288],[7.83636,45.98265],[7.83875,45.98141],[7.84527,45.9806],[7.84641,45.98003],[7.84767,45.97864],[7.8492,45.97764],[7.84984,45.97645],[7.84973,45.97579],[7.84823,45.97382],[7.84904,45.97164],[7.8506,45.96929],[7.84974,45.96762],[7.84951,45.96595],[7.84822,45.96523],[7.84798,45.96475],[7.84808,45.96428],[7.84956,45.96356],[7.84936,45.96308],[7.84595,45.961],[7.83909,45.96139],[7.83703,45.96201],[7.83579,45.96165],[7.83508,45.96046],[7.83513,45.95879],[7.83572,45.95688],[7.83515,45.95568],[7.8336,45.9547],[7.82854,45.95378],[7.82711,45.9533],[7.82627,45.95258],[7.82589,45.95067],[7.82731,45.94829],[7.82718,45.94733],[7.82474,45.94423],[7.82267,45.94279],[7.82235,45.94041],[7.81952,45.9398],[7.81744,45.9385],[7.8154,45.93813],[7.81231,45.93865],[7.81025,45.93868],[7.8075,45.9398],[7.80407,45.9404],[7.80098,45.93964],[7.79926,45.93844],[7.79686,45.93885],[7.79417,45.94136],[7.79378,45.94208],[7.79542,45.94566],[7.79552,45.94948],[7.79411,45.95002],[7.79034,45.95034],[7.78896,45.95017],[7.78808,45.94948],[7.78886,45.94733],[7.78834,45.94638],[7.78759,45.94579],[7.78553,45.94529],[7.78416,45.94536],[7.7821,45.94595],[7.77729,45.94524],[7.7718,45.94561],[7.76905,45.94689],[7.76836,45.94866],[7.76733,45.9495],[7.76459,45.94966],[7.7615,45.94939],[7.75772,45.94833],[7.75566,45.94931],[7.75463,45.95072],[7.75394,45.9511],[7.75154,45.95054],[7.74914,45.95054],[7.74776,45.95011],[7.7433,45.94705],[7.74158,45.94681],[7.73781,45.94715],[7.73335,45.94502],[7.73026,45.94498],[7.72648,45.94703],[7.72305,45.94625],[7.7203,45.94511],[7.71927,45.94508],[7.71889,45.94542],[7.71887,45.94614],[7.71765,45.94661],[7.71687,45.94879],[7.71618,45.94903],[7.71412,45.94844],[7.71309,45.94903],[7.71036,45.95234],[7.70907,45.95521],[7.7078,45.95616],[7.70588,45.95705],[7.70382,45.95775],[7.70039,45.95778],[7.6918,45.95668],[7.6894,45.95668],[7.68494,45.95788],[7.68316,45.95879],[7.67979,45.96189],[7.67828,45.9638],[7.67783,45.96571],[7.67807,45.96679],[7.67567,45.96786],[7.67491,45.96857],[7.67429,45.97],[7.67108,45.97311],[7.67117,45.97382],[7.67241,45.97525],[7.67258,45.97832],[7.67328,45.97955],[7.67429,45.98039],[7.67739,45.98193],[7.67762,45.98241],[7.67567,45.98313],[7.67012,45.98241],[7.66882,45.98337],[7.66228,45.98594],[7.65919,45.98642],[7.65472,45.98756],[7.65335,45.98773],[7.64511,45.98746],[7.64305,45.98635],[7.64239,45.98551],[7.64224,45.98456],[7.64271,45.98339],[7.64482,45.98098],[7.64533,45.97931],[7.64507,45.9774],[7.64287,45.97406],[7.64171,45.97311],[7.63996,45.97317],[7.63721,45.97228],[7.63584,45.9722],[7.63481,45.97262],[7.63275,45.97291],[7.62923,45.97501],[7.62794,45.97506],[7.62451,45.9745],[7.62142,45.97565],[7.61421,45.97565],[7.61181,45.97615],[7.60838,45.97793],[7.60494,45.97824],[7.60014,45.97708],[7.59876,45.9776],[7.59396,45.97757],[7.592,45.97836],[7.59177,45.98003],[7.59328,45.98122],[7.59298,45.9836],[7.59378,45.9879],[7.59536,45.991],[7.59407,45.99482],[7.59421,45.99625],[7.59633,45.99792],[7.59945,45.99927],[7.60014,45.99985],[7.60267,46.0003],[7.60426,46.00148],[7.60479,46.00245],[7.60502,46.00412],[7.60467,46.0065],[7.60484,46.00841],[7.60723,46.01437],[7.60906,46.01621],[7.61421,46.0178],[7.61654,46.02081],[7.61771,46.02438],[7.61902,46.02606],[7.62001,46.02677],[7.62314,46.02655],[7.62393,46.02605],[7.62469,46.02534],[7.62572,46.02343],[7.62657,46.02257],[7.62726,46.02255],[7.6285,46.02081],[7.62932,46.01914],[7.62939,46.01652],[7.62897,46.01575],[7.62829,46.01547],[7.6275,46.01389],[7.62796,46.01246],[7.6276,46.01076],[7.62794,46.01033],[7.62863,46.01024],[7.63035,46.01048],[7.63241,46.01027],[7.63309,46.01069],[7.63393,46.01556],[7.63536,46.01771],[7.63688,46.0189],[7.63756,46.01898],[7.63859,46.0181],[7.64202,46.01793],[7.64408,46.01819],[7.6482,46.01725],[7.64957,46.01721],[7.65129,46.01745],[7.65369,46.01824],[7.65747,46.02017],[7.65801,46.02152],[7.65747,46.02915],[7.65799,46.0301],[7.65884,46.03053],[7.66022,46.0305],[7.66197,46.03106],[7.6664,46.03175],[7.66983,46.03161],[7.67189,46.03116],[7.67302,46.03034],[7.67325,46.02891],[7.67395,46.02811],[7.68082,46.02541],[7.68188,46.02462],[7.68212,46.02367],[7.68078,46.02152],[7.68082,46.02074],[7.68253,46.0209],[7.68393,46.02152],[7.68433,46.02224],[7.68381,46.02367],[7.68392,46.02438],[7.68548,46.02557],[7.68681,46.02605],[7.68906,46.02609],[7.69386,46.02499],[7.69764,46.02527],[7.69867,46.02479],[7.69936,46.02501],[7.69902,46.02701],[7.69833,46.02763],[7.69489,46.02804],[7.68768,46.0295],[7.68567,46.03034],[7.68377,46.03225],[7.68354,46.03392],[7.68439,46.03487],[7.68469,46.0363],[7.68638,46.03821],[7.68768,46.03863],[7.69043,46.03835],[7.69101,46.03868],[7.69081,46.03988],[7.68878,46.04178],[7.68772,46.04393],[7.68758,46.04607],[7.68803,46.04718],[7.68906,46.04767],[7.69043,46.0477],[7.69146,46.04696],[7.69318,46.04671],[7.69421,46.04708],[7.69489,46.04842],[7.69558,46.04886],[7.69764,46.04907],[7.70142,46.05025],[7.70812,46.05084],[7.71515,46.05284],[7.7179,46.05256],[7.71996,46.05275],[7.72408,46.05254],[7.72579,46.05277],[7.7269,46.05346],[7.72511,46.05523],[7.72339,46.05566],[7.72064,46.05729],[7.71884,46.05894],[7.71778,46.06061],[7.71515,46.06247],[7.71275,46.0634],[7.71127,46.06442],[7.71164,46.06632],[7.70966,46.06894],[7.71012,46.07204],[7.70987,46.07323]],[[7.81616,46.07323],[7.8178,46.07211],[7.81918,46.07167],[7.82227,46.07152],[7.82467,46.07193],[7.82776,46.07126],[7.83222,46.07245],[7.83351,46.07323]],[[7.90981,46.06376],[7.90878,46.06328],[7.90432,46.0634],[7.90054,46.06204],[7.89917,46.06119],[7.89711,46.06077],[7.89436,46.06124],[7.8923,46.06248],[7.89024,46.06266],[7.88957,46.06346],[7.89034,46.06513],[7.89059,46.06728],[7.89035,46.06918],[7.88575,46.07323]],[[7.74021,46.05736],[7.73779,46.05584],[7.73506,46.05525],[7.73418,46.05465],[7.73371,46.05298],[7.73502,46.05084],[7.73575,46.05109],[7.73712,46.05237],[7.73952,46.05386],[7.7433,46.05444],[7.74379,46.05608],[7.74338,46.05679],[7.74193,46.05742],[7.74021,46.05736]],[[7.90981,46.04192],[7.90812,46.04274],[7.90769,46.04393],[7.90878,46.04642],[7.90981,46.04751]],[[7.8027,46.04307],[7.80229,46.0425],[7.80304,46.04201],[7.80351,46.04297],[7.8027,46.04307]],[[7.8027,46.03904],[7.80216,46.03821],[7.8027,46.03779],[7.80305,46.03821],[7.8027,46.03904]],[[7.80716,46.03188],[7.8073,46.0313],[7.80907,46.02987],[7.80914,46.02629],[7.81081,46.02462],[7.813,46.02409],[7.81712,46.02431],[7.81905,46.02391],[7.81918,46.02417],[7.81746,46.02481],[7.81531,46.02701],[7.81412,46.02939],[7.81167,46.03034],[7.81059,46.03142],[7.80785,46.032],[7.80716,46.03188]],[[7.82673,46.02448],[7.82536,46.02384],[7.82398,46.02374],[7.82373,46.02343],[7.82536,46.02323],[7.8281,46.02216],[7.83085,46.02204],[7.83097,46.02295],[7.83016,46.02397],[7.8281,46.0246],[7.82673,46.02448]],[[7.6997,46.02418],[7.6997,46.02418]],[[7.90981,45.92674],[7.90821,45.92871],[7.90775,45.92994],[7.90707,45.93041],[7.90212,45.93086],[7.9002,45.93166],[7.89745,45.93229],[7.89539,45.93228],[7.89299,45.93156],[7.89196,45.93154],[7.8899,45.93271],[7.88935,45.93372],[7.8893,45.93492],[7.88736,45.93754],[7.88585,45.94088],[7.88641,45.94494],[7.88475,45.94614],[7.88414,45.94757],[7.88419,45.94876],[7.88564,45.95139],[7.88578,45.95276],[7.88402,45.95449],[7.88251,45.95521],[7.88231,45.95592],[7.88094,45.95759],[7.88057,45.95879],[7.88126,45.9607],[7.88541,45.96404],[7.88302,45.97],[7.88372,45.97213],[7.88921,45.97425],[7.89711,45.97541],[7.89951,45.9763],[7.90088,45.97883],[7.90335,45.98122],[7.90329,45.98337],[7.90427,45.98551],[7.90767,45.98742],[7.90882,45.98861],[7.90932,45.99052],[7.90923,45.99195],[7.90947,45.99234],[7.90981,45.9923]],[[7.4707,45.98604],[7.4716,45.98861],[7.47118,45.99052],[7.4707,45.99102]],[[7.80235,45.99029],[7.80098,45.98951],[7.80015,45.98742],[7.80201,45.98798],[7.80544,45.9884],[7.80535,45.98885],[7.8035,45.99004],[7.80235,45.99029]],[[7.4707,45.93081],[7.47414,45.93041],[7.47532,45.9299],[7.47535,45.92823],[7.47418,45.92584],[7.47448,45.9255],[7.47723,45.92592],[7.48409,45.92602],[7.4889,45.92479],[7.49062,45.92387],[7.49199,45.92365],[7.49405,45.92371],[7.49577,45.92459],[7.49508,45.92612],[7.49199,45.92761],[7.48547,45.92876],[7.47875,45.93133],[7.47823,45.93635],[7.47843,45.93802],[7.47894,45.93884],[7.47997,45.93948],[7.48099,45.93969],[7.48198,45.94088],[7.48169,45.94128],[7.47929,45.94204],[7.47772,45.94351],[7.47605,45.94757],[7.47617,45.94924],[7.47671,45.94996],[7.47757,45.95039],[7.47997,45.95044],[7.48203,45.95085],[7.48512,45.95076],[7.48924,45.95269],[7.49336,45.95335],[7.49542,45.95341],[7.49783,45.95413],[7.50332,45.95782],[7.5071,45.95896],[7.50689,45.96022],[7.50582,45.96141],[7.50598,45.96332],[7.50881,45.96628],[7.51172,45.96786],[7.51301,45.97],[7.51259,45.97054],[7.51156,45.97052],[7.50997,45.97096],[7.50813,45.97209],[7.50757,45.97287],[7.50862,45.9743],[7.5114,45.97645],[7.51211,45.9774],[7.51294,45.98003],[7.51242,45.9817],[7.51139,45.98265],[7.51053,45.9829],[7.50675,45.9823],[7.50435,45.98147],[7.50298,45.98209],[7.50125,45.98074],[7.49861,45.97931],[7.49801,45.97859],[7.49806,45.97788],[7.49943,45.97573],[7.49708,45.97287],[7.49735,45.96833],[7.49645,45.96639],[7.49508,45.96526],[7.49371,45.96469],[7.48787,45.96444],[7.48613,45.96475],[7.48493,45.96595],[7.48497,45.96762],[7.48444,45.96936],[7.481,45.97146],[7.47963,45.97166],[7.47654,45.97155],[7.47414,45.97098],[7.47321,45.97],[7.47347,45.96905],[7.47147,45.96642],[7.47166,45.96213],[7.47276,45.96158],[7.47517,45.96143],[7.47826,45.96221],[7.47963,45.96216],[7.48253,45.96094],[7.4831,45.95998],[7.48225,45.95688],[7.48144,45.95592],[7.47757,45.95414],[7.47482,45.95116],[7.47299,45.95067],[7.47231,45.95019],[7.47105,45.9501],[7.4707,45.95041]],[[7.54623,45.9648],[7.54555,45.96451],[7.54517,45.9638],[7.54555,45.963],[7.54623,45.96271],[7.54692,45.96315],[7.54735,45.96404],[7.54709,45.96452],[7.54623,45.9648]],[[7.5452,45.961],[7.54374,45.95998],[7.54293,45.95855],[7.54143,45.95807],[7.53937,45.9579],[7.53422,45.95844],[7.53284,45.95899],[7.52838,45.95924],[7.52392,45.96013],[7.52147,45.95998],[7.52013,45.9595],[7.51922,45.95879],[7.51864,45.95759],[7.51945,45.95642],[7.52186,45.95505],[7.52176,45.95378],[7.51824,45.95091],[7.51602,45.95017],[7.51523,45.94948],[7.51475,45.94805],[7.51332,45.94661],[7.51225,45.94474],[7.51199,45.94256],[7.51259,45.94153],[7.51637,45.94112],[7.51842,45.93977],[7.51973,45.9385],[7.52192,45.9373],[7.52323,45.93586],[7.52426,45.93551],[7.52572,45.93563],[7.52583,45.93635],[7.52389,45.93754],[7.52289,45.93935],[7.52115,45.94041],[7.51943,45.94208],[7.51822,45.94447],[7.51828,45.94661],[7.51868,45.94757],[7.5222,45.95194],[7.52323,45.95234],[7.52735,45.95283],[7.5301,45.95425],[7.53078,45.9543],[7.53148,45.95401],[7.53291,45.95091],[7.53339,45.949],[7.53273,45.94733],[7.53363,45.94518],[7.53634,45.94375],[7.53732,45.94256],[7.53834,45.94229],[7.53971,45.94247],[7.53988,45.94542],[7.54102,45.94805],[7.54209,45.9533],[7.54427,45.95783],[7.54644,45.95998],[7.54609,45.96094],[7.5452,45.961]],[[7.86703,45.89025],[7.86724,45.89066],[7.86999,45.89217],[7.87136,45.89187],[7.87273,45.89254],[7.87445,45.89285],[7.87857,45.89252],[7.87994,45.89291],[7.8798,45.89455],[7.88094,45.89598],[7.88101,45.8967],[7.87965,45.89837],[7.87823,45.89904],[7.87711,45.90004],[7.87571,45.90267],[7.87581,45.90482],[7.87857,45.90626],[7.87902,45.90697],[7.87914,45.90912],[7.87974,45.91008],[7.88508,45.91318],[7.88831,45.91748],[7.8899,45.91844],[7.89093,45.91841],[7.89196,45.91878],[7.89436,45.92063],[7.89745,45.92189],[7.90123,45.92226],[7.90446,45.92202],[7.90775,45.92311],[7.90981,45.92302]],[[7.4707,45.91641],[7.47311,45.91703],[7.47404,45.91844],[7.47382,45.92059],[7.47282,45.92226],[7.47173,45.92243],[7.4707,45.9219]],[[7.55997,45.91354],[7.55733,45.91032],[7.55379,45.90961],[7.55287,45.90888],[7.55283,45.90626],[7.55413,45.90515],[7.55585,45.90497],[7.55684,45.9053],[7.55791,45.90696],[7.5626,45.91199],[7.56252,45.91271],[7.56168,45.91342],[7.55997,45.91354]],[[7.58572,45.90773],[7.58537,45.90715],[7.5866,45.90769],[7.58572,45.90773]],[[7.55492,45.89025],[7.55482,45.89219],[7.55413,45.89347],[7.55379,45.89344],[7.55348,45.89288],[7.55364,45.89216],[7.55281,45.89025]],[[7.8472,45.89025],[7.85213,45.89223],[7.85419,45.8914],[7.85523,45.89025]]]}},{"type":"Feature","properties":{"ele":3300,"major":0},"geometry":{"type":"MultiLineString","coordinates":[[[7.57762,46.07323],[7.57699,46.07252],[7.57748,46.07192],[7.58091,46.07167],[7.58297,46.07109],[7.58434,46.06975],[7.5864,46.06883],[7.58722,46.06799],[7.58751,46.0668],[7.58723,46.06418],[7.58775,46.06275],[7.58643,46.06061],[7.58654,46.05941],[7.59018,46.05892],[7.5919,46.05941],[7.59361,46.05913],[7.59533,46.0582],[7.5967,46.05632],[7.59864,46.05513],[7.59928,46.05441],[7.59961,46.05227],[7.59753,46.05012],[7.59592,46.04917],[7.5956,46.04822],[7.59629,46.04726],[7.59847,46.04679],[7.60074,46.0456],[7.60127,46.0444],[7.59959,46.04274],[7.59933,46.04083],[7.59803,46.03988],[7.59756,46.03845],[7.5951,46.03678],[7.59663,46.03439],[7.59802,46.03296],[7.59773,46.03234],[7.59635,46.03177],[7.59594,46.0313],[7.59861,46.02653],[7.59895,46.02534],[7.59877,46.02462],[7.59808,46.02398],[7.59398,46.02224],[7.59529,46.01818],[7.59466,46.0158],[7.59302,46.01413],[7.59145,46.01342],[7.59132,46.01151],[7.58951,46.01008],[7.58835,46.00865],[7.58743,46.00826],[7.58561,46.00841],[7.58297,46.00745],[7.58112,46.00412],[7.58189,46.00269],[7.58125,46.00224],[7.57954,46.00184],[7.57542,46.00203],[7.57404,46.00265],[7.56821,46.00406],[7.56349,46.00745],[7.56324,46.00841],[7.56237,46.00861],[7.56137,46.00841],[7.55894,46.00631],[7.55806,46.00316],[7.55848,46.00173],[7.55753,45.99982],[7.55845,45.99815],[7.55843,45.9972],[7.55616,45.9941],[7.5531,45.99282],[7.5507,45.99243],[7.55001,45.99146],[7.54898,45.99148],[7.54658,45.99285],[7.54208,45.99458],[7.54164,45.99529],[7.54157,45.99696],[7.54024,45.99815],[7.53955,45.99982],[7.53765,46.0014],[7.53525,46.00178],[7.53113,46.00149],[7.53082,46.00125],[7.53113,46.00074],[7.53353,45.99974],[7.5348,45.99839],[7.53474,45.99792],[7.53332,45.99648],[7.53312,45.99529],[7.53559,45.99131],[7.5358,45.98957],[7.53662,45.9889],[7.54005,45.98807],[7.54105,45.98647],[7.5409,45.98337],[7.53967,45.97979],[7.53883,45.97859],[7.53879,45.97692],[7.53928,45.97525],[7.54211,45.97091],[7.5428,45.97087],[7.54295,45.9712],[7.54287,45.97454],[7.5438,45.97621],[7.54623,45.97862],[7.54761,45.97955],[7.54829,45.98078],[7.54932,45.98094],[7.55035,45.98156],[7.55207,45.9817],[7.55516,45.98304],[7.55962,45.98407],[7.56443,45.98347],[7.56568,45.98265],[7.56721,45.98026],[7.56682,45.97859],[7.56597,45.97716],[7.56837,45.97549],[7.56938,45.97358],[7.57024,45.97311],[7.57782,45.97171],[7.58002,45.97096],[7.58083,45.97],[7.58122,45.96738],[7.58228,45.96593],[7.58366,45.96488],[7.58445,45.96308],[7.58709,45.96191],[7.58829,45.96046],[7.58908,45.95903],[7.58894,45.95855],[7.58812,45.95782],[7.58572,45.95425],[7.58558,45.95258],[7.58331,45.95127],[7.58215,45.94924],[7.58222,45.94805],[7.58469,45.94447],[7.58337,45.93897],[7.58366,45.93706],[7.58297,45.93624],[7.58072,45.93468],[7.58312,45.93205],[7.58324,45.92918],[7.58233,45.92513],[7.58297,45.92264],[7.58469,45.92151],[7.58537,45.92194],[7.58642,45.92369],[7.58741,45.92632],[7.58784,45.92871],[7.58782,45.93205],[7.58898,45.93587],[7.59018,45.93641],[7.59285,45.93897],[7.59499,45.94023],[7.59602,45.94169],[7.59842,45.94326],[7.59911,45.94417],[7.60082,45.94448],[7.60477,45.94638],[7.60673,45.94805],[7.60537,45.95043],[7.60448,45.95306],[7.60472,45.95545],[7.60563,45.95679],[7.607,45.95779],[7.60906,45.95829],[7.61147,45.95836],[7.61215,45.95886],[7.61292,45.96022],[7.61475,45.96619],[7.61593,45.96771],[7.61696,45.96821],[7.61936,45.96875],[7.62691,45.96853],[7.62897,45.96888],[7.62966,45.96876],[7.63069,45.96806],[7.63309,45.96863],[7.6355,45.9685],[7.63756,45.96799],[7.63927,45.96715],[7.64065,45.96694],[7.64305,45.96721],[7.64511,45.96835],[7.64683,45.96862],[7.6506,45.96802],[7.65232,45.9681],[7.65791,45.97],[7.6609,45.97064],[7.66331,45.97173],[7.66846,45.97266],[7.66886,45.9743],[7.6709,45.97692],[7.67155,45.97946],[7.67299,45.98122],[7.67161,45.98193],[7.66674,45.98262],[7.66571,45.98323],[7.66262,45.98323],[7.66047,45.9836],[7.65597,45.9848],[7.65326,45.98623],[7.64683,45.98694],[7.64545,45.98689],[7.64339,45.98619],[7.64279,45.98504],[7.64335,45.9836],[7.64543,45.9817],[7.64623,45.97955],[7.64633,45.97764],[7.6449,45.97573],[7.64168,45.97286],[7.63756,45.97189],[7.6355,45.97176],[7.63241,45.97236],[7.62863,45.97389],[7.62486,45.97366],[7.62124,45.97501],[7.61627,45.97471],[7.61318,45.97487],[7.61147,45.97528],[7.6081,45.97716],[7.607,45.97735],[7.6046,45.97734],[7.60323,45.9769],[7.60151,45.97691],[7.60014,45.97657],[7.59876,45.9768],[7.59808,45.97641],[7.5967,45.97623],[7.59541,45.97525],[7.5919,45.97359],[7.59018,45.97338],[7.58799,45.97454],[7.58709,45.97549],[7.58697,45.97621],[7.58959,45.97907],[7.58992,45.98003],[7.59192,45.9817],[7.59236,45.98408],[7.59219,45.9879],[7.59252,45.98933],[7.59202,45.99124],[7.58891,45.99386],[7.58965,45.99744],[7.59361,45.99897],[7.59808,45.99949],[7.59979,46.00017],[7.60155,46.0003],[7.60338,46.00149],[7.60419,46.00292],[7.6043,46.00435],[7.60379,46.00698],[7.60434,46.00984],[7.60645,46.01461],[7.60838,46.01677],[7.6125,46.01809],[7.61406,46.01914],[7.61472,46.02295],[7.61733,46.02677],[7.61799,46.0289],[7.61833,46.02907],[7.62314,46.02895],[7.62383,46.02862],[7.62486,46.02884],[7.62541,46.02844],[7.63021,46.01842],[7.63047,46.01604],[7.62963,46.01461],[7.62929,46.01318],[7.63,46.01167],[7.63069,46.01146],[7.63186,46.01199],[7.63287,46.01818],[7.63756,46.02289],[7.64408,46.02366],[7.64683,46.02302],[7.64884,46.02152],[7.6496,46.02009],[7.64932,46.01866],[7.65026,46.01823],[7.65339,46.01914],[7.65608,46.02081],[7.65644,46.02152],[7.65571,46.02438],[7.65507,46.02535],[7.65385,46.02629],[7.65365,46.02701],[7.65448,46.0301],[7.65575,46.03149],[7.65713,46.03217],[7.66365,46.03253],[7.66708,46.03342],[7.66949,46.03307],[7.67086,46.03315],[7.67292,46.0323],[7.6746,46.03106],[7.67502,46.03034],[7.67504,46.02915],[7.67591,46.0282],[7.68219,46.02611],[7.68425,46.02613],[7.68837,46.0272],[7.69318,46.02604],[7.69524,46.02592],[7.69642,46.02629],[7.69652,46.02677],[7.69575,46.02724],[7.69421,46.02753],[7.68974,46.02768],[7.68592,46.02915],[7.68391,46.03021],[7.68204,46.03177],[7.68068,46.03368],[7.68093,46.03511],[7.68311,46.03773],[7.68759,46.04035],[7.68457,46.04703],[7.68579,46.05203],[7.68803,46.05285],[7.69146,46.05324],[7.69318,46.05293],[7.69627,46.05164],[7.69798,46.05149],[7.70531,46.05203],[7.71103,46.05324],[7.71412,46.05437],[7.72202,46.0538],[7.7227,46.05385],[7.72299,46.05417],[7.72248,46.05489],[7.71893,46.05738],[7.71687,46.05988],[7.71278,46.06227],[7.70744,46.06442],[7.70617,46.06537],[7.70601,46.06608],[7.70734,46.06728],[7.70843,46.07109],[7.70808,46.07323]],[[7.60652,46.07323],[7.60254,46.07081],[7.59945,46.07014],[7.59773,46.07037],[7.59396,46.07173],[7.59194,46.07323]],[[7.66091,46.07323],[7.6618,46.07156],[7.66059,46.06966],[7.6609,46.06899],[7.66228,46.06811],[7.66434,46.06766],[7.66805,46.06608],[7.67107,46.06418],[7.67248,46.06251],[7.67476,46.06061],[7.67501,46.05894],[7.67309,46.05632],[7.67381,46.05465],[7.67421,46.05227],[7.67417,46.04893],[7.67326,46.0481],[7.67155,46.04736],[7.66811,46.0468],[7.66571,46.04696],[7.66294,46.04607],[7.66159,46.04521],[7.6609,46.04353],[7.65953,46.0422],[7.65684,46.04107],[7.65302,46.03868],[7.64889,46.03704],[7.64751,46.03619],[7.64534,46.03559],[7.63962,46.03253],[7.63241,46.03203],[7.62854,46.03249],[7.62691,46.03404],[7.62639,46.03559],[7.62735,46.03892],[7.62695,46.0394],[7.62486,46.04034],[7.62245,46.04191],[7.61917,46.0425],[7.61724,46.04321],[7.61702,46.04607],[7.61817,46.04726],[7.61836,46.04845],[7.62245,46.05058],[7.62329,46.05179],[7.62386,46.05465],[7.62314,46.05526],[7.62211,46.05542],[7.62108,46.05524],[7.61936,46.05578],[7.61845,46.05679],[7.61765,46.05713],[7.61456,46.05649],[7.61306,46.05703],[7.61211,46.05799],[7.61069,46.06132],[7.61062,46.0637],[7.61205,46.06823],[7.61387,46.07085],[7.61284,46.07214],[7.61135,46.07323]],[[7.81964,46.07323],[7.81998,46.07275],[7.82089,46.07257],[7.82158,46.07287],[7.82261,46.0726],[7.82383,46.07323]],[[7.82493,46.07323],[7.82776,46.07249],[7.83166,46.07323]],[[7.84484,46.07323],[7.8465,46.07037],[7.84889,46.06894],[7.84969,46.06751],[7.85124,46.0668],[7.85181,46.06608],[7.85135,46.06251],[7.84766,46.05941],[7.84832,46.05751],[7.85145,46.05616],[7.85385,46.05613],[7.85537,46.0556],[7.85783,46.05227],[7.85791,46.04965],[7.85713,46.04893],[7.85557,46.04821],[7.85464,46.04703],[7.8566,46.04639],[7.86209,46.04573],[7.86518,46.04502],[7.86617,46.0444],[7.86758,46.0425],[7.86642,46.04083],[7.86619,46.0394],[7.86664,46.03773],[7.86542,46.03582],[7.86616,46.03392],[7.86531,46.0313],[7.86382,46.02963],[7.86499,46.02629],[7.86415,46.02575],[7.8614,46.02531],[7.86126,46.02486],[7.86249,46.02319],[7.86081,46.02105],[7.85937,46.02033],[7.85625,46.01992],[7.85437,46.01914],[7.85355,46.01842],[7.85268,46.01628],[7.85454,46.01539],[7.86106,46.01382],[7.86518,46.0139],[7.8686,46.01342],[7.86896,46.01312],[7.86913,46.01175],[7.87033,46.00984],[7.87359,46.00817],[7.87445,46.00624],[7.87548,46.00587],[7.87879,46.00555],[7.88063,46.00481],[7.88406,46.00396],[7.88681,46.00252],[7.88824,46.00078],[7.88847,45.99911],[7.88681,45.9984],[7.88617,45.99768],[7.88556,45.99625],[7.88665,45.99529],[7.88622,45.99458],[7.88097,45.99313],[7.87996,45.99219],[7.87893,45.99052],[7.87852,45.98885],[7.87514,45.98655],[7.87342,45.98637],[7.87102,45.98525],[7.86758,45.98541],[7.86518,45.98582],[7.86106,45.98561],[7.85866,45.98669],[7.85566,45.98742],[7.85419,45.98923],[7.85248,45.99048],[7.84904,45.99082],[7.84527,45.99066],[7.84046,45.98958],[7.83497,45.9908],[7.83257,45.98887],[7.82913,45.98818],[7.82158,45.98779],[7.81878,45.98694],[7.81983,45.98623],[7.8233,45.98549],[7.82845,45.98535],[7.83222,45.98446],[7.84184,45.98304],[7.84527,45.98292],[7.84939,45.98205],[7.85079,45.98074],[7.85101,45.97955],[7.85213,45.97856],[7.85449,45.9774],[7.8555,45.97597],[7.85529,45.97478],[7.85682,45.97358],[7.85802,45.97144],[7.85786,45.96881],[7.85832,45.96762],[7.85927,45.96666],[7.859,45.96467],[7.85626,45.96404],[7.85523,45.96261],[7.85316,45.96212],[7.85228,45.96165],[7.85196,45.96094],[7.84767,45.96016],[7.84408,45.95855],[7.84218,45.95812],[7.84046,45.9581],[7.83955,45.95855],[7.83923,45.95926],[7.83875,45.95926],[7.8384,45.95879],[7.83878,45.95807],[7.83807,45.95592],[7.83634,45.95367],[7.83291,45.95225],[7.82982,45.95177],[7.82865,45.95115],[7.82814,45.95043],[7.82826,45.94996],[7.82997,45.94876],[7.83044,45.94781],[7.83159,45.94685],[7.83215,45.94494],[7.83144,45.94232],[7.82872,45.94088],[7.8281,45.93919],[7.82673,45.93918],[7.82588,45.9385],[7.82261,45.93715],[7.81986,45.93672],[7.8178,45.93699],[7.81403,45.93694],[7.81162,45.93768],[7.80922,45.93768],[7.80647,45.93702],[7.80338,45.93666],[7.80098,45.93568],[7.79926,45.93579],[7.79514,45.93768],[7.79274,45.93802],[7.79201,45.9385],[7.79139,45.94065],[7.79155,45.9416],[7.7926,45.94327],[7.79205,45.94381],[7.78793,45.94401],[7.7845,45.94366],[7.78313,45.94403],[7.77935,45.94431],[7.77523,45.94347],[7.77386,45.94351],[7.7718,45.94391],[7.77008,45.94534],[7.76816,45.94638],[7.76735,45.94733],[7.7663,45.94765],[7.76287,45.94628],[7.7615,45.94531],[7.75944,45.94503],[7.75695,45.94638],[7.7536,45.94969],[7.74879,45.94942],[7.74732,45.94805],[7.74296,45.94613],[7.74193,45.94587],[7.74055,45.94609],[7.73712,45.94597],[7.73392,45.94423],[7.73129,45.94368],[7.72923,45.94403],[7.72648,45.94555],[7.72447,45.94542],[7.72173,45.94399],[7.71879,45.94088],[7.7179,45.94049],[7.71481,45.94082],[7.7124,45.94027],[7.70966,45.94262],[7.70897,45.94269],[7.70794,45.94217],[7.7062,45.94041],[7.70426,45.93611],[7.70561,45.93348],[7.70501,45.93133],[7.70573,45.93014],[7.70631,45.92608],[7.70519,45.92345],[7.70642,45.92178],[7.70657,45.92017],[7.70725,45.91949],[7.71,45.91828],[7.7124,45.91771],[7.71652,45.91552],[7.71902,45.91366],[7.71939,45.91199],[7.72099,45.91109],[7.72202,45.91087],[7.72373,45.91144],[7.72511,45.91144],[7.73815,45.90756],[7.73987,45.90824],[7.74123,45.91056],[7.74364,45.9118],[7.74488,45.91366],[7.74486,45.91509],[7.74434,45.91581],[7.74313,45.91653],[7.74282,45.9182],[7.74492,45.92035],[7.74776,45.92149],[7.75257,45.922],[7.75497,45.92316],[7.75669,45.92364],[7.75841,45.92376],[7.76047,45.92345],[7.76168,45.92274],[7.76243,45.92178],[7.76541,45.92059],[7.76768,45.91886],[7.76905,45.91858],[7.77145,45.91876],[7.77866,45.91667],[7.77955,45.91486],[7.77896,45.91366],[7.77901,45.91199],[7.77826,45.91103],[7.77793,45.90984],[7.77977,45.90841],[7.7806,45.90578],[7.78107,45.90529],[7.78175,45.90518],[7.78553,45.90586],[7.78635,45.90554],[7.7869,45.90468],[7.78755,45.89885],[7.78603,45.8955],[7.78616,45.89479],[7.78672,45.89431],[7.79137,45.8943],[7.79232,45.89503],[7.79274,45.89677],[7.79686,45.89788],[7.80029,45.89945],[7.80058,45.901],[7.80167,45.90202],[7.80304,45.90256],[7.8051,45.90271],[7.81059,45.90409],[7.81148,45.90482],[7.81197,45.90621],[7.81255,45.90673],[7.81506,45.90702],[7.81849,45.90641],[7.82055,45.90475],[7.8233,45.90531],[7.8256,45.90482],[7.82633,45.90411],[7.82762,45.90124],[7.82845,45.90062],[7.83222,45.90109],[7.83428,45.89995],[7.83669,45.9002],[7.8384,45.90004],[7.84012,45.89942],[7.84317,45.89885],[7.84364,45.89789],[7.84395,45.89359],[7.84458,45.89276],[7.84767,45.8924],[7.85042,45.89297],[7.85282,45.89434],[7.85454,45.89453],[7.85567,45.89431],[7.85728,45.89318],[7.85763,45.89363],[7.85797,45.89359],[7.85898,45.8924],[7.86072,45.89203],[7.86381,45.8908],[7.86531,45.89144],[7.8662,45.89335],[7.86758,45.89426],[7.86964,45.89431],[7.87308,45.89499],[7.87479,45.89492],[7.87754,45.8942],[7.87823,45.89441],[7.87927,45.8955],[7.87989,45.89646],[7.87975,45.89694],[7.87751,45.89861],[7.87466,45.90243],[7.87446,45.90554],[7.87514,45.90657],[7.87694,45.90745],[7.87831,45.91056],[7.87994,45.91167],[7.88196,45.91247],[7.88318,45.91342],[7.88784,45.91813],[7.89196,45.91975],[7.89436,45.92184],[7.89608,45.92277],[7.9023,45.92298],[7.90604,45.92442],[7.90775,45.92464],[7.90981,45.92402]],[[7.90981,46.06292],[7.90672,46.06172],[7.90466,46.06041],[7.9026,46.05977],[7.90089,46.05824],[7.89848,46.05696],[7.89601,46.05751],[7.89416,46.05894],[7.88945,46.05965],[7.88821,46.06061],[7.88816,46.0637],[7.88874,46.06513],[7.88814,46.06704],[7.88762,46.06775],[7.88567,46.06918],[7.88459,46.07061],[7.88338,46.07138],[7.88273,46.07323]],[[7.90981,46.0539],[7.90741,46.05353],[7.90638,46.05415],[7.90629,46.05465],[7.90673,46.05679],[7.90981,46.061]],[[7.74124,46.05611],[7.74089,46.05584],[7.74124,46.05558],[7.74165,46.05584],[7.74124,46.05611]],[[7.52666,46.05073],[7.5259,46.04988],[7.52514,46.04631],[7.5246,46.04537],[7.52186,46.04362],[7.51945,46.04313],[7.51892,46.0425],[7.51923,46.04131],[7.51869,46.03892],[7.52111,46.03725],[7.52209,46.03511],[7.52222,46.03249],[7.51935,46.02891],[7.5198,46.02605],[7.51924,46.02438],[7.51923,46.02295],[7.51853,46.02033],[7.51683,46.01818],[7.51705,46.01584],[7.51602,46.01504],[7.51519,46.01318],[7.51486,46.01127],[7.51568,46.01075],[7.52647,46.01294],[7.52714,46.01365],[7.52743,46.01509],[7.52921,46.01699],[7.52898,46.01842],[7.52938,46.02128],[7.52774,46.02391],[7.52464,46.02653],[7.52412,46.02748],[7.52464,46.03153],[7.52443,46.03249],[7.52804,46.03601],[7.52897,46.03797],[7.52701,46.04009],[7.52669,46.04178],[7.52701,46.04329],[7.52866,46.0456],[7.5282,46.0475],[7.52867,46.05012],[7.52769,46.05069],[7.52666,46.05073]],[[7.90981,46.03422],[7.90775,46.03387],[7.90329,46.03448],[7.90226,46.03387],[7.90054,46.03349],[7.89805,46.03463],[7.89758,46.03535],[7.89883,46.03773],[7.89889,46.03916],[7.89951,46.04054],[7.90037,46.04107],[7.90192,46.04141],[7.90466,46.04256],[7.90636,46.04369],[7.90791,46.04655],[7.90981,46.0483]],[[7.81128,46.02869],[7.81075,46.02724],[7.81142,46.02605],[7.81265,46.02549],[7.81437,46.02578],[7.81447,46.02629],[7.81368,46.02778],[7.81197,46.02885],[7.81128,46.02869]],[[7.52907,46.01199],[7.52735,46.01176],[7.52649,46.01079],[7.52666,46.00895],[7.52729,46.00817],[7.52804,46.00783],[7.53353,46.00984],[7.53436,46.01055],[7.53422,46.01095],[7.53353,46.01122],[7.52907,46.01199]],[[7.90981,46.00182],[7.90913,46.00248],[7.90894,46.00412],[7.90981,46.00612]],[[7.90981,45.92551],[7.90672,45.92858],[7.90535,45.92873],[7.89986,45.93038],[7.89848,45.9303],[7.89505,45.9308],[7.89093,45.93019],[7.88881,45.93181],[7.88776,45.93468],[7.88509,45.93896],[7.88429,45.9416],[7.88446,45.94399],[7.88281,45.94638],[7.88281,45.94805],[7.88407,45.95043],[7.88465,45.95258],[7.88341,45.95401],[7.88201,45.95473],[7.88073,45.9564],[7.87986,45.95759],[7.87971,45.95903],[7.88061,45.96094],[7.88388,45.96404],[7.88384,45.96571],[7.8822,45.97048],[7.88301,45.97263],[7.88406,45.97338],[7.88921,45.97493],[7.89677,45.97605],[7.89799,45.97668],[7.89984,45.97931],[7.90164,45.98074],[7.90169,45.98217],[7.90329,45.98563],[7.90398,45.98633],[7.90708,45.98814],[7.90821,45.99028],[7.90871,45.99267],[7.90981,45.9941]],[[7.50984,45.98198],[7.50332,45.98091],[7.50023,45.97963],[7.49978,45.97764],[7.50092,45.97662],[7.50209,45.97144],[7.50186,45.97096],[7.49958,45.96953],[7.49851,45.96531],[7.49714,45.96414],[7.49538,45.96356],[7.49371,45.96172],[7.4865,45.9601],[7.48583,45.95926],[7.4854,45.95759],[7.48104,45.95401],[7.47994,45.95282],[7.48032,45.95263],[7.48478,45.95211],[7.48646,45.95258],[7.48856,45.95373],[7.49199,45.95364],[7.49508,45.95432],[7.49851,45.95545],[7.50105,45.95759],[7.5009,45.95879],[7.50126,45.95985],[7.50298,45.96037],[7.50332,45.96218],[7.50449,45.96284],[7.50897,45.96809],[7.50835,45.97],[7.50607,45.97141],[7.50575,45.97215],[7.50653,45.97334],[7.50945,45.97573],[7.5111,45.97764],[7.5116,45.97931],[7.51146,45.98098],[7.51087,45.98181],[7.50984,45.98198]],[[7.4762,45.9705],[7.47506,45.97],[7.47371,45.96786],[7.47368,45.9669],[7.47662,45.96547],[7.47737,45.96428],[7.47826,45.96368],[7.48272,45.96207],[7.48409,45.96197],[7.4846,45.96237],[7.48451,45.96308],[7.48306,45.96431],[7.48272,45.96499],[7.48358,45.96857],[7.48135,45.96916],[7.47963,45.97054],[7.4786,45.97063],[7.47757,45.97027],[7.4762,45.9705]],[[7.67773,45.96258],[7.67574,45.95855],[7.67598,45.95759],[7.67694,45.95688],[7.6815,45.95549],[7.68459,45.95492],[7.68803,45.95497],[7.69009,45.95452],[7.69128,45.95473],[7.6916,45.95521],[7.69123,45.95568],[7.68837,45.95578],[7.68251,45.95855],[7.68013,45.96027],[7.67773,45.96258]],[[7.52289,45.95907],[7.52054,45.95759],[7.52149,45.95688],[7.52357,45.9564],[7.52443,45.95592],[7.52436,45.95521],[7.52331,45.95354],[7.52392,45.95335],[7.52563,45.95351],[7.52804,45.95486],[7.52907,45.95514],[7.53181,45.95494],[7.53275,45.95401],[7.53376,45.95115],[7.53449,45.9459],[7.53593,45.94502],[7.53799,45.94468],[7.53971,45.9484],[7.54097,45.95306],[7.54166,45.95425],[7.54192,45.95664],[7.54074,45.95706],[7.53662,45.95768],[7.53216,45.9578],[7.53047,45.95831],[7.5246,45.95923],[7.52289,45.95907]],[[7.69558,45.95598],[7.69421,45.9558],[7.69402,45.95473],[7.69764,45.95363],[7.70245,45.95168],[7.70382,45.95055],[7.70519,45.9501],[7.70725,45.94854],[7.70897,45.94768],[7.70966,45.94765],[7.71034,45.94813],[7.71072,45.949],[7.71014,45.95043],[7.70931,45.9513],[7.70725,45.95212],[7.7055,45.9533],[7.70592,45.95473],[7.70485,45.95556],[7.70039,45.95609],[7.69558,45.95598]],[[7.47826,45.95283],[7.47763,45.95258],[7.47791,45.9523],[7.4793,45.95258],[7.47922,45.95282],[7.47826,45.95283]],[[7.51911,45.95025],[7.51716,45.94924],[7.51699,45.94876],[7.5174,45.9484],[7.51888,45.94924],[7.51953,45.95019],[7.51911,45.95025]],[[7.4707,45.93197],[7.47414,45.93182],[7.47705,45.93253],[7.47744,45.93396],[7.47739,45.93826],[7.47862,45.94065],[7.47579,45.94423],[7.47535,45.94614],[7.47414,45.9486],[7.47318,45.94924],[7.4707,45.9497]],[[7.70863,45.94628],[7.70749,45.94518],[7.70771,45.9447],[7.70828,45.94445],[7.70883,45.9447],[7.70917,45.94542],[7.70905,45.94614],[7.70863,45.94628]],[[7.51465,45.94455],[7.51333,45.94351],[7.51338,45.94279],[7.51396,45.94243],[7.51534,45.94261],[7.51592,45.94303],[7.51568,45.94396],[7.51465,45.94455]],[[7.47929,45.92998],[7.47816,45.92942],[7.47701,45.92823],[7.47751,45.92727],[7.47826,45.92694],[7.48032,45.9268],[7.48409,45.92731],[7.48615,45.92623],[7.49062,45.92524],[7.4913,45.92467],[7.49302,45.92451],[7.49408,45.92489],[7.49382,45.92584],[7.49233,45.92677],[7.49062,45.92728],[7.48959,45.92702],[7.4889,45.92731],[7.48512,45.92776],[7.48306,45.92842],[7.48066,45.92987],[7.47929,45.92998]],[[7.4707,45.91753],[7.47211,45.91772],[7.47286,45.91892],[7.47208,45.92091],[7.47139,45.92106],[7.4707,45.92064]],[[7.58503,45.92015],[7.58274,45.91868],[7.58194,45.91778],[7.58057,45.91751],[7.57645,45.91879],[7.57407,45.91868],[7.57371,45.91796],[7.57507,45.91576],[7.57679,45.91456],[7.58057,45.91403],[7.58108,45.91462],[7.5816,45.91672],[7.58226,45.91748],[7.58606,45.91783],[7.58712,45.91844],[7.58696,45.91939],[7.58503,45.92015]],[[7.5555,45.90889],[7.55447,45.90841],[7.55476,45.90745],[7.55445,45.90649],[7.5555,45.90575],[7.55619,45.9061],[7.55693,45.90793],[7.55653,45.90874],[7.5555,45.90889]]]}},{"type":"Feature","properties":{"ele":3400,"major":0},"geometry":{"type":"MultiLineString","coordinates":[[[7.58237,46.07323],[7.58297,46.07248],[7.58503,46.07179],[7.58588,46.07037],[7.58749,46.06942],[7.58801,46.06871],[7.58813,46.06466],[7.58895,46.06275],[7.58788,46.06061],[7.59052,46.06019],[7.59293,46.06016],[7.5943,46.0598],[7.5966,46.05822],[7.59773,46.05643],[7.60225,46.05465],[7.60338,46.0537],[7.60185,46.05078],[7.59842,46.04892],[7.59785,46.04822],[7.60207,46.04607],[7.60309,46.04417],[7.60288,46.04322],[7.60189,46.04178],[7.6022,46.03964],[7.6002,46.03749],[7.59895,46.03678],[7.59862,46.03606],[7.5986,46.03463],[7.60017,46.03225],[7.59837,46.03034],[7.59909,46.02748],[7.60042,46.02486],[7.60044,46.02271],[7.59979,46.02199],[7.59705,46.02138],[7.5966,46.02081],[7.59705,46.01975],[7.59918,46.01771],[7.59932,46.01485],[7.59712,46.01222],[7.59689,46.01008],[7.59575,46.00865],[7.59587,46.00745],[7.59535,46.00626],[7.59552,46.00507],[7.5949,46.00412],[7.59258,46.00274],[7.58881,46.00257],[7.58812,46.00229],[7.58508,46.00006],[7.58447,45.99863],[7.58269,45.99672],[7.58057,45.99677],[7.57556,45.99815],[7.57146,46.00054],[7.56924,46.00104],[7.56649,46.00251],[7.56443,46.00312],[7.56374,46.00295],[7.56355,46.00054],[7.56428,45.99959],[7.56425,45.99911],[7.56306,45.99877],[7.56225,45.99625],[7.56137,45.99482],[7.56143,45.99291],[7.56224,45.99124],[7.56246,45.98909],[7.561,45.98716],[7.56066,45.98599],[7.561,45.98543],[7.56168,45.98549],[7.56374,45.9849],[7.56752,45.98472],[7.57061,45.98499],[7.57155,45.9848],[7.57172,45.98408],[7.57025,45.9805],[7.56973,45.97812],[7.56989,45.97621],[7.57127,45.97406],[7.57364,45.97311],[7.57748,45.97257],[7.57954,45.97201],[7.58263,45.97012],[7.58471,45.96977],[7.58657,45.96905],[7.58947,45.96714],[7.59001,45.96642],[7.59,45.96523],[7.58924,45.96356],[7.58963,45.96189],[7.59155,45.95852],[7.59302,45.95736],[7.59393,45.95592],[7.59411,45.95378],[7.59361,45.95267],[7.5904,45.95043],[7.59079,45.94829],[7.58949,45.9473],[7.58832,45.94447],[7.58529,45.93993],[7.58491,45.93874],[7.585,45.93635],[7.58247,45.93444],[7.58417,45.93229],[7.58435,45.92918],[7.58332,45.92704],[7.58321,45.9256],[7.58366,45.92431],[7.58434,45.92389],[7.58537,45.92443],[7.5866,45.92632],[7.58709,45.92871],[7.587,45.93277],[7.5886,45.93611],[7.58984,45.93693],[7.59074,45.93826],[7.5919,45.93885],[7.59258,45.93981],[7.59875,45.94447],[7.60087,45.94518],[7.60514,45.94781],[7.60527,45.94852],[7.60371,45.95258],[7.60373,45.95497],[7.60451,45.95783],[7.60563,45.95912],[7.60769,45.96058],[7.60941,45.96086],[7.61147,45.96053],[7.61181,45.96073],[7.61404,45.96666],[7.61554,45.96833],[7.61662,45.96887],[7.61936,45.96958],[7.62623,45.96931],[7.62897,45.96983],[7.63103,45.96909],[7.63275,45.96969],[7.63481,45.96974],[7.6403,45.96795],[7.64271,45.9684],[7.64614,45.96986],[7.64854,45.96956],[7.65095,45.96887],[7.65266,45.969],[7.66743,45.97389],[7.66914,45.97622],[7.67125,45.98122],[7.67072,45.9817],[7.66914,45.98205],[7.66777,45.98191],[7.66502,45.98237],[7.65884,45.98257],[7.65781,45.98192],[7.6517,45.98504],[7.64992,45.98508],[7.64889,45.98573],[7.64545,45.98614],[7.64374,45.98574],[7.64355,45.98527],[7.64406,45.98408],[7.6458,45.98335],[7.64656,45.98265],[7.64705,45.98122],[7.64731,45.97764],[7.64592,45.97573],[7.64305,45.97337],[7.64068,45.97215],[7.63824,45.97145],[7.6355,45.9708],[7.63275,45.97096],[7.63228,45.97144],[7.62966,45.9726],[7.62863,45.97278],[7.62691,45.97256],[7.62108,45.97432],[7.61318,45.97399],[7.6095,45.97525],[7.60666,45.97676],[7.60391,45.97592],[7.60117,45.976],[7.59855,45.97549],[7.59087,45.97201],[7.58984,45.97086],[7.58915,45.97177],[7.58743,45.97228],[7.58572,45.97375],[7.58532,45.97478],[7.5857,45.97668],[7.58915,45.97958],[7.59116,45.98193],[7.59151,45.98289],[7.59151,45.98551],[7.58984,45.98881],[7.58846,45.98972],[7.58591,45.99076],[7.58507,45.99171],[7.58812,45.99575],[7.58899,45.99792],[7.59293,46.0],[7.59464,46.00026],[7.59842,46.00008],[7.59979,46.00067],[7.60117,46.00065],[7.60161,46.00125],[7.60288,46.00187],[7.60361,46.00412],[7.60276,46.00722],[7.60389,46.01103],[7.60529,46.01291],[7.60551,46.01461],[7.60769,46.01729],[7.61181,46.01877],[7.61284,46.01961],[7.61339,46.02105],[7.61329,46.02391],[7.61662,46.02764],[7.6173,46.03038],[7.61833,46.02994],[7.62211,46.03018],[7.62486,46.02998],[7.62554,46.02961],[7.62691,46.02768],[7.62931,46.022],[7.63043,46.02009],[7.63138,46.01946],[7.63241,46.01981],[7.63356,46.02081],[7.6355,46.02363],[7.63893,46.02703],[7.64202,46.02886],[7.64262,46.02867],[7.64305,46.02779],[7.64416,46.02724],[7.64498,46.02534],[7.64567,46.02486],[7.6506,46.02333],[7.65198,46.02317],[7.65211,46.02438],[7.65128,46.02677],[7.65289,46.02987],[7.65398,46.0332],[7.65504,46.03487],[7.65588,46.03511],[7.65713,46.03522],[7.6585,46.03483],[7.65919,46.03516],[7.66021,46.03511],[7.66128,46.03487],[7.66193,46.03412],[7.66399,46.03371],[7.66777,46.03446],[7.67052,46.03465],[7.67249,46.03439],[7.67429,46.03336],[7.67638,46.0313],[7.67676,46.03058],[7.67653,46.02963],[7.67742,46.02867],[7.68219,46.02694],[7.68425,46.02704],[7.68533,46.02748],[7.68528,46.0283],[7.68327,46.02915],[7.6824,46.03034],[7.67987,46.03177],[7.679,46.03368],[7.679,46.03654],[7.68013,46.03821],[7.68425,46.03999],[7.68512,46.04083],[7.68547,46.04178],[7.68437,46.04512],[7.682,46.04726],[7.68047,46.04789],[7.67996,46.04845],[7.67977,46.04917],[7.68116,46.05092],[7.68219,46.05167],[7.68356,46.0521],[7.68562,46.05362],[7.68803,46.05437],[7.6918,46.05423],[7.69592,46.05272],[7.6973,46.05258],[7.70034,46.0537],[7.7021,46.0547],[7.70416,46.05527],[7.70657,46.0548],[7.71206,46.05609],[7.71446,46.05618],[7.71721,46.05545],[7.7179,46.05548],[7.71843,46.05584],[7.71751,46.05799],[7.71639,46.05894],[7.71481,46.05997],[7.70966,46.06225],[7.70691,46.06317],[7.69764,46.06412],[7.69627,46.06507],[7.6958,46.06751],[7.69653,46.06942],[7.69764,46.0701],[7.70107,46.07122],[7.70245,46.07126],[7.70485,46.07086],[7.70588,46.07108],[7.70654,46.0718],[7.70643,46.07323]],[[7.66185,46.07323],[7.66365,46.07129],[7.66371,46.07061],[7.66312,46.06942],[7.66331,46.06885],[7.66743,46.0687],[7.67189,46.06756],[7.67312,46.0668],[7.67444,46.06513],[7.67644,46.06346],[7.67737,46.06108],[7.67722,46.05751],[7.67567,46.05565],[7.67522,46.05393],[7.67511,46.04798],[7.67326,46.0461],[7.67189,46.04536],[7.66949,46.04534],[7.66605,46.04586],[7.66331,46.04525],[7.6622,46.0444],[7.6611,46.04202],[7.65786,46.03988],[7.65568,46.03868],[7.65163,46.03734],[7.64614,46.0349],[7.64532,46.03416],[7.64271,46.03312],[7.63996,46.03092],[7.63584,46.03126],[7.63103,46.03079],[7.6276,46.03173],[7.62657,46.03249],[7.62534,46.03463],[7.62522,46.03821],[7.62245,46.03997],[7.62108,46.04042],[7.62005,46.03999],[7.61868,46.04049],[7.6173,46.03978],[7.61318,46.04002],[7.61103,46.04083],[7.60895,46.04321],[7.60886,46.04488],[7.60941,46.04627],[7.61353,46.04701],[7.61627,46.04799],[7.61833,46.04961],[7.62168,46.05131],[7.62236,46.05298],[7.62212,46.05393],[7.62142,46.0543],[7.6173,46.05542],[7.61456,46.05541],[7.61353,46.05571],[7.61215,46.05648],[7.6111,46.05799],[7.61002,46.06084],[7.6098,46.06323],[7.61052,46.06704],[7.61132,46.06894],[7.61265,46.07061],[7.61181,46.07208],[7.61078,46.07222],[7.60975,46.07195],[7.60746,46.06918],[7.60632,46.06855],[7.60254,46.068],[7.60014,46.06804],[7.59842,46.06836],[7.59473,46.0699],[7.59052,46.07113],[7.58781,46.07323]],[[7.68297,46.07323],[7.67738,46.0727],[7.67319,46.07323]],[[7.8473,46.07323],[7.84859,46.07085],[7.851,46.06966],[7.85168,46.06799],[7.85436,46.06608],[7.8558,46.06466],[7.85419,46.06271],[7.85042,46.06006],[7.85001,46.0587],[7.85023,46.05775],[7.85179,46.05693],[7.85763,46.05658],[7.85891,46.05608],[7.86025,46.05465],[7.85996,46.05298],[7.86133,46.0506],[7.8613,46.04941],[7.86194,46.0475],[7.8625,46.04703],[7.86552,46.04643],[7.86793,46.0468],[7.86999,46.04582],[7.87342,46.04529],[7.87407,46.04488],[7.87318,46.04297],[7.87393,46.04131],[7.87308,46.03845],[7.87239,46.03808],[7.87067,46.03812],[7.8692,46.03725],[7.86859,46.03535],[7.86929,46.03296],[7.8677,46.03034],[7.86612,46.02891],[7.8681,46.02557],[7.86804,46.02486],[7.86605,46.02343],[7.86477,46.022],[7.86314,46.02105],[7.86175,46.01941],[7.8576,46.01866],[7.85693,46.01818],[7.857,46.01771],[7.86072,46.01641],[7.86381,46.01471],[7.86999,46.01471],[7.87273,46.01524],[7.87557,46.01461],[7.87607,46.01389],[7.87568,46.0127],[7.87725,46.01103],[7.87802,46.00936],[7.8778,46.00698],[7.88097,46.00646],[7.89162,46.00363],[7.89753,46.00102],[7.8978,46.0003],[7.89643,45.99744],[7.89812,45.99601],[7.89873,45.99482],[7.8986,45.9941],[7.8978,45.99369],[7.89499,45.99338],[7.89059,45.99185],[7.88784,45.99184],[7.88457,45.99052],[7.88166,45.98866],[7.88126,45.98694],[7.88063,45.98605],[7.87823,45.98475],[7.87582,45.98262],[7.87033,45.98269],[7.8669,45.98322],[7.86209,45.98216],[7.8619,45.98193],[7.86268,45.98074],[7.8628,45.97931],[7.86243,45.97903],[7.86106,45.97912],[7.86037,45.9789],[7.86026,45.97692],[7.86106,45.97567],[7.86346,45.97408],[7.86586,45.97191],[7.86552,45.97133],[7.86441,45.97072],[7.86435,45.97024],[7.86509,45.96953],[7.86381,45.96771],[7.86366,45.96595],[7.86234,45.96404],[7.86209,45.96259],[7.8595,45.96022],[7.85763,45.95989],[7.85351,45.9599],[7.85213,45.96025],[7.85007,45.95999],[7.84723,45.95879],[7.8463,45.95775],[7.84492,45.95695],[7.84286,45.95643],[7.84046,45.95666],[7.83978,45.95626],[7.83864,45.95449],[7.8384,45.95305],[7.83298,45.95019],[7.83254,45.94948],[7.83341,45.94685],[7.83585,45.94447],[7.83539,45.94256],[7.83619,45.94041],[7.83611,45.93969],[7.83428,45.938],[7.83222,45.93721],[7.83085,45.93626],[7.82879,45.93589],[7.82774,45.93539],[7.82736,45.93492],[7.82792,45.93372],[7.82604,45.93394],[7.82261,45.93553],[7.81643,45.93625],[7.81403,45.93614],[7.81128,45.93671],[7.8075,45.93445],[7.80064,45.93351],[7.79858,45.93408],[7.79514,45.93582],[7.79034,45.93537],[7.78931,45.93573],[7.78895,45.93635],[7.78896,45.9375],[7.79035,45.94065],[7.78993,45.94184],[7.78896,45.94259],[7.78759,45.94298],[7.78519,45.94308],[7.78175,45.94267],[7.77901,45.94279],[7.77481,45.9416],[7.77351,45.94084],[7.77214,45.94081],[7.77178,45.94088],[7.77028,45.94399],[7.76802,45.94524],[7.76733,45.9453],[7.76682,45.94494],[7.76664,45.94423],[7.76697,45.94351],[7.76666,45.94303],[7.76596,45.94274],[7.76356,45.94265],[7.75909,45.94377],[7.75669,45.94536],[7.7536,45.94837],[7.75291,45.94876],[7.75188,45.94884],[7.75051,45.94864],[7.74811,45.94692],[7.74536,45.94637],[7.74227,45.94483],[7.73815,45.94502],[7.73678,45.94476],[7.73608,45.94423],[7.733,45.94313],[7.73163,45.94217],[7.7306,45.94225],[7.72579,45.94435],[7.72339,45.94395],[7.72167,45.94292],[7.72004,45.93969],[7.71824,45.93756],[7.71687,45.93673],[7.71378,45.93681],[7.71172,45.93737],[7.71034,45.93706],[7.70828,45.93717],[7.70725,45.93676],[7.70657,45.9362],[7.70654,45.93563],[7.70793,45.93348],[7.70869,45.9311],[7.70848,45.92918],[7.70764,45.92751],[7.70798,45.92536],[7.70728,45.92369],[7.70847,45.92083],[7.71,45.91976],[7.71412,45.91815],[7.71622,45.91772],[7.71804,45.917],[7.71916,45.91557],[7.72442,45.91266],[7.72717,45.91207],[7.73197,45.91012],[7.7354,45.90944],[7.73781,45.90935],[7.73845,45.9096],[7.73885,45.91056],[7.74251,45.91294],[7.7434,45.9139],[7.74352,45.91509],[7.74247,45.91653],[7.74194,45.91844],[7.74224,45.91939],[7.74399,45.92114],[7.74875,45.92321],[7.74982,45.92402],[7.75188,45.92366],[7.75394,45.92432],[7.75635,45.92451],[7.76115,45.9255],[7.76265,45.92536],[7.76665,45.92348],[7.76722,45.92178],[7.76939,45.92043],[7.77008,45.92021],[7.77248,45.92046],[7.77351,45.92027],[7.77901,45.91752],[7.78074,45.91533],[7.78181,45.91247],[7.78154,45.91175],[7.78004,45.91076],[7.77982,45.91032],[7.78313,45.90809],[7.78587,45.90755],[7.78759,45.90755],[7.78832,45.90721],[7.78889,45.90554],[7.78852,45.90196],[7.78935,45.89933],[7.78908,45.89813],[7.7881,45.89646],[7.78835,45.89598],[7.78896,45.89581],[7.79034,45.89601],[7.79111,45.89742],[7.79199,45.89813],[7.79514,45.89879],[7.79652,45.90011],[7.79892,45.9009],[7.80029,45.9027],[7.80235,45.9034],[7.80476,45.90362],[7.80853,45.90508],[7.81016,45.90649],[7.81128,45.90863],[7.81197,45.90892],[7.8154,45.90867],[7.81918,45.90725],[7.82055,45.90644],[7.82261,45.90677],[7.82673,45.90633],[7.82772,45.9053],[7.82776,45.90332],[7.8286,45.90172],[7.82913,45.90137],[7.83325,45.90334],[7.83909,45.90202],[7.84149,45.90203],[7.84286,45.90174],[7.84555,45.90004],[7.84591,45.89861],[7.84564,45.8967],[7.84695,45.89503],[7.84801,45.8946],[7.84973,45.89461],[7.85316,45.8959],[7.85728,45.89678],[7.85831,45.8963],[7.86003,45.89623],[7.86099,45.89455],[7.86278,45.89357],[7.86387,45.89407],[7.86621,45.89683],[7.86896,45.89701],[7.87136,45.89777],[7.87239,45.89741],[7.87342,45.89755],[7.87479,45.89701],[7.87685,45.89706],[7.87798,45.89598],[7.87831,45.89622],[7.87821,45.8967],[7.87611,45.89861],[7.87367,45.90267],[7.87342,45.90638],[7.87468,45.90936],[7.87691,45.91127],[7.88132,45.91313],[7.88271,45.91509],[7.88441,45.91613],[7.88592,45.9182],[7.88784,45.91937],[7.89162,45.92054],[7.89345,45.9225],[7.89505,45.92362],[7.89848,45.92362],[7.90192,45.92417],[7.90604,45.9259],[7.90701,45.9268],[7.90638,45.92762],[7.90123,45.92903],[7.89917,45.92905],[7.89505,45.9298],[7.89093,45.92948],[7.88921,45.92988],[7.88784,45.93089],[7.88544,45.93596],[7.88385,45.93802],[7.88261,45.94136],[7.88268,45.94327],[7.88123,45.9459],[7.88123,45.94733],[7.88309,45.95019],[7.88367,45.9521],[7.87927,45.95688],[7.87875,45.95831],[7.87941,45.96046],[7.88219,45.96308],[7.88313,45.96499],[7.88268,45.96738],[7.88152,45.96977],[7.88145,45.97167],[7.8821,45.97287],[7.88347,45.97406],[7.88956,45.97568],[7.89677,45.97704],[7.89786,45.97883],[7.89987,45.98074],[7.90054,45.98302],[7.90314,45.9867],[7.9061,45.98861],[7.90747,45.99076],[7.90803,45.99267],[7.90981,45.99484]],[[7.90981,46.05201],[7.90672,46.05144],[7.90501,46.05083],[7.90277,46.05131],[7.90176,46.05203],[7.90469,46.05679],[7.90647,46.05822],[7.9081,46.0601],[7.90844,46.06102],[7.90775,46.06044],[7.90359,46.05846],[7.90219,46.05632],[7.89986,46.05504],[7.89574,46.0548],[7.88784,46.05535],[7.88532,46.05799],[7.88699,46.06108],[7.88712,46.06323],[7.88647,46.06449],[7.88508,46.06537],[7.88323,46.06894],[7.88188,46.07037],[7.88145,46.07323]],[[7.90981,46.03085],[7.90775,46.03027],[7.90554,46.02915],[7.9026,46.0285],[7.90089,46.02901],[7.89979,46.02987],[7.8978,46.0304],[7.89591,46.03177],[7.89494,46.0332],[7.89428,46.03845],[7.89635,46.04154],[7.89812,46.04226],[7.90295,46.04293],[7.90515,46.04369],[7.90745,46.04726],[7.90981,46.04877]],[[7.52598,46.0452],[7.52289,46.04307],[7.52059,46.04226],[7.52008,46.04059],[7.52018,46.03916],[7.52191,46.03725],[7.52298,46.03535],[7.52323,46.03416],[7.52357,46.03404],[7.5246,46.03429],[7.52598,46.03517],[7.52751,46.03702],[7.52744,46.03797],[7.52641,46.0394],[7.52587,46.04131],[7.52584,46.0425],[7.52674,46.04488],[7.52598,46.0452]],[[7.52289,46.03086],[7.52117,46.02965],[7.52033,46.02844],[7.52112,46.02701],[7.52109,46.02581],[7.52038,46.02295],[7.51965,46.02176],[7.51976,46.02033],[7.5183,46.01842],[7.5186,46.01699],[7.51783,46.01532],[7.51705,46.01483],[7.51626,46.01342],[7.51616,46.01246],[7.51671,46.01198],[7.51945,46.01227],[7.52473,46.01389],[7.52524,46.01461],[7.52521,46.01652],[7.52604,46.01747],[7.52631,46.0189],[7.52813,46.02081],[7.52735,46.02279],[7.52308,46.02677],[7.52372,46.02963],[7.52343,46.03058],[7.52289,46.03086]],[[7.65301,46.02221],[7.65234,46.02081],[7.65252,46.02033],[7.65301,46.02016],[7.65404,46.02056],[7.65455,46.02128],[7.65404,46.02201],[7.65301,46.02221]],[[7.90981,46.00896],[7.90877,46.01199],[7.90981,46.01444]],[[7.52838,46.01037],[7.52775,46.01008],[7.52761,46.0096],[7.52838,46.00873],[7.52945,46.00912],[7.52982,46.00984],[7.52941,46.01026],[7.52838,46.01037]],[[7.90981,45.99941],[7.90763,46.00125],[7.90741,46.00269],[7.90863,46.00674],[7.90981,46.00834]],[[7.53696,45.99964],[7.53644,45.99911],[7.5367,45.99672],[7.5349,45.99556],[7.53473,45.99482],[7.53717,45.99028],[7.53887,45.98933],[7.54041,45.98885],[7.54147,45.98718],[7.54149,45.98313],[7.5397,45.97788],[7.54,45.97573],[7.54108,45.97478],[7.54692,45.9798],[7.548,45.98122],[7.55057,45.98313],[7.55069,45.9836],[7.54943,45.98504],[7.54919,45.98623],[7.54749,45.98909],[7.54562,45.991],[7.54452,45.99134],[7.54005,45.99148],[7.53881,45.99195],[7.53772,45.9941],[7.53799,45.99529],[7.53899,45.99625],[7.5387,45.99887],[7.53799,45.99955],[7.53696,45.99964]],[[7.83737,45.98869],[7.83267,45.98742],[7.83207,45.98718],[7.83204,45.9867],[7.83472,45.98527],[7.83772,45.98477],[7.84252,45.98506],[7.84527,45.98477],[7.84836,45.98501],[7.8511,45.98569],[7.85157,45.9867],[7.8511,45.98747],[7.84973,45.98752],[7.84836,45.98805],[7.8463,45.98711],[7.84321,45.98641],[7.84149,45.98704],[7.83943,45.98837],[7.83737,45.98869]],[[7.5071,45.98076],[7.50332,45.98002],[7.50162,45.97859],[7.50173,45.97621],[7.5024,45.97454],[7.50332,45.9737],[7.50469,45.97362],[7.50675,45.97445],[7.5102,45.97764],[7.51065,45.97931],[7.51019,45.9806],[7.50847,45.98092],[7.5071,45.98076]],[[7.50435,45.97054],[7.50293,45.96929],[7.49978,45.96762],[7.49935,45.9638],[7.50023,45.9627],[7.50195,45.96253],[7.50401,45.96345],[7.50737,45.96809],[7.50691,45.96953],[7.50538,45.97052],[7.50435,45.97054]],[[7.49714,45.96215],[7.49645,45.96165],[7.4968,45.96122],[7.49806,45.96189],[7.49783,45.96221],[7.49714,45.96215]],[[7.67876,45.9591],[7.67868,45.95807],[7.68006,45.95664],[7.68253,45.95631],[7.68356,45.95662],[7.68253,45.9574],[7.68116,45.95764],[7.67944,45.95906],[7.67876,45.9591]],[[7.52529,45.95807],[7.5251,45.95759],[7.52701,45.95577],[7.53158,45.9564],[7.53078,45.95721],[7.52804,45.95784],[7.52529,45.95807]],[[7.49474,45.95764],[7.48753,45.95683],[7.48371,45.95497],[7.48362,45.95425],[7.48512,45.95381],[7.48718,45.95464],[7.48924,45.955],[7.49199,45.95457],[7.49822,45.95616],[7.49817,45.95694],[7.49611,45.95769],[7.49474,45.95764]],[[7.53593,45.95668],[7.5343,45.95616],[7.534,45.95545],[7.5358,45.94685],[7.5361,45.94638],[7.53696,45.94622],[7.53813,45.94733],[7.54079,45.95545],[7.54064,45.95592],[7.53971,45.95645],[7.53731,45.95681],[7.53593,45.95668]],[[7.69867,45.95475],[7.6987,45.95449],[7.70004,45.9538],[7.70107,45.95369],[7.70169,45.95401],[7.70073,45.95474],[7.69867,45.95475]],[[7.4707,45.93268],[7.47337,45.93301],[7.47585,45.93387],[7.47638,45.93492],[7.4767,45.94017],[7.47495,45.94351],[7.4734,45.94781],[7.47181,45.94924],[7.4707,45.94938]],[[7.4707,45.94141],[7.47104,45.93778],[7.4707,45.93674]],[[7.47997,45.92921],[7.4795,45.92895],[7.47944,45.92823],[7.48032,45.92782],[7.481,45.92788],[7.48137,45.92847],[7.47997,45.92921]],[[7.5761,45.91768],[7.57576,45.91728],[7.57589,45.91677],[7.57694,45.91557],[7.57748,45.91536],[7.57885,45.91572],[7.57898,45.91605],[7.5782,45.917],[7.5761,45.91768]]]}},{"type":"Feature","properties":{"ele":3500,"major":1},"geometry":{"type":"MultiLineString","coordinates":[[[7.66296,46.07323],[7.66411,46.07204],[7.66492,46.07013],[7.6664,46.06975],[7.67017,46.07045],[7.67101,46.07085],[7.67102,46.07156],[7.66998,46.07228],[7.66953,46.07323]],[[7.68543,46.07323],[7.68288,46.07232],[7.67807,46.07145],[7.67532,46.07165],[7.67444,46.07133],[7.67286,46.06966],[7.67326,46.06891],[7.67775,46.06656],[7.6791,46.06517],[7.68018,46.06323],[7.67988,46.06084],[7.67914,46.0587],[7.6797,46.05584],[7.67912,46.05465],[7.67704,46.05404],[7.67635,46.05332],[7.67597,46.05179],[7.67617,46.04869],[7.67532,46.04599],[7.67155,46.04386],[7.66983,46.04389],[7.66605,46.04486],[7.66468,46.04472],[7.66299,46.04369],[7.66193,46.04154],[7.66022,46.03993],[7.65575,46.03745],[7.65157,46.03654],[7.64717,46.03407],[7.64532,46.03225],[7.6456,46.03177],[7.6473,46.03082],[7.64679,46.0282],[7.64786,46.02629],[7.64854,46.02585],[7.6503,46.02629],[7.65193,46.02987],[7.65197,46.03177],[7.65256,46.0332],[7.65418,46.03535],[7.65507,46.0358],[7.66022,46.03567],[7.66399,46.03472],[7.66846,46.03528],[7.67155,46.03528],[7.67361,46.03456],[7.6767,46.03246],[7.67773,46.03225],[7.67807,46.03241],[7.67797,46.03439],[7.67649,46.0363],[7.67657,46.03702],[7.67711,46.03773],[7.6791,46.03911],[7.68317,46.04083],[7.68375,46.04226],[7.68322,46.0444],[7.67944,46.04538],[7.67791,46.04655],[7.67753,46.04869],[7.67876,46.05034],[7.68047,46.05183],[7.68425,46.05357],[7.68665,46.05531],[7.69112,46.05585],[7.69558,46.05369],[7.69695,46.05362],[7.69798,46.05452],[7.70085,46.05608],[7.70416,46.05714],[7.70588,46.05827],[7.70863,46.0588],[7.71275,46.05793],[7.71584,46.05677],[7.71654,46.05679],[7.71669,46.05751],[7.71515,46.05881],[7.71378,46.05945],[7.7124,46.05959],[7.71034,46.06043],[7.70966,46.06108],[7.70691,46.06212],[7.70348,46.06129],[7.70176,46.0598],[7.6997,46.05965],[7.69867,46.06009],[7.6951,46.06299],[7.69383,46.06561],[7.69375,46.06799],[7.6943,46.06942],[7.69627,46.07105],[7.69882,46.0718],[7.70176,46.0731],[7.70362,46.07323]],[[7.85075,46.07323],[7.85111,46.07133],[7.85309,46.06966],[7.85301,46.06823],[7.85628,46.06561],[7.85718,46.06394],[7.8561,46.06227],[7.85369,46.06108],[7.85145,46.05939],[7.85114,46.0587],[7.85138,46.05822],[7.85213,46.05785],[7.85969,46.05714],[7.86054,46.05679],[7.86178,46.05608],[7.86264,46.05513],[7.86334,46.05203],[7.86768,46.04869],[7.86999,46.04798],[7.87136,46.04684],[7.87273,46.04708],[7.87331,46.0475],[7.87342,46.04806],[7.87367,46.0475],[7.87479,46.04677],[7.87754,46.04613],[7.87994,46.04618],[7.88054,46.0456],[7.88052,46.04488],[7.88097,46.04425],[7.88304,46.04321],[7.88303,46.0429],[7.88165,46.04178],[7.88196,46.04083],[7.88115,46.0394],[7.88139,46.03845],[7.87996,46.03773],[7.87956,46.03702],[7.8772,46.03582],[7.87548,46.03552],[7.8734,46.03463],[7.87293,46.03392],[7.87334,46.03296],[7.87102,46.0313],[7.86988,46.02987],[7.869,46.02796],[7.87029,46.02367],[7.86861,46.02152],[7.86461,46.01938],[7.86419,46.0189],[7.86422,46.01795],[7.86552,46.01584],[7.8669,46.01552],[7.87033,46.01544],[7.87926,46.01751],[7.88063,46.01739],[7.88193,46.01675],[7.88238,46.0158],[7.88208,46.01461],[7.87994,46.01251],[7.87958,46.01175],[7.88062,46.00769],[7.89196,46.00476],[7.89642,46.00438],[7.89886,46.00388],[7.90192,46.002],[7.90498,45.99887],[7.90517,45.99696],[7.90327,45.99529],[7.90208,45.99148],[7.90194,45.98957],[7.90295,45.98844],[7.90363,45.98837],[7.90565,45.98933],[7.90695,45.99148],[7.9076,45.99386],[7.90981,45.99641]],[[7.90981,46.05051],[7.90844,46.04977],[7.90672,46.0499],[7.90432,46.04944],[7.9026,46.04984],[7.90054,46.04991],[7.89883,46.0507],[7.89848,46.05247],[7.8978,46.05277],[7.89333,46.05261],[7.89127,46.05218],[7.88853,46.05228],[7.88608,46.05179],[7.88436,46.05322],[7.8839,46.0556],[7.88441,46.05846],[7.88577,46.0618],[7.88519,46.06275],[7.88305,46.06466],[7.88209,46.06728],[7.87995,46.07013],[7.87991,46.07323]],[[7.58984,46.06848],[7.58915,46.06689],[7.5891,46.06561],[7.59011,46.0637],[7.59042,46.06132],[7.59361,46.06092],[7.59636,46.05995],[7.599,46.05703],[7.60406,46.05489],[7.60563,46.05395],[7.60591,46.05346],[7.60519,46.05131],[7.60205,46.04869],[7.6016,46.04798],[7.60348,46.04607],[7.60457,46.04321],[7.6048,46.04154],[7.60647,46.04035],[7.60452,46.03749],[7.60151,46.03565],[7.59994,46.03416],[7.60014,46.03365],[7.60205,46.03225],[7.60276,46.03106],[7.60258,46.02987],[7.60063,46.02844],[7.60046,46.02772],[7.60262,46.02248],[7.60139,46.02081],[7.60264,46.01747],[7.60256,46.01628],[7.60293,46.0158],[7.60425,46.01532],[7.60529,46.01586],[7.60769,46.01839],[7.60975,46.01887],[7.61153,46.01985],[7.61265,46.0251],[7.6149,46.02701],[7.61547,46.0282],[7.61634,46.02891],[7.61619,46.03034],[7.61661,46.03106],[7.62039,46.03072],[7.62383,46.03099],[7.62505,46.03153],[7.62415,46.03725],[7.62245,46.03918],[7.62108,46.03959],[7.61696,46.03935],[7.61215,46.03946],[7.60941,46.04062],[7.60838,46.04072],[7.6074,46.0425],[7.60781,46.04488],[7.60906,46.04704],[7.61215,46.04852],[7.61627,46.04915],[7.62039,46.05183],[7.62072,46.05322],[7.61902,46.0542],[7.61456,46.05461],[7.61215,46.05556],[7.61121,46.05632],[7.61012,46.05799],[7.60928,46.06037],[7.60872,46.06648],[7.60426,46.06473],[7.60254,46.06568],[7.60151,46.06593],[7.59773,46.066],[7.59499,46.06519],[7.5943,46.06558],[7.59215,46.06823],[7.59087,46.06864],[7.58984,46.06848]],[[7.90981,46.02701],[7.90363,46.02516],[7.90054,46.02584],[7.89814,46.02594],[7.89642,46.02683],[7.89402,46.02749],[7.89162,46.02717],[7.8912,46.02796],[7.89324,46.03296],[7.89324,46.03368],[7.89201,46.03559],[7.88964,46.03725],[7.8894,46.03773],[7.8899,46.03851],[7.89189,46.03988],[7.8923,46.0406],[7.89475,46.04226],[7.89745,46.0429],[7.9026,46.04357],[7.9046,46.04417],[7.90659,46.04774],[7.90981,46.04961]],[[7.52289,46.04204],[7.52143,46.04107],[7.52112,46.03964],[7.52392,46.03609],[7.52495,46.03569],[7.52612,46.03654],[7.52633,46.03773],[7.52414,46.04202],[7.52289,46.04204]],[[7.67841,46.03128],[7.67802,46.0301],[7.67841,46.02928],[7.68082,46.02853],[7.6814,46.02867],[7.68116,46.02949],[7.67841,46.03128]],[[7.63378,46.03035],[7.63138,46.03009],[7.62829,46.03032],[7.62736,46.02987],[7.62863,46.02483],[7.63,46.0223],[7.63172,46.02123],[7.63412,46.0234],[7.63495,46.02462],[7.63441,46.02724],[7.63575,46.02963],[7.63515,46.0302],[7.63378,46.03035]],[[7.52289,46.02489],[7.52214,46.02438],[7.52206,46.02271],[7.52132,46.02176],[7.52073,46.01985],[7.51952,46.01842],[7.51985,46.01675],[7.51893,46.01485],[7.51797,46.01389],[7.51808,46.01357],[7.51945,46.01344],[7.52097,46.01365],[7.52289,46.0146],[7.52316,46.01628],[7.52286,46.01795],[7.52637,46.02128],[7.52638,46.02176],[7.52529,46.023],[7.52357,46.02472],[7.52289,46.02489]],[[7.90981,45.99721],[7.90725,45.99911],[7.90558,46.00173],[7.90837,46.00817],[7.90779,46.01103],[7.90845,46.01389],[7.90981,46.01556]],[[7.60391,46.01398],[7.60117,46.01232],[7.60027,46.01127],[7.60048,46.01058],[7.6022,46.00972],[7.60271,46.01151],[7.60432,46.01294],[7.60391,46.01398]],[[7.60014,46.00389],[7.59895,46.00269],[7.59876,46.00137],[7.60082,46.00141],[7.6022,46.00238],[7.60185,46.00374],[7.60117,46.004],[7.60014,46.00389]],[[7.56786,45.99801],[7.56592,45.99553],[7.56544,45.99291],[7.56702,45.98957],[7.56622,45.98885],[7.5634,45.98742],[7.56263,45.98647],[7.56409,45.98575],[7.56649,45.98547],[7.57095,45.98663],[7.57481,45.98527],[7.5753,45.98265],[7.57271,45.97883],[7.57232,45.97478],[7.57439,45.97377],[7.57919,45.97294],[7.58228,45.97142],[7.58469,45.97147],[7.58542,45.97215],[7.58446,45.9743],[7.5852,45.97692],[7.58778,45.97946],[7.58904,45.98026],[7.5909,45.98265],[7.59093,45.98384],[7.59021,45.98527],[7.58915,45.98607],[7.58503,45.98652],[7.58297,45.98832],[7.58283,45.99195],[7.58391,45.99338],[7.58366,45.99385],[7.57713,45.99577],[7.57542,45.99595],[7.57301,45.99555],[7.56958,45.99785],[7.56855,45.99815],[7.56786,45.99801]],[[7.54211,45.99009],[7.54143,45.98991],[7.54123,45.98957],[7.54204,45.98837],[7.54238,45.98456],[7.54189,45.98122],[7.54071,45.97836],[7.54108,45.97652],[7.54177,45.97675],[7.54692,45.98069],[7.54788,45.98193],[7.54824,45.98313],[7.54644,45.98837],[7.54452,45.98991],[7.54211,45.99009]],[[7.89024,45.98792],[7.88544,45.98762],[7.88408,45.98694],[7.88387,45.98527],[7.88506,45.98146],[7.88475,45.98092],[7.88353,45.98026],[7.88235,45.97849],[7.88097,45.9783],[7.87926,45.97856],[7.8781,45.97907],[7.87342,45.97919],[7.86924,45.9774],[7.86929,45.97597],[7.86877,45.97454],[7.87395,45.96953],[7.87399,45.96905],[7.8731,45.96833],[7.87317,45.96786],[7.87489,45.96714],[7.87462,45.96619],[7.87376,45.96517],[7.87308,45.96497],[7.8717,45.9654],[7.86749,45.96475],[7.8657,45.96332],[7.86501,45.9607],[7.86243,45.95955],[7.85106,45.9595],[7.84938,45.95879],[7.84664,45.95584],[7.84355,45.9549],[7.84149,45.95493],[7.84081,45.95456],[7.8403,45.95234],[7.83831,45.95043],[7.83797,45.94972],[7.83665,45.94876],[7.83545,45.94709],[7.83564,45.94661],[7.83841,45.94447],[7.83814,45.94184],[7.83842,45.94065],[7.83935,45.93921],[7.83936,45.9385],[7.83875,45.93783],[7.83669,45.93711],[7.8333,45.93492],[7.83291,45.93217],[7.83154,45.93173],[7.82913,45.9317],[7.826,45.93253],[7.82517,45.93324],[7.82192,45.93476],[7.81574,45.93554],[7.81437,45.93538],[7.81231,45.93559],[7.81019,45.93492],[7.80819,45.93215],[7.80682,45.9312],[7.80132,45.93143],[7.79549,45.93307],[7.79479,45.93277],[7.79411,45.9316],[7.79274,45.93074],[7.79205,45.93069],[7.79009,45.93253],[7.78828,45.93551],[7.7882,45.93754],[7.78925,45.94017],[7.78862,45.94114],[7.78725,45.94195],[7.78468,45.94208],[7.78256,45.94017],[7.78088,45.93921],[7.7807,45.9385],[7.77995,45.93778],[7.77763,45.9368],[7.77605,45.93683],[7.7742,45.93752],[7.77214,45.93907],[7.77008,45.94218],[7.76939,45.94226],[7.76596,45.94127],[7.75978,45.94233],[7.75744,45.94351],[7.75391,45.94661],[7.75188,45.94777],[7.74845,45.94603],[7.7457,45.94596],[7.74296,45.94412],[7.74124,45.94376],[7.73815,45.94407],[7.73506,45.9433],[7.73423,45.94041],[7.73335,45.93966],[7.72717,45.94302],[7.72579,45.94318],[7.72373,45.94232],[7.72225,45.93802],[7.72293,45.93635],[7.72102,45.93348],[7.72098,45.93181],[7.7203,45.93142],[7.71815,45.9311],[7.71652,45.93025],[7.71206,45.92938],[7.71094,45.92871],[7.70969,45.92727],[7.70925,45.92393],[7.71073,45.9213],[7.71412,45.92014],[7.71549,45.91919],[7.72133,45.91759],[7.72214,45.917],[7.72251,45.91581],[7.72373,45.91504],[7.72545,45.9142],[7.72751,45.91389],[7.7354,45.91047],[7.73746,45.91115],[7.7394,45.91271],[7.74107,45.91342],[7.7419,45.91414],[7.74217,45.91509],[7.74114,45.91772],[7.74148,45.91915],[7.74364,45.92154],[7.74708,45.92385],[7.74879,45.92598],[7.75017,45.92706],[7.7512,45.92733],[7.7536,45.92739],[7.75532,45.92628],[7.75703,45.92583],[7.75841,45.92595],[7.7615,45.92692],[7.76527,45.92655],[7.76999,45.92393],[7.77139,45.9225],[7.77598,45.92154],[7.77798,45.92062],[7.77935,45.91838],[7.78175,45.91553],[7.78517,45.91366],[7.78408,45.91199],[7.78235,45.91032],[7.78285,45.90984],[7.78587,45.9087],[7.78862,45.90837],[7.79011,45.90793],[7.7907,45.90506],[7.79027,45.90339],[7.7903,45.90148],[7.79085,45.8998],[7.79137,45.89943],[7.79313,45.8998],[7.79617,45.90157],[7.79815,45.90196],[7.79926,45.90326],[7.80167,45.90441],[7.80476,45.90494],[7.80682,45.90589],[7.80853,45.90604],[7.80947,45.90697],[7.81018,45.9096],[7.81059,45.90996],[7.81162,45.91016],[7.81506,45.90979],[7.81769,45.90864],[7.82055,45.90795],[7.82501,45.90762],[7.82879,45.90778],[7.82945,45.90458],[7.829,45.90339],[7.82948,45.90282],[7.83016,45.90292],[7.83154,45.90438],[7.83428,45.90499],[7.83634,45.90502],[7.83835,45.90411],[7.84023,45.90363],[7.84458,45.90384],[7.846,45.90291],[7.84801,45.89885],[7.85213,45.89708],[7.85591,45.89829],[7.859,45.89863],[7.86278,45.89778],[7.86525,45.89837],[7.8669,45.89945],[7.86758,45.89938],[7.87067,45.90011],[7.87205,45.89977],[7.87308,45.89987],[7.8723,45.90769],[7.87119,45.91008],[7.87175,45.91127],[7.87239,45.9116],[7.87617,45.91194],[7.88029,45.91355],[7.88185,45.91581],[7.88296,45.91653],[7.88508,45.91892],[7.89127,45.92141],[7.89208,45.92274],[7.89402,45.92429],[7.90089,45.92484],[7.90398,45.92621],[7.90443,45.9268],[7.90157,45.92757],[7.89883,45.92776],[7.89539,45.92888],[7.89162,45.92878],[7.88839,45.92918],[7.88688,45.93086],[7.88341,45.93659],[7.882,45.93821],[7.87972,45.94494],[7.87966,45.94685],[7.88098,45.94852],[7.88148,45.95043],[7.8825,45.95187],[7.8821,45.95258],[7.88071,45.95354],[7.87926,45.95571],[7.87809,45.95664],[7.87776,45.95831],[7.87895,45.96117],[7.88148,45.96308],[7.88246,45.96475],[7.88039,45.97024],[7.88037,45.97144],[7.88106,45.97311],[7.88312,45.97454],[7.89574,45.97782],[7.89675,45.97931],[7.89815,45.9805],[7.89958,45.98384],[7.90163,45.98623],[7.90157,45.98648],[7.89951,45.98707],[7.89436,45.98735],[7.89162,45.988],[7.89024,45.98792]],[[7.64717,45.98464],[7.64689,45.98432],[7.64795,45.98313],[7.64826,45.98146],[7.64806,45.97979],[7.64838,45.97836],[7.64795,45.9774],[7.64639,45.97525],[7.64374,45.97306],[7.64168,45.97187],[7.63996,45.97139],[7.63815,45.97024],[7.63803,45.97],[7.63869,45.96953],[7.64065,45.96912],[7.64305,45.96958],[7.64495,45.97048],[7.64717,45.97065],[7.64902,45.97048],[7.65129,45.96964],[7.65301,45.96988],[7.65919,45.97173],[7.66262,45.97314],[7.66468,45.97361],[7.66676,45.97478],[7.66787,45.97645],[7.66989,45.98146],[7.66914,45.98169],[7.66846,45.9814],[7.66502,45.98145],[7.66125,45.98186],[7.65781,45.98136],[7.65644,45.98207],[7.65417,45.98241],[7.65232,45.98394],[7.65095,45.98432],[7.64717,45.98464]],[[7.50813,45.98033],[7.50538,45.97929],[7.50329,45.97931],[7.50246,45.97645],[7.50295,45.97525],[7.50366,45.97479],[7.50469,45.9747],[7.50635,45.97525],[7.50923,45.97764],[7.50994,45.97859],[7.51001,45.97931],[7.50916,45.98021],[7.50813,45.98033]],[[7.60529,45.97553],[7.60357,45.97524],[7.60151,45.97537],[7.59911,45.97483],[7.59499,45.97297],[7.59258,45.97134],[7.59155,45.97115],[7.59127,45.97072],[7.59372,45.96881],[7.59258,45.96667],[7.59297,45.96475],[7.59208,45.96165],[7.59307,45.95974],[7.59482,45.95783],[7.59524,45.95664],[7.5954,45.95378],[7.59589,45.95306],[7.59675,45.95258],[7.59755,45.95091],[7.5976,45.94876],[7.59739,45.94831],[7.59569,45.94733],[7.59258,45.94668],[7.59044,45.94518],[7.58708,45.94088],[7.58633,45.93826],[7.58656,45.93611],[7.58582,45.93539],[7.58606,45.93493],[7.58679,45.93515],[7.58701,45.93611],[7.58915,45.93736],[7.59052,45.93873],[7.59155,45.9393],[7.59358,45.9416],[7.59772,45.94447],[7.60048,45.94568],[7.60337,45.94757],[7.60379,45.94924],[7.60287,45.95425],[7.60377,45.95831],[7.6069,45.96213],[7.61112,45.96316],[7.61239,45.96452],[7.61343,45.96714],[7.61444,45.96833],[7.61662,45.96957],[7.61936,45.97044],[7.62554,45.97013],[7.62657,45.9703],[7.62794,45.97097],[7.63018,45.97096],[7.62863,45.97158],[7.62726,45.97151],[7.62383,45.97294],[7.62177,45.97345],[7.62039,45.97361],[7.61696,45.97326],[7.61284,45.97339],[7.60632,45.97548],[7.60529,45.97553]],[[7.50435,45.96725],[7.50366,45.96683],[7.50229,45.96692],[7.50086,45.96666],[7.50035,45.96475],[7.50061,45.96404],[7.50126,45.96355],[7.50263,45.96354],[7.50374,45.96428],[7.50512,45.96666],[7.50504,45.96719],[7.50435,45.96725]],[[7.53765,45.95573],[7.53588,45.9533],[7.53632,45.95091],[7.53696,45.94966],[7.5381,45.95139],[7.53856,45.95378],[7.53933,45.95521],[7.53901,45.95568],[7.53765,45.95573]],[[7.4707,45.93371],[7.47276,45.93402],[7.47482,45.935],[7.47542,45.93587],[7.47556,45.9373],[7.4753,45.94065],[7.47389,45.94303],[7.47242,45.94718],[7.47139,45.94864],[7.4707,45.94886]],[[7.4707,45.94323],[7.47166,45.94184],[7.47178,45.93921],[7.47269,45.93635],[7.47242,45.93561],[7.4707,45.93472]],[[7.58537,45.93427],[7.58523,45.93396],[7.58572,45.93369],[7.58606,45.93426],[7.58537,45.93427]],[[7.58503,45.92754],[7.58434,45.9268],[7.58469,45.92581],[7.58537,45.92604],[7.58581,45.9268],[7.58572,45.92756],[7.58503,45.92754]]]}},{"type":"Feature","properties":{"ele":3600,"major":0},"geometry":{"type":"MultiLineString","coordinates":[[[7.6647,46.07323],[7.66523,46.07252],[7.66553,46.07109],[7.6664,46.07067],[7.66777,46.07096],[7.66818,46.07133],[7.6676,46.07252],[7.66678,46.07323]],[[7.68799,46.07323],[7.68631,46.07286],[7.68288,46.0714],[7.67841,46.07073],[7.6767,46.07084],[7.6753,46.07013],[7.67576,46.06966],[7.67738,46.06941],[7.68047,46.068],[7.68129,46.06728],[7.68234,46.06442],[7.68169,46.06037],[7.68057,46.05775],[7.68193,46.05465],[7.68253,46.05409],[7.68425,46.05454],[7.687,46.05682],[7.68837,46.0574],[7.69043,46.05729],[7.69283,46.05587],[7.69421,46.05538],[7.69695,46.0554],[7.69882,46.05632],[7.69932,46.05775],[7.6938,46.06323],[7.69299,46.06537],[7.69279,46.06775],[7.69304,46.06942],[7.69386,46.07056],[7.69878,46.07323]],[[7.85434,46.07323],[7.85335,46.07109],[7.85482,46.06942],[7.85488,46.06761],[7.85694,46.06628],[7.85745,46.06561],[7.85841,46.06251],[7.85797,46.06157],[7.85454,46.06016],[7.8537,46.05941],[7.8537,46.05894],[7.85454,46.05858],[7.85728,46.05859],[7.85969,46.0581],[7.86312,46.05685],[7.865,46.05513],[7.86716,46.05179],[7.87033,46.04941],[7.87136,46.04812],[7.8717,46.04803],[7.87239,46.04876],[7.87342,46.04878],[7.87514,46.04767],[7.8772,46.0473],[7.88029,46.0472],[7.88647,46.04558],[7.88734,46.04488],[7.88792,46.04369],[7.8877,46.04083],[7.88853,46.04007],[7.8899,46.03999],[7.89057,46.04035],[7.89127,46.04136],[7.89368,46.04275],[7.90054,46.0442],[7.90295,46.04429],[7.90385,46.04464],[7.90518,46.04703],[7.90515,46.04798],[7.90432,46.04853],[7.9026,46.04881],[7.90054,46.04869],[7.89852,46.04917],[7.89642,46.05068],[7.89093,46.05009],[7.88612,46.04986],[7.88406,46.05034],[7.88338,46.05004],[7.88293,46.05227],[7.88337,46.05775],[7.88316,46.05941],[7.88124,46.06108],[7.88085,46.06227],[7.87994,46.06299],[7.87983,46.06656],[7.8784,46.06823],[7.87779,46.06966],[7.87862,46.07275],[7.87788,46.07309],[7.87643,46.07323]],[[7.60666,46.06163],[7.60563,46.06108],[7.60522,46.06037],[7.60536,46.05989],[7.60651,46.05894],[7.60645,46.05846],[7.60463,46.05727],[7.60412,46.05632],[7.60438,46.05584],[7.60632,46.05462],[7.60723,46.05322],[7.60685,46.05084],[7.60424,46.0475],[7.60529,46.04522],[7.60597,46.04485],[7.60803,46.04651],[7.60872,46.04767],[7.60946,46.04822],[7.61215,46.04939],[7.61662,46.05033],[7.61804,46.05131],[7.61906,46.05251],[7.61868,46.05313],[7.6149,46.05366],[7.61318,46.0546],[7.61112,46.05527],[7.60868,46.05799],[7.60759,46.06132],[7.60666,46.06163]],[[7.70245,46.05801],[7.70289,46.05799],[7.70245,46.05801]],[[7.67773,46.05275],[7.67707,46.05227],[7.67691,46.05155],[7.67725,46.05084],[7.67773,46.05072],[7.6784,46.05131],[7.67867,46.05227],[7.67773,46.05275]],[[7.67704,46.04594],[7.67363,46.04345],[7.67189,46.04291],[7.66743,46.04298],[7.66537,46.04367],[7.66434,46.04342],[7.66356,46.04274],[7.66195,46.03964],[7.66022,46.03848],[7.65847,46.03773],[7.65838,46.03702],[7.66399,46.03551],[7.6712,46.03625],[7.67305,46.03606],[7.67373,46.03678],[7.67357,46.03821],[7.67488,46.0394],[7.67807,46.03945],[7.68113,46.04083],[7.6822,46.04178],[7.68185,46.0431],[7.68013,46.04377],[7.678,46.0456],[7.67704,46.04594]],[[7.52289,46.03967],[7.5232,46.03892],[7.52392,46.03851],[7.52388,46.0394],[7.52323,46.03981],[7.52289,46.03967]],[[7.60906,46.03948],[7.60769,46.03886],[7.6046,46.03603],[7.60145,46.03416],[7.60185,46.03361],[7.60354,46.03273],[7.6044,46.03153],[7.60427,46.02915],[7.60231,46.02677],[7.60243,46.0251],[7.60413,46.02176],[7.60328,46.01985],[7.6034,46.01795],[7.60391,46.01683],[7.60529,46.01736],[7.60666,46.01908],[7.61001,46.02033],[7.61129,46.02319],[7.61201,46.02605],[7.61562,46.02915],[7.61546,46.0301],[7.61593,46.03169],[7.62005,46.03155],[7.62314,46.03192],[7.62372,46.03249],[7.62299,46.03725],[7.62252,46.03821],[7.62146,46.03892],[7.61215,46.03889],[7.61078,46.03907],[7.60975,46.03954],[7.60906,46.03948]],[[7.90981,46.02446],[7.90672,46.02398],[7.90466,46.02324],[7.89677,46.02341],[7.89436,46.02274],[7.89093,46.02264],[7.88921,46.0241],[7.88897,46.02486],[7.88962,46.02867],[7.89185,46.0332],[7.88818,46.03562],[7.88647,46.03601],[7.88372,46.03599],[7.87996,46.03463],[7.87929,46.03392],[7.87886,46.03249],[7.87308,46.02811],[7.87109,46.02557],[7.87148,46.02271],[7.87108,46.02128],[7.86815,46.01914],[7.86713,46.01771],[7.86735,46.01723],[7.86827,46.01671],[7.87033,46.01634],[7.87308,46.01716],[7.87602,46.01747],[7.87926,46.01856],[7.88357,46.0189],[7.88563,46.01389],[7.8843,46.01199],[7.88198,46.01103],[7.88165,46.00912],[7.882,46.00833],[7.8923,46.00553],[7.89848,46.00504],[7.90363,46.00396],[7.90553,46.00435],[7.90638,46.00556],[7.90693,46.01103],[7.90769,46.01413],[7.90981,46.01656]],[[7.65198,46.03587],[7.6486,46.03392],[7.64868,46.03273],[7.64992,46.03144],[7.6506,46.03166],[7.65281,46.03511],[7.6527,46.03582],[7.65198,46.03587]],[[7.67532,46.03512],[7.67601,46.03437],[7.67532,46.03512]],[[7.64957,46.02941],[7.64921,46.02891],[7.64957,46.02839],[7.64992,46.02846],[7.6502,46.02915],[7.64992,46.02953],[7.64957,46.02941]],[[7.62966,46.02922],[7.62866,46.02844],[7.6288,46.02653],[7.63062,46.02295],[7.63138,46.02269],[7.63309,46.02384],[7.63356,46.02486],[7.63264,46.02653],[7.63244,46.02844],[7.63069,46.02922],[7.62966,46.02922]],[[7.5737,45.99267],[7.57076,45.99243],[7.5718,45.99148],[7.57246,45.99028],[7.57127,45.98909],[7.57074,45.9879],[7.57336,45.98662],[7.57576,45.98643],[7.57679,45.98677],[7.57747,45.98742],[7.57876,45.99028],[7.57663,45.99148],[7.57576,45.99252],[7.5737,45.99267]],[[7.54383,45.98843],[7.54314,45.98795],[7.54298,45.98718],[7.54328,45.98456],[7.54283,45.9805],[7.543,45.98003],[7.54349,45.97986],[7.54486,45.98013],[7.54596,45.98074],[7.54692,45.98183],[7.54722,45.98289],[7.54572,45.98718],[7.54491,45.98814],[7.54383,45.98843]],[[7.56752,45.9877],[7.56512,45.98717],[7.56462,45.9867],[7.5658,45.98626],[7.56781,45.98694],[7.56896,45.98766],[7.56855,45.98789],[7.56752,45.9877]],[[7.8899,45.98552],[7.88789,45.9848],[7.8878,45.9836],[7.88907,45.98217],[7.88958,45.98074],[7.89113,45.97931],[7.8915,45.97812],[7.89265,45.97793],[7.89368,45.97811],[7.89474,45.97859],[7.89723,45.98098],[7.89824,45.98289],[7.89851,45.98456],[7.89745,45.98537],[7.89642,45.98569],[7.89436,45.98546],[7.89162,45.9857],[7.8899,45.98552]],[[7.6506,45.9834],[7.64941,45.98265],[7.64921,45.97812],[7.6473,45.97525],[7.64485,45.97287],[7.64465,45.97215],[7.64511,45.97173],[7.64889,45.97126],[7.65095,45.97048],[7.65163,45.97046],[7.65919,45.97239],[7.66451,45.9743],[7.66582,45.97525],[7.66815,45.97979],[7.66815,45.9805],[7.66777,45.98088],[7.66468,45.98088],[7.66125,45.9813],[7.65781,45.98105],[7.65644,45.98166],[7.65404,45.98196],[7.65198,45.98324],[7.6506,45.9834]],[[7.58125,45.98225],[7.57954,45.98184],[7.57855,45.98122],[7.5758,45.9774],[7.57436,45.97621],[7.57416,45.97549],[7.5761,45.97439],[7.57919,45.97375],[7.58125,45.97297],[7.58263,45.97287],[7.58321,45.97311],[7.58347,45.97501],[7.58486,45.97788],[7.58816,45.98122],[7.58743,45.98207],[7.58228,45.9824],[7.58125,45.98225]],[[7.88818,45.97765],[7.88751,45.97692],[7.88818,45.97659],[7.88955,45.9774],[7.88818,45.97765]],[[7.50504,45.97697],[7.50504,45.97665],[7.50504,45.97697]],[[7.60185,45.97479],[7.59791,45.97334],[7.59548,45.97167],[7.59579,45.97096],[7.59722,45.97],[7.59786,45.96762],[7.59709,45.96499],[7.59539,45.96213],[7.597,45.95903],[7.59646,45.95521],[7.59814,45.95115],[7.59842,45.9481],[7.59636,45.94656],[7.59353,45.94614],[7.59148,45.94494],[7.58808,45.93993],[7.58793,45.93897],[7.58846,45.93847],[7.59087,45.93972],[7.59293,45.94196],[7.59705,45.94517],[7.60014,45.94611],[7.60254,45.9482],[7.60291,45.94948],[7.60192,45.95306],[7.60302,45.95879],[7.6044,45.96022],[7.60597,45.96275],[7.60803,45.96374],[7.61116,45.96475],[7.61341,45.96833],[7.6149,45.96949],[7.6172,45.97048],[7.61851,45.97167],[7.61833,45.97217],[7.61215,45.97287],[7.60906,45.97356],[7.60529,45.9748],[7.60185,45.97479]],[[7.87651,45.97463],[7.87701,45.97358],[7.87892,45.97382],[7.87857,45.97453],[7.87651,45.97463]],[[7.62005,45.97266],[7.62005,45.97233],[7.62132,45.97239],[7.6211,45.97263],[7.62005,45.97266]],[[7.62108,45.97206],[7.62039,45.97174],[7.62038,45.97144],[7.62204,45.9712],[7.62227,45.97167],[7.62108,45.97206]],[[7.62314,45.97194],[7.62269,45.97167],[7.62348,45.97143],[7.62314,45.97194]],[[7.50195,45.96559],[7.50155,45.96475],[7.50229,45.9645],[7.5028,45.96523],[7.50195,45.96559]],[[7.8796,45.96534],[7.87891,45.96493],[7.87833,45.96356],[7.87872,45.96284],[7.8796,45.96257],[7.88132,45.96356],[7.88174,45.96452],[7.88166,45.96489],[7.88063,45.96535],[7.8796,45.96534]],[[7.85145,45.95881],[7.85007,45.95821],[7.84955,45.95759],[7.85038,45.95592],[7.85022,45.95545],[7.84398,45.95378],[7.84304,45.9533],[7.84222,45.95163],[7.84212,45.94972],[7.83883,45.94733],[7.83876,45.94685],[7.8394,45.9459],[7.8421,45.94351],[7.8401,45.94088],[7.84146,45.9385],[7.84153,45.93778],[7.84025,45.93587],[7.83785,45.93396],[7.83835,45.93301],[7.83806,45.93232],[7.8336,45.92987],[7.82673,45.93148],[7.82398,45.93297],[7.82158,45.93384],[7.81677,45.93474],[7.81471,45.93449],[7.81197,45.9346],[7.80991,45.93353],[7.80859,45.9299],[7.80682,45.92815],[7.8051,45.92792],[7.80029,45.92993],[7.79858,45.92954],[7.79617,45.92832],[7.79377,45.92776],[7.7924,45.92776],[7.79034,45.92934],[7.78649,45.9373],[7.78644,45.93802],[7.78812,45.93945],[7.78759,45.94024],[7.7869,45.94043],[7.78626,45.94017],[7.78494,45.93802],[7.7821,45.93635],[7.78107,45.93465],[7.78038,45.93429],[7.77901,45.9342],[7.77719,45.93515],[7.77454,45.93583],[7.77151,45.93874],[7.76974,45.94122],[7.76596,45.93999],[7.76493,45.94054],[7.7639,45.94033],[7.76115,45.94085],[7.75806,45.94202],[7.7536,45.9455],[7.75188,45.94593],[7.74914,45.94515],[7.7457,45.94521],[7.74364,45.94385],[7.74158,45.94306],[7.74055,45.94296],[7.73884,45.94334],[7.73815,45.9429],[7.73686,45.94279],[7.73688,45.94184],[7.73615,45.93993],[7.73472,45.93817],[7.73369,45.93769],[7.73249,45.93802],[7.72963,45.94065],[7.72717,45.94213],[7.72648,45.94239],[7.72539,45.94232],[7.72438,45.94065],[7.72507,45.93897],[7.72486,45.93802],[7.72518,45.93635],[7.7246,45.93515],[7.72321,45.93372],[7.72347,45.9311],[7.72254,45.92895],[7.72157,45.92799],[7.72064,45.9276],[7.71893,45.92762],[7.71481,45.92826],[7.71378,45.92805],[7.71293,45.92704],[7.71273,45.9256],[7.71325,45.92345],[7.71446,45.9221],[7.71721,45.92043],[7.72648,45.91776],[7.72991,45.91565],[7.73575,45.91446],[7.73633,45.9139],[7.73648,45.91271],[7.73815,45.91254],[7.74078,45.91509],[7.74017,45.91772],[7.74048,45.91939],[7.74399,45.92281],[7.74639,45.9243],[7.74679,45.9256],[7.74866,45.92823],[7.74965,45.92895],[7.75257,45.93004],[7.75703,45.9312],[7.75802,45.93062],[7.75833,45.92918],[7.75909,45.92843],[7.76218,45.92795],[7.76699,45.92794],[7.76984,45.92584],[7.78048,45.92154],[7.78117,45.92059],[7.78087,45.91868],[7.78278,45.91595],[7.78358,45.91533],[7.78484,45.91491],[7.7869,45.91493],[7.78813,45.9139],[7.78798,45.91318],[7.78528,45.91151],[7.785,45.91079],[7.78523,45.91032],[7.7869,45.90933],[7.79034,45.9088],[7.79173,45.90793],[7.79258,45.90434],[7.79343,45.9035],[7.7948,45.90324],[7.7968,45.90363],[7.80338,45.9074],[7.80441,45.90753],[7.80579,45.90722],[7.80819,45.90744],[7.80876,45.90817],[7.80922,45.91063],[7.81059,45.91193],[7.81162,45.91214],[7.81403,45.91157],[7.81746,45.90997],[7.82124,45.9091],[7.82467,45.90881],[7.82776,45.90945],[7.83026,45.90912],[7.83093,45.90841],[7.83046,45.90626],[7.83119,45.90561],[7.83291,45.90597],[7.836,45.90717],[7.83737,45.90728],[7.83875,45.90712],[7.84081,45.90578],[7.8444,45.90554],[7.8463,45.90515],[7.84876,45.90363],[7.84961,45.90052],[7.8511,45.89974],[7.85385,45.89929],[7.85694,45.8999],[7.86072,45.90008],[7.86312,45.89954],[7.86518,45.89992],[7.86827,45.90144],[7.87102,45.90221],[7.8716,45.90267],[7.87186,45.90458],[7.87133,45.90721],[7.86985,45.90912],[7.8693,45.91045],[7.86815,45.91079],[7.86896,45.91225],[7.87125,45.91318],[7.87514,45.91324],[7.87685,45.91393],[7.87881,45.91414],[7.88313,45.91939],[7.88784,45.92115],[7.88973,45.9225],[7.89141,45.92441],[7.8923,45.92485],[7.8983,45.9256],[7.89925,45.92608],[7.89711,45.92701],[7.89608,45.92783],[7.88956,45.92795],[7.88715,45.929],[7.88251,45.93492],[7.88235,45.93611],[7.88085,45.93706],[7.87886,45.94327],[7.87868,45.94518],[7.87883,45.94709],[7.87997,45.94924],[7.88063,45.95187],[7.87891,45.95497],[7.87754,45.95612],[7.87685,45.95629],[7.87514,45.95552],[7.87308,45.95554],[7.87136,45.95517],[7.87033,45.95594],[7.86964,45.95715],[7.86797,45.95759],[7.8669,45.95849],[7.86484,45.95788],[7.86312,45.9577],[7.86175,45.95854],[7.86003,45.95891],[7.85351,45.95902],[7.85145,45.95881]],[[7.47311,45.94101],[7.47279,45.93969],[7.47379,45.93693],[7.47414,45.93692],[7.47418,45.94017],[7.47379,45.94083],[7.47311,45.94101]]]}},{"type":"Feature","properties":{"ele":3700,"major":0},"geometry":{"type":"MultiLineString","coordinates":[[[7.68918,46.07323],[7.68597,46.07193],[7.68411,46.07085],[7.68238,46.07037],[7.68166,46.06966],[7.68346,46.06728],[7.6838,46.06608],[7.68375,46.06323],[7.68209,46.05775],[7.68241,46.05632],[7.68322,46.05549],[7.68422,46.05584],[7.68631,46.05828],[7.68768,46.05938],[7.68871,46.05977],[7.69077,46.05912],[7.69259,46.05703],[7.69352,46.05655],[7.69661,46.05645],[7.69782,46.05703],[7.69785,46.05751],[7.69299,46.06299],[7.69204,46.06656],[7.6921,46.06918],[7.69283,46.07083],[7.69386,46.072],[7.69668,46.07323]],[[7.85924,46.07323],[7.859,46.07282],[7.85631,46.07133],[7.85578,46.07061],[7.85659,46.06918],[7.85667,46.06751],[7.85823,46.06608],[7.85883,46.06489],[7.85903,46.05989],[7.86053,46.0587],[7.86415,46.05726],[7.86724,46.05486],[7.86904,46.05393],[7.86999,46.05203],[7.8717,46.04976],[7.87376,46.0493],[7.87548,46.04847],[7.87891,46.04828],[7.88029,46.04864],[7.88097,46.04853],[7.88166,46.04787],[7.88853,46.04573],[7.8897,46.04488],[7.89093,46.04311],[7.89162,46.04282],[7.89505,46.04353],[7.8978,46.04455],[7.90295,46.04535],[7.9038,46.04679],[7.90363,46.04735],[7.89917,46.04797],[7.89745,46.04863],[7.89608,46.04956],[7.89196,46.04909],[7.88887,46.04844],[7.88578,46.04893],[7.88441,46.04956],[7.88303,46.04974],[7.88166,46.05487],[7.88029,46.05677],[7.87745,46.05775],[7.87665,46.05918],[7.87651,46.06204],[7.87697,46.06323],[7.87693,46.06442],[7.8761,46.06704],[7.87605,46.07109],[7.8717,46.07232],[7.86988,46.07323]],[[7.60769,46.05609],[7.60708,46.05536],[7.60823,46.05346],[7.60872,46.04961],[7.60941,46.04938],[7.61044,46.04952],[7.61645,46.05155],[7.61676,46.05203],[7.61634,46.05251],[7.61421,46.05294],[7.61267,46.05393],[7.61112,46.05438],[7.60869,46.05608],[7.60769,46.05609]],[[7.67704,46.04442],[7.67429,46.04294],[7.67086,46.04195],[7.66777,46.0418],[7.66494,46.04226],[7.66433,46.04178],[7.66237,46.03868],[7.66181,46.03749],[7.66207,46.03702],[7.66296,46.0365],[7.66434,46.03624],[7.66914,46.03678],[7.67092,46.03749],[7.67326,46.03971],[7.67464,46.04008],[7.67738,46.04016],[7.67865,46.04059],[7.68004,46.04154],[7.6803,46.04226],[7.67807,46.04405],[7.67704,46.04442]],[[7.60941,46.03845],[7.60424,46.03487],[7.60382,46.03416],[7.60518,46.03106],[7.6057,46.02891],[7.60529,46.02776],[7.60391,46.02632],[7.60349,46.02534],[7.6056,46.022],[7.60557,46.02057],[7.60597,46.02043],[7.60762,46.02081],[7.61034,46.02343],[7.61112,46.02629],[7.61224,46.02772],[7.6147,46.02939],[7.61559,46.03182],[7.61662,46.03214],[7.62211,46.03267],[7.6227,46.0332],[7.62246,46.03535],[7.62179,46.03678],[7.62039,46.0378],[7.61833,46.03817],[7.60941,46.03845]],[[7.90981,46.02138],[7.90363,46.02177],[7.90123,46.0212],[7.89745,46.02221],[7.89505,46.02116],[7.89127,46.02025],[7.88956,46.02015],[7.88818,46.02047],[7.8876,46.02224],[7.88786,46.02486],[7.88887,46.02974],[7.88999,46.0313],[7.89036,46.03249],[7.8895,46.0332],[7.88681,46.03391],[7.88441,46.03385],[7.88338,46.0335],[7.88235,46.03179],[7.88097,46.03119],[7.87927,46.02987],[7.87895,46.02748],[7.87515,46.02557],[7.87246,46.02486],[7.87208,46.02438],[7.87306,46.02176],[7.87269,46.02009],[7.87308,46.01937],[7.87617,46.01838],[7.88063,46.01947],[7.88372,46.01975],[7.88509,46.01953],[7.88603,46.0189],[7.88664,46.01771],[7.88657,46.0158],[7.88984,46.01389],[7.88921,46.0118],[7.88877,46.01175],[7.88818,46.01234],[7.88715,46.01183],[7.88612,46.01177],[7.8835,46.01008],[7.88323,46.00936],[7.88345,46.00889],[7.88509,46.00804],[7.88818,46.00778],[7.89574,46.00613],[7.89848,46.00601],[7.9026,46.00528],[7.90398,46.00542],[7.90501,46.00588],[7.90558,46.00674],[7.9059,46.01008],[7.90712,46.01437],[7.90981,46.0183]],[[7.63,46.02776],[7.62984,46.02629],[7.63069,46.0255],[7.63111,46.02581],[7.63111,46.02701],[7.63069,46.02763],[7.63,46.02776]],[[7.5737,45.98771],[7.5737,45.98771]],[[7.54486,45.98417],[7.54417,45.98363],[7.54373,45.98241],[7.54391,45.98146],[7.54452,45.98107],[7.54563,45.98146],[7.54624,45.98241],[7.54589,45.98361],[7.54486,45.98417]],[[7.89436,45.98408],[7.89265,45.98346],[7.89223,45.98289],[7.89339,45.98098],[7.89471,45.98039],[7.89594,45.98098],[7.89672,45.9836],[7.89574,45.98424],[7.89436,45.98408]],[[7.65163,45.98221],[7.65089,45.98122],[7.65067,45.97907],[7.64731,45.97406],[7.64715,45.97287],[7.64762,45.97239],[7.65095,45.97123],[7.65369,45.97152],[7.65944,45.97311],[7.66354,45.97478],[7.66476,45.97573],[7.66681,45.97955],[7.66674,45.98007],[7.66537,45.97978],[7.66193,45.98062],[7.65747,45.98079],[7.65404,45.9814],[7.65163,45.98221]],[[7.5816,45.97911],[7.58034,45.97836],[7.57775,45.97549],[7.57828,45.97501],[7.58125,45.97415],[7.58194,45.97441],[7.58263,45.97571],[7.58322,45.97883],[7.58297,45.97925],[7.5816,45.97911]],[[7.60323,45.97338],[7.59963,45.97287],[7.59871,45.97239],[7.59835,45.97167],[7.59818,45.96977],[7.60007,45.96762],[7.60049,45.96666],[7.59985,45.96547],[7.59959,45.9638],[7.59967,45.96189],[7.60021,45.96046],[7.59752,45.95616],[7.59926,45.94924],[7.59915,45.94781],[7.59824,45.94685],[7.59842,45.94639],[7.60014,45.94682],[7.60048,45.9481],[7.60189,45.94924],[7.60112,45.95282],[7.60149,45.95664],[7.60209,45.95879],[7.60373,45.9607],[7.60426,45.96234],[7.60597,45.96387],[7.61067,45.96571],[7.61224,45.96833],[7.6155,45.9712],[7.61481,45.97167],[7.61112,45.97222],[7.60735,45.9733],[7.60529,45.97355],[7.60323,45.97338]],[[7.85282,45.95832],[7.8511,45.95787],[7.85064,45.95736],[7.85351,45.95508],[7.85316,45.95355],[7.85179,45.95243],[7.84973,45.95166],[7.84733,45.95118],[7.84517,45.94972],[7.84468,45.949],[7.84444,45.94733],[7.84291,45.94566],[7.84492,45.94342],[7.84593,45.9416],[7.84527,45.94095],[7.84218,45.94046],[7.84194,45.93945],[7.84387,45.93635],[7.8463,45.93546],[7.84696,45.93492],[7.84739,45.93396],[7.84717,45.93253],[7.84942,45.93133],[7.84698,45.9298],[7.84627,45.92966],[7.84492,45.9303],[7.84321,45.93019],[7.84218,45.93044],[7.83943,45.92924],[7.83703,45.92949],[7.83325,45.92923],[7.82982,45.92993],[7.822,45.93277],[7.8178,45.93379],[7.81574,45.93335],[7.81265,45.93328],[7.81162,45.93288],[7.80819,45.92749],[7.80579,45.92625],[7.80098,45.92777],[7.79961,45.92794],[7.79755,45.92732],[7.79411,45.92675],[7.79171,45.92682],[7.78995,45.92751],[7.7887,45.9311],[7.78703,45.9342],[7.78622,45.93485],[7.78553,45.93484],[7.78381,45.93373],[7.78305,45.93205],[7.7821,45.93135],[7.78004,45.93061],[7.77866,45.9306],[7.77798,45.93151],[7.77681,45.93205],[7.77592,45.93365],[7.7741,45.93492],[7.77329,45.93611],[7.76905,45.93962],[7.76081,45.93985],[7.76012,45.94044],[7.75738,45.94118],[7.75532,45.94294],[7.75291,45.94406],[7.74811,45.94432],[7.74467,45.9437],[7.74093,45.94232],[7.73957,45.94065],[7.73712,45.93869],[7.73587,45.93635],[7.73438,45.93568],[7.73335,45.93569],[7.73266,45.93603],[7.72923,45.93954],[7.72785,45.94053],[7.72702,45.94065],[7.72757,45.93921],[7.72655,45.93539],[7.72734,45.93348],[7.72559,45.93086],[7.72481,45.92704],[7.72425,45.92632],[7.72064,45.92421],[7.71893,45.92396],[7.7189,45.92321],[7.72133,45.92229],[7.72305,45.92108],[7.72854,45.91949],[7.73163,45.91821],[7.73266,45.91812],[7.73472,45.91734],[7.73643,45.91632],[7.73768,45.91629],[7.73884,45.91665],[7.73918,45.91712],[7.73905,45.91868],[7.73965,45.92202],[7.74143,45.92298],[7.74243,45.92393],[7.74467,45.92465],[7.74776,45.93077],[7.74982,45.93122],[7.75051,45.93211],[7.7512,45.93244],[7.75635,45.93353],[7.75772,45.93352],[7.7615,45.93124],[7.76768,45.9296],[7.77489,45.92879],[7.77517,45.92823],[7.77435,45.9268],[7.77454,45.92601],[7.77974,45.92393],[7.78403,45.92178],[7.78441,45.92083],[7.78264,45.91844],[7.78335,45.91653],[7.7845,45.91575],[7.78861,45.91509],[7.7901,45.91462],[7.79064,45.91414],[7.79065,45.91366],[7.78931,45.91249],[7.78684,45.91103],[7.78708,45.91056],[7.78828,45.90992],[7.79068,45.90945],[7.79308,45.9086],[7.79686,45.90827],[7.79823,45.90845],[7.79961,45.90902],[7.80064,45.90994],[7.80239,45.91056],[7.80395,45.91079],[7.80544,45.91053],[7.80613,45.90998],[7.80716,45.91027],[7.80991,45.91349],[7.81128,45.91402],[7.81276,45.9139],[7.81437,45.91357],[7.81637,45.91271],[7.81805,45.91127],[7.82021,45.91095],[7.82158,45.91044],[7.82295,45.91039],[7.82604,45.91138],[7.83085,45.91022],[7.83228,45.90912],[7.83227,45.90769],[7.83257,45.90746],[7.83527,45.90841],[7.83669,45.90948],[7.83772,45.90977],[7.83867,45.9096],[7.84046,45.90873],[7.84284,45.90841],[7.84492,45.90689],[7.84818,45.9053],[7.85179,45.90475],[7.85419,45.90388],[7.85457,45.90148],[7.85652,45.90076],[7.86037,45.90138],[7.86484,45.90111],[7.8693,45.90292],[7.87067,45.90371],[7.87117,45.90434],[7.87015,45.90721],[7.86654,45.90984],[7.86596,45.91127],[7.86621,45.91224],[7.8693,45.9139],[7.87445,45.91513],[7.8772,45.91522],[7.87857,45.91596],[7.88062,45.91772],[7.88235,45.92032],[7.88372,45.92136],[7.88543,45.92202],[7.88519,45.92393],[7.88818,45.92526],[7.88892,45.92632],[7.88626,45.92847],[7.88473,45.93038],[7.88406,45.93186],[7.88084,45.93468],[7.87926,45.93683],[7.87903,45.93826],[7.87802,45.94041],[7.87783,45.94327],[7.87729,45.94518],[7.87955,45.95163],[7.87857,45.95389],[7.87788,45.95437],[7.8772,45.95435],[7.87548,45.95383],[7.87411,45.95303],[7.87273,45.95284],[7.87012,45.95354],[7.86724,45.95556],[7.86346,45.95632],[7.86072,45.95809],[7.859,45.9584],[7.85282,45.95832]],[[7.59396,45.94553],[7.593,45.94494],[7.59027,45.9416],[7.59018,45.9409],[7.59052,45.9407],[7.59469,45.94447],[7.5948,45.94518],[7.59396,45.94553]],[[7.89539,45.92657],[7.89539,45.92657]]]}},{"type":"Feature","properties":{"ele":3800,"major":0},"geometry":{"type":"MultiLineString","coordinates":[[[7.86378,46.07323],[7.86175,46.07162],[7.85831,46.07052],[7.85769,46.0699],[7.85809,46.06775],[7.85969,46.0652],[7.8603,46.06037],[7.86106,46.0593],[7.86627,46.05727],[7.86839,46.05584],[7.87102,46.05535],[7.87239,46.05559],[7.87292,46.05608],[7.87204,46.06037],[7.87231,46.0618],[7.87356,46.06442],[7.87322,46.06608],[7.87467,46.06894],[7.87411,46.06987],[7.87102,46.07103],[7.86964,46.07222],[7.86784,46.07323]],[[7.6894,46.07232],[7.68665,46.07142],[7.68407,46.06966],[7.68536,46.06656],[7.68506,46.06346],[7.68373,46.05846],[7.68391,46.05827],[7.6846,46.05846],[7.68562,46.06008],[7.68837,46.06122],[7.69043,46.0614],[7.69112,46.0611],[7.69386,46.05817],[7.69489,46.05781],[7.69545,46.05822],[7.69539,46.05894],[7.69352,46.06117],[7.69229,46.06204],[7.69188,46.06299],[7.69122,46.06799],[7.69184,46.07204],[7.69112,46.07244],[7.6894,46.07232]],[[7.60941,46.0543],[7.6091,46.05393],[7.6094,46.05155],[7.60975,46.05058],[7.61044,46.05033],[7.61161,46.05084],[7.61283,46.05203],[7.61147,46.0533],[7.60941,46.0543]],[[7.87411,46.05251],[7.87342,46.05227],[7.87308,46.05179],[7.87346,46.05084],[7.87548,46.05005],[7.87806,46.05036],[7.8772,46.05198],[7.87548,46.0525],[7.87411,46.05251]],[[7.88029,46.05136],[7.87931,46.0506],[7.87936,46.04941],[7.88132,46.04907],[7.88335,46.04822],[7.88415,46.04822],[7.8841,46.04893],[7.88267,46.04941],[7.88132,46.05126],[7.88029,46.05136]],[[7.89436,46.04829],[7.89122,46.04774],[7.88969,46.04679],[7.89115,46.04464],[7.89265,46.04363],[7.89621,46.04464],[7.89823,46.04607],[7.89574,46.04811],[7.89436,46.04829]],[[7.90089,46.04663],[7.90054,46.04631],[7.90144,46.04631],[7.90089,46.04663]],[[7.67635,46.04305],[7.67481,46.04226],[7.67431,46.04154],[7.67588,46.04107],[7.67704,46.04103],[7.67804,46.04154],[7.67817,46.04226],[7.67738,46.04295],[7.67635,46.04305]],[[7.66605,46.0411],[7.66493,46.04059],[7.66376,46.03845],[7.66372,46.03749],[7.66501,46.03702],[7.66743,46.03712],[7.66914,46.03764],[7.67122,46.04035],[7.66983,46.04035],[7.66605,46.0411]],[[7.61078,46.03783],[7.60735,46.03612],[7.60552,46.03487],[7.60495,46.03392],[7.60721,46.02677],[7.607,46.02627],[7.60563,46.02551],[7.60555,46.02486],[7.60597,46.02414],[7.60767,46.02295],[7.60918,46.02414],[7.61018,46.02653],[7.61113,46.02772],[7.61421,46.03022],[7.61559,46.03217],[7.62074,46.03354],[7.62147,46.03416],[7.62132,46.03535],[7.62019,46.03678],[7.61936,46.03723],[7.61078,46.03783]],[[7.88578,46.03203],[7.88441,46.03144],[7.88166,46.02937],[7.88045,46.02581],[7.87891,46.02536],[7.8772,46.02439],[7.87395,46.02367],[7.87466,46.02081],[7.87548,46.02013],[7.87891,46.01984],[7.88475,46.02065],[7.88578,46.02126],[7.88676,46.02367],[7.8883,46.0313],[7.88781,46.03201],[7.88578,46.03203]],[[7.89677,46.02061],[7.89127,46.01803],[7.88916,46.01771],[7.88853,46.01734],[7.88803,46.01604],[7.89156,46.01413],[7.89241,46.01318],[7.89237,46.01246],[7.89127,46.01125],[7.88853,46.01068],[7.88681,46.01065],[7.88548,46.00984],[7.88544,46.00913],[7.88612,46.00883],[7.88818,46.00887],[7.89024,46.00844],[7.89162,46.0085],[7.89368,46.00911],[7.89814,46.00903],[7.899,46.00841],[7.89877,46.00745],[7.89917,46.00714],[7.90054,46.0068],[7.90295,46.00688],[7.90403,46.00745],[7.90443,46.01008],[7.90535,46.01131],[7.90657,46.01485],[7.9085,46.01747],[7.90889,46.01938],[7.90844,46.01992],[7.90741,46.02011],[7.90466,46.02026],[7.90226,46.01948],[7.89986,46.01973],[7.8978,46.02052],[7.89677,46.02061]],[[7.65266,45.98059],[7.64848,45.9743],[7.64889,45.97313],[7.65026,45.97227],[7.65129,45.97202],[7.65369,45.97218],[7.65912,45.97358],[7.66262,45.97525],[7.66395,45.97645],[7.6646,45.97812],[7.66399,45.97935],[7.65884,45.98043],[7.65266,45.98059]],[[7.60254,45.97263],[7.60117,45.97228],[7.60021,45.97167],[7.5995,45.96977],[7.60048,45.96889],[7.60371,45.96738],[7.60447,45.96475],[7.60494,45.9646],[7.60666,45.96551],[7.60769,45.96561],[7.60994,45.96642],[7.61289,45.97072],[7.6125,45.97101],[7.60666,45.97208],[7.60494,45.97278],[7.60254,45.97263]],[[7.60323,45.9648],[7.60278,45.96404],[7.60323,45.96373],[7.60372,45.96428],[7.60357,45.96475],[7.60323,45.9648]],[[7.60048,45.95848],[7.59851,45.95592],[7.59979,45.95377],[7.60039,45.95521],[7.59991,45.95688],[7.60083,45.95807],[7.60082,45.95844],[7.60048,45.95848]],[[7.85831,45.95784],[7.85385,45.95772],[7.85275,45.95736],[7.85522,45.9533],[7.85488,45.95236],[7.85448,45.95187],[7.85042,45.94944],[7.84789,45.94876],[7.84718,45.94829],[7.84704,45.94638],[7.84598,45.9447],[7.84757,45.94256],[7.84808,45.94065],[7.84698,45.93962],[7.84492,45.93883],[7.84473,45.93802],[7.84561,45.93733],[7.8487,45.93671],[7.84986,45.93611],[7.85281,45.93324],[7.85356,45.93133],[7.85179,45.9297],[7.8487,45.92788],[7.84664,45.92703],[7.84527,45.9259],[7.84424,45.92585],[7.84218,45.92626],[7.83806,45.92787],[7.83531,45.92859],[7.83325,45.9288],[7.83222,45.92923],[7.83085,45.92939],[7.82948,45.92908],[7.82707,45.9305],[7.82467,45.93123],[7.82133,45.93181],[7.81815,45.93315],[7.81471,45.93237],[7.81265,45.93118],[7.81162,45.92942],[7.80867,45.92608],[7.8075,45.92564],[7.80407,45.92502],[7.8027,45.92518],[7.80098,45.92466],[7.79823,45.92574],[7.78996,45.92584],[7.78898,45.92704],[7.78862,45.92942],[7.78742,45.9311],[7.78656,45.93151],[7.78107,45.9291],[7.77981,45.92751],[7.77969,45.92622],[7.78141,45.92529],[7.78484,45.92516],[7.78563,45.92489],[7.78572,45.92274],[7.78724,45.92083],[7.78683,45.91987],[7.78425,45.9182],[7.78423,45.917],[7.78484,45.91652],[7.78622,45.91615],[7.79137,45.91598],[7.79459,45.91414],[7.7938,45.91294],[7.79129,45.91175],[7.79112,45.91127],[7.79144,45.91103],[7.79274,45.91055],[7.79549,45.9102],[7.79652,45.91068],[7.79858,45.91055],[7.80167,45.91196],[7.80575,45.91247],[7.80785,45.91491],[7.80888,45.91566],[7.81025,45.91609],[7.81403,45.91613],[7.81643,45.91512],[7.81764,45.91414],[7.82055,45.9128],[7.82707,45.91296],[7.83394,45.90977],[7.83634,45.91094],[7.84087,45.91103],[7.84424,45.90982],[7.84733,45.90706],[7.84836,45.9066],[7.85007,45.90612],[7.85419,45.90597],[7.85625,45.90535],[7.85716,45.90434],[7.85716,45.90267],[7.85797,45.90215],[7.859,45.90213],[7.86243,45.90293],[7.86415,45.90265],[7.86518,45.90277],[7.86964,45.90456],[7.86998,45.90554],[7.86926,45.90697],[7.86609,45.90912],[7.86527,45.91008],[7.86479,45.91151],[7.86519,45.91271],[7.86621,45.91351],[7.8693,45.91473],[7.87411,45.91624],[7.87685,45.91655],[7.87884,45.91748],[7.87988,45.91868],[7.8804,45.9213],[7.88166,45.92387],[7.886,45.92584],[7.88635,45.9268],[7.8819,45.93277],[7.87994,45.93412],[7.87875,45.93563],[7.87803,45.93683],[7.87764,45.93874],[7.87659,45.94041],[7.87642,45.94638],[7.87829,45.95115],[7.87791,45.95258],[7.87685,45.95269],[7.87422,45.95163],[7.87205,45.95184],[7.86758,45.95427],[7.86518,45.95479],[7.86307,45.95568],[7.86124,45.95712],[7.85969,45.95785],[7.85831,45.95784]],[[7.74673,45.94353],[7.74502,45.9432],[7.74331,45.94232],[7.74255,45.9416],[7.74124,45.93929],[7.73963,45.9385],[7.73925,45.93802],[7.73952,45.93732],[7.74102,45.93659],[7.74255,45.93492],[7.74195,45.93348],[7.74082,45.93277],[7.741,45.93133],[7.74068,45.93062],[7.73884,45.93003],[7.73438,45.92985],[7.73268,45.92942],[7.732,45.92895],[7.73149,45.92799],[7.72987,45.92751],[7.73047,45.92632],[7.73022,45.92584],[7.7283,45.92465],[7.72648,45.92442],[7.72551,45.92393],[7.72529,45.92345],[7.72579,45.92298],[7.7282,45.92219],[7.72923,45.92213],[7.7306,45.92141],[7.73335,45.92108],[7.73643,45.92026],[7.73712,45.92035],[7.73747,45.9225],[7.73832,45.92393],[7.73826,45.92489],[7.73736,45.9256],[7.73781,45.92673],[7.74124,45.9281],[7.74261,45.92789],[7.74364,45.92734],[7.74433,45.92847],[7.74461,45.93133],[7.74669,45.93372],[7.74993,45.9342],[7.75223,45.93513],[7.75394,45.93539],[7.75635,45.93528],[7.75944,45.93628],[7.7614,45.93539],[7.76321,45.9331],[7.7663,45.93244],[7.7688,45.93133],[7.77214,45.93068],[7.7742,45.93102],[7.77523,45.93156],[7.77546,45.93229],[7.77514,45.93324],[7.77077,45.93735],[7.76871,45.93869],[7.76493,45.93929],[7.76081,45.93937],[7.75669,45.94073],[7.75429,45.94206],[7.75188,45.94291],[7.74914,45.94359],[7.74673,45.94353]],[[7.72888,45.93773],[7.72888,45.9373],[7.72923,45.93754],[7.72888,45.93773]]]}},{"type":"Feature","properties":{"ele":3900,"major":0},"geometry":{"type":"MultiLineString","coordinates":[[[7.86655,46.07233],[7.86381,46.07162],[7.86108,46.07037],[7.85956,46.06894],[7.85953,46.06799],[7.86053,46.06561],[7.86087,46.0618],[7.86171,46.06013],[7.86278,46.0594],[7.8693,46.05738],[7.86971,46.05799],[7.86928,46.05941],[7.86983,46.0618],[7.86971,46.06394],[7.87208,46.06751],[7.87221,46.06847],[7.87164,46.06942],[7.86801,46.07204],[7.86655,46.07233]],[[7.68871,46.07086],[7.68727,46.07061],[7.68594,46.06966],[7.68637,46.0668],[7.68601,46.06442],[7.68624,46.06251],[7.68665,46.06206],[7.69009,46.06258],[7.69076,46.06323],[7.69093,46.06442],[7.69031,46.07061],[7.68974,46.07097],[7.68871,46.07086]],[[7.89402,46.04729],[7.89276,46.04703],[7.89217,46.04655],[7.89245,46.04512],[7.89333,46.04451],[7.8955,46.04512],[7.89644,46.04607],[7.89574,46.04693],[7.89402,46.04729]],[[7.66605,46.03993],[7.66528,46.03916],[7.66528,46.03821],[7.6664,46.03779],[7.66771,46.03797],[7.66856,46.03868],[7.66851,46.0394],[7.66743,46.03994],[7.66605,46.03993]],[[7.61044,46.03704],[7.60941,46.03673],[7.60769,46.03559],[7.60653,46.03463],[7.6062,46.03392],[7.60634,46.03249],[7.60759,46.0301],[7.6079,46.02844],[7.60838,46.02801],[7.60941,46.02781],[7.61181,46.0292],[7.61524,46.03235],[7.61818,46.03368],[7.61971,46.03461],[7.61999,46.03511],[7.61954,46.03606],[7.61799,46.0367],[7.61181,46.03721],[7.61044,46.03704]],[[7.88544,46.03068],[7.88372,46.02976],[7.88266,46.02844],[7.88153,46.02486],[7.8796,46.02365],[7.87648,46.02295],[7.87604,46.02224],[7.87651,46.02144],[7.87926,46.02062],[7.88097,46.02117],[7.88372,46.02137],[7.88475,46.02192],[7.88655,46.02629],[7.88665,46.0301],[7.88644,46.03058],[7.88544,46.03068]],[[7.89677,46.01894],[7.89509,46.01795],[7.89041,46.01628],[7.89045,46.0158],[7.89299,46.01409],[7.89382,46.01318],[7.89374,46.01222],[7.89265,46.01032],[7.89299,46.01015],[7.89814,46.01091],[7.89986,46.01089],[7.90398,46.01184],[7.90467,46.01222],[7.90541,46.01365],[7.90574,46.01532],[7.90509,46.01652],[7.90226,46.01663],[7.90026,46.01747],[7.89796,46.0189],[7.89677,46.01894]],[[7.65507,45.97979],[7.65356,45.97955],[7.65266,45.97901],[7.64959,45.97454],[7.64992,45.97354],[7.65198,45.9728],[7.65369,45.97283],[7.65919,45.97419],[7.66117,45.97525],[7.66296,45.97701],[7.66304,45.97836],[7.66193,45.97915],[7.65816,45.97991],[7.65507,45.97979]],[[7.60391,45.97216],[7.60226,45.97167],[7.60171,45.9712],[7.60135,45.97024],[7.60167,45.96977],[7.60323,45.96854],[7.60494,45.96773],[7.60803,45.96705],[7.60906,45.96733],[7.61005,45.96857],[7.61007,45.97],[7.60906,45.97063],[7.60666,45.97127],[7.60494,45.97214],[7.60391,45.97216]],[[7.859,45.95763],[7.85466,45.95616],[7.85534,45.95497],[7.85598,45.95234],[7.85708,45.95067],[7.85696,45.95019],[7.85488,45.9481],[7.85248,45.94751],[7.85007,45.94656],[7.84849,45.94351],[7.8492,45.9385],[7.85183,45.9373],[7.85259,45.93492],[7.85754,45.93062],[7.85737,45.93014],[7.85557,45.92945],[7.85363,45.92775],[7.85187,45.92513],[7.84904,45.92396],[7.84355,45.92406],[7.84242,45.92513],[7.83918,45.92656],[7.83546,45.92775],[7.83119,45.92892],[7.82913,45.92882],[7.8281,45.92945],[7.82447,45.93062],[7.82055,45.93131],[7.81815,45.93216],[7.81643,45.93226],[7.81334,45.93037],[7.80922,45.92562],[7.80416,45.92441],[7.80304,45.92347],[7.80132,45.92293],[7.79892,45.92282],[7.79617,45.92457],[7.79274,45.92514],[7.7916,45.92513],[7.78962,45.92441],[7.78788,45.92298],[7.78855,45.92035],[7.78828,45.91952],[7.78719,45.91844],[7.78707,45.91748],[7.78862,45.91703],[7.79171,45.91733],[7.79411,45.91576],[7.79892,45.91448],[7.79926,45.91356],[7.80098,45.91346],[7.805,45.91462],[7.80716,45.91806],[7.80853,45.91918],[7.80956,45.91965],[7.81094,45.91953],[7.81334,45.9203],[7.8154,45.91878],[7.81677,45.91825],[7.8178,45.91828],[7.81918,45.91743],[7.82055,45.91718],[7.822,45.91581],[7.82261,45.91571],[7.82433,45.91619],[7.82467,45.91604],[7.82555,45.91509],[7.82741,45.91438],[7.83023,45.91247],[7.83325,45.91133],[7.83634,45.91193],[7.83909,45.9121],[7.84194,45.91342],[7.84128,45.9139],[7.84115,45.9147],[7.84252,45.91432],[7.84334,45.9139],[7.84353,45.91294],[7.84492,45.91229],[7.84664,45.90995],[7.84836,45.9096],[7.84973,45.90971],[7.85179,45.90896],[7.85282,45.90947],[7.85351,45.90937],[7.85398,45.90817],[7.85527,45.90697],[7.85763,45.9063],[7.85841,45.90578],[7.8591,45.90339],[7.86003,45.9034],[7.86209,45.9041],[7.86552,45.90406],[7.868,45.90482],[7.86878,45.90554],[7.86827,45.90678],[7.86758,45.90742],[7.86552,45.90837],[7.86394,45.91008],[7.86383,45.91175],[7.86449,45.91318],[7.86655,45.91452],[7.87091,45.91581],[7.87273,45.91668],[7.87685,45.9175],[7.87793,45.91796],[7.8786,45.91868],[7.87864,45.92154],[7.87953,45.92274],[7.88016,45.92441],[7.88097,45.92518],[7.88482,45.9268],[7.88303,45.92993],[7.88063,45.93275],[7.87857,45.93394],[7.87648,45.93683],[7.87541,45.94088],[7.87576,45.94327],[7.8756,45.94924],[7.87451,45.94996],[7.8717,45.95085],[7.86772,45.9533],[7.86484,45.95395],[7.859,45.95763]],[[7.74605,45.94285],[7.74364,45.94186],[7.74275,45.93921],[7.74554,45.93754],[7.74742,45.93727],[7.74982,45.93646],[7.7536,45.93686],[7.75703,45.93662],[7.76012,45.93746],[7.7615,45.93732],[7.76802,45.93497],[7.77008,45.9335],[7.77165,45.93181],[7.77317,45.93172],[7.77397,45.93205],[7.77427,45.93277],[7.77386,45.93379],[7.76871,45.93782],[7.7666,45.9385],[7.76356,45.93873],[7.76218,45.93814],[7.7615,45.93815],[7.75806,45.93998],[7.74914,45.94291],[7.74605,45.94285]],[[7.78553,45.92969],[7.78288,45.92895],[7.78216,45.92847],[7.78181,45.92751],[7.78228,45.92656],[7.7845,45.92642],[7.78696,45.92704],[7.78753,45.92799],[7.78738,45.92895],[7.7869,45.92953],[7.78553,45.92969]]]}},{"type":"Feature","properties":{"ele":4000,"major":1},"geometry":{"type":"MultiLineString","coordinates":[[[7.86655,46.07136],[7.86243,46.07011],[7.86106,46.06922],[7.86064,46.06847],[7.86162,46.06585],[7.86165,46.06251],[7.86209,46.06117],[7.86262,46.06037],[7.86415,46.05962],[7.86655,46.05962],[7.8669,46.05998],[7.86845,46.06227],[7.86824,46.06537],[7.87074,46.06823],[7.86961,46.0699],[7.86758,46.07117],[7.86655,46.07136]],[[7.68803,46.06883],[7.68746,46.06751],[7.68718,46.06418],[7.68735,46.06346],[7.68803,46.06309],[7.6894,46.06349],[7.69013,46.06466],[7.68906,46.06857],[7.68871,46.06888],[7.68803,46.06883]],[[7.61112,46.03657],[7.60975,46.03623],[7.60817,46.03511],[7.60756,46.03439],[7.60711,46.03296],[7.60735,46.03213],[7.60941,46.02965],[7.61009,46.02947],[7.61112,46.02967],[7.61467,46.03273],[7.61808,46.03511],[7.61791,46.03559],[7.61662,46.03605],[7.61112,46.03657]],[[7.88475,46.02892],[7.88416,46.02796],[7.88338,46.02758],[7.8829,46.02653],[7.88225,46.02343],[7.88303,46.02255],[7.88441,46.02342],[7.8854,46.02534],[7.88531,46.02844],[7.88509,46.02894],[7.88475,46.02892]],[[7.89677,46.01706],[7.89532,46.01628],[7.89424,46.01485],[7.89523,46.01199],[7.89642,46.01153],[7.9026,46.01228],[7.90381,46.0127],[7.90424,46.01389],[7.90398,46.01441],[7.9026,46.01516],[7.89951,46.01601],[7.8978,46.01697],[7.89677,46.01706]],[[7.6561,45.97936],[7.65438,45.97896],[7.65335,45.9784],[7.65171,45.97645],[7.65081,45.97454],[7.65207,45.97358],[7.65369,45.9735],[7.6585,45.97453],[7.66011,45.97525],[7.66136,45.97645],[7.66159,45.97788],[7.66034,45.97883],[7.6585,45.97928],[7.6561,45.97936]],[[7.60391,45.97126],[7.60323,45.97084],[7.60307,45.97024],[7.60397,45.96905],[7.60563,45.9687],[7.60769,45.96927],[7.60733,45.97],[7.60563,45.97119],[7.60391,45.97126]],[[7.85763,45.95617],[7.85645,45.95497],[7.85644,45.95306],[7.857,45.9521],[7.85978,45.94948],[7.85996,45.94805],[7.859,45.94708],[7.85625,45.94587],[7.85488,45.94478],[7.85213,45.94416],[7.85007,45.94317],[7.84954,45.94256],[7.85039,45.94017],[7.85316,45.93787],[7.8539,45.93515],[7.85488,45.93418],[7.85831,45.93299],[7.86195,45.92775],[7.86167,45.9268],[7.85886,45.9256],[7.85806,45.92465],[7.85625,45.92337],[7.85488,45.92314],[7.85282,45.92366],[7.84939,45.92298],[7.84351,45.92369],[7.83861,45.92584],[7.83188,45.92821],[7.82913,45.92849],[7.82261,45.93039],[7.81886,45.93086],[7.81677,45.93178],[7.81611,45.93157],[7.81413,45.9299],[7.81128,45.92607],[7.80922,45.92498],[7.80534,45.92393],[7.80407,45.92259],[7.80029,45.92012],[7.79961,45.92008],[7.79858,45.92053],[7.79514,45.92393],[7.7924,45.92441],[7.79171,45.9243],[7.78998,45.92321],[7.79005,45.92059],[7.7905,45.91892],[7.79308,45.91835],[7.79549,45.91662],[7.79926,45.9159],[7.80167,45.91617],[7.80373,45.91573],[7.80515,45.91653],[7.80601,45.91892],[7.80819,45.92067],[7.81128,45.92164],[7.8154,45.92234],[7.81643,45.92284],[7.8178,45.92266],[7.82055,45.92289],[7.82227,45.92183],[7.82486,45.92107],[7.82807,45.91939],[7.82845,45.91533],[7.83009,45.91366],[7.83216,45.91247],[7.83325,45.91242],[7.83497,45.91303],[7.83778,45.91342],[7.83975,45.91677],[7.84115,45.91773],[7.84355,45.91738],[7.84595,45.91748],[7.84884,45.91677],[7.84846,45.91509],[7.85103,45.91342],[7.85168,45.91223],[7.85351,45.91202],[7.85545,45.91127],[7.8566,45.90775],[7.85927,45.90649],[7.86052,45.9053],[7.86209,45.90514],[7.86415,45.90594],[7.86609,45.90626],[7.86256,45.90984],[7.86376,45.91342],[7.8661,45.91509],[7.86793,45.91546],[7.87683,45.91844],[7.87738,45.91915],[7.87849,45.92393],[7.88063,45.926],[7.88252,45.9268],[7.88294,45.92775],[7.8822,45.92966],[7.88033,45.93205],[7.87653,45.9342],[7.87604,45.93563],[7.8752,45.93659],[7.87457,45.93969],[7.87492,45.94614],[7.87345,45.949],[7.87096,45.95019],[7.86964,45.9513],[7.86448,45.95306],[7.859,45.9562],[7.85763,45.95617]],[[7.74708,45.94233],[7.7445,45.94184],[7.74399,45.94148],[7.74419,45.94041],[7.74555,45.93969],[7.74845,45.93881],[7.75257,45.93833],[7.75635,45.93753],[7.75772,45.93761],[7.75877,45.93802],[7.75868,45.93874],[7.75649,45.93993],[7.75497,45.94047],[7.75154,45.94097],[7.74914,45.94209],[7.74708,45.94233]],[[7.76596,45.93767],[7.76572,45.93754],[7.76596,45.93727],[7.76626,45.93754],[7.76596,45.93767]],[[7.76733,45.93702],[7.76733,45.93673],[7.76733,45.93702]],[[7.76871,45.93683],[7.76858,45.93659],[7.76905,45.93629],[7.76925,45.93659],[7.76871,45.93683]],[[7.77214,45.93396],[7.77208,45.93301],[7.77317,45.9325],[7.7734,45.93324],[7.77214,45.93396]],[[7.78416,45.92829],[7.78365,45.92751],[7.78484,45.92729],[7.78521,45.92751],[7.78524,45.92823],[7.78484,45.92847],[7.78416,45.92829]],[[7.84939,45.9128],[7.84894,45.91223],[7.84939,45.9119],[7.85005,45.91247],[7.84939,45.9128]]]}},{"type":"Feature","properties":{"ele":4100,"major":0},"geometry":{"type":"MultiLineString","coordinates":[[[7.86449,46.06998],[7.8627,46.06942],[7.86163,46.06823],[7.86281,46.06585],[7.86278,46.06295],[7.86331,46.06156],[7.86449,46.06035],[7.86587,46.06069],[7.86671,46.0618],[7.86621,46.06489],[7.8675,46.06704],[7.86655,46.06987],[7.86587,46.07009],[7.86449,46.06998]],[[7.61078,46.03587],[7.60893,46.03487],[7.60846,46.03392],[7.60871,46.03249],[7.60949,46.03153],[7.61078,46.03089],[7.61304,46.03249],[7.61541,46.03487],[7.61353,46.03559],[7.61078,46.03587]],[[7.89951,46.01444],[7.89878,46.01413],[7.89785,46.01318],[7.9002,46.01297],[7.9026,46.01323],[7.9026,46.01365],[7.90157,46.01427],[7.89951,46.01444]],[[7.65644,45.97886],[7.65477,45.97836],[7.65336,45.97716],[7.65233,45.97525],[7.65301,45.97441],[7.65781,45.97489],[7.65919,45.97539],[7.66022,45.97622],[7.66064,45.97716],[7.66013,45.97812],[7.6585,45.97873],[7.65644,45.97886]],[[7.85934,45.95263],[7.859,45.9521],[7.85918,45.95139],[7.86126,45.94948],[7.86214,45.94661],[7.86225,45.9447],[7.86003,45.94307],[7.85591,45.94269],[7.85282,45.94171],[7.85242,45.94088],[7.85391,45.93874],[7.85432,45.93659],[7.85536,45.93539],[7.8566,45.93503],[7.86062,45.93492],[7.86325,45.93324],[7.86338,45.93277],[7.86276,45.93133],[7.86353,45.9299],[7.86354,45.9268],[7.86308,45.92417],[7.86175,45.92345],[7.85831,45.92253],[7.85522,45.92247],[7.85351,45.92172],[7.8511,45.92182],[7.8487,45.92249],[7.84561,45.92276],[7.84115,45.92408],[7.83978,45.92425],[7.83154,45.92773],[7.82694,45.92847],[7.82295,45.92962],[7.81712,45.93059],[7.81609,45.93028],[7.81484,45.92942],[7.81351,45.92727],[7.81265,45.92499],[7.81059,45.92393],[7.80936,45.92298],[7.80922,45.92252],[7.81197,45.92257],[7.81815,45.92411],[7.82227,45.92422],[7.8238,45.92345],[7.82673,45.92126],[7.83188,45.92018],[7.83356,45.91915],[7.83307,45.9182],[7.83051,45.91683],[7.83013,45.91629],[7.83096,45.91462],[7.83169,45.91414],[7.83291,45.91388],[7.83669,45.91473],[7.83894,45.91939],[7.83978,45.91998],[7.84218,45.92005],[7.84389,45.91904],[7.84836,45.91822],[7.8511,45.9185],[7.85282,45.91823],[7.85385,45.91713],[7.85522,45.91652],[7.856,45.91557],[7.8562,45.91414],[7.85684,45.91342],[7.85772,45.91294],[7.86072,45.91217],[7.86209,45.91247],[7.86367,45.91438],[7.86518,45.91551],[7.87582,45.9188],[7.87654,45.91963],[7.87769,45.92441],[7.88148,45.92751],[7.88153,45.92799],[7.88111,45.92966],[7.87972,45.93157],[7.87644,45.93372],[7.87403,45.93635],[7.87353,45.93993],[7.87411,45.94494],[7.87397,45.94614],[7.87318,45.94781],[7.87165,45.94924],[7.86484,45.95231],[7.86243,45.95278],[7.85934,45.95263]],[[7.74708,45.94162],[7.74659,45.94112],[7.74817,45.94065],[7.74776,45.94136],[7.74708,45.94162]],[[7.75497,45.93946],[7.75503,45.93897],[7.756,45.9388],[7.75566,45.93936],[7.75497,45.93946]],[[7.7924,45.92326],[7.79153,45.92274],[7.79171,45.92056],[7.79384,45.91963],[7.79652,45.91774],[7.79789,45.91741],[7.79926,45.91754],[7.79955,45.91796],[7.79926,45.91844],[7.79549,45.92086],[7.7948,45.92284],[7.79394,45.92321],[7.7924,45.92326]],[[7.85969,45.91017],[7.85866,45.90969],[7.85797,45.90897],[7.85819,45.90793],[7.8614,45.90665],[7.86278,45.90676],[7.86336,45.90721],[7.86334,45.90769],[7.8614,45.90995],[7.86072,45.9103],[7.85969,45.91017]]]}},{"type":"Feature","properties":{"ele":4200,"major":0},"geometry":{"type":"MultiLineString","coordinates":[[[7.61078,46.03512],[7.61005,46.03463],[7.60965,46.03344],[7.60999,46.03273],[7.61078,46.03225],[7.61224,46.03296],[7.61296,46.03439],[7.61215,46.03499],[7.61078,46.03512]],[[7.6561,45.9782],[7.65459,45.97716],[7.65435,45.97573],[7.65644,45.97527],[7.6585,45.97572],[7.65946,45.97668],[7.65926,45.97764],[7.65781,45.97827],[7.6561,45.9782]],[[7.86312,45.95139],[7.86231,45.95091],[7.86203,45.94996],[7.86372,45.94399],[7.86361,45.94327],[7.86437,45.94256],[7.86432,45.94208],[7.86209,45.94065],[7.8566,45.93935],[7.85549,45.93826],[7.85523,45.93706],[7.85625,45.9358],[7.85934,45.93585],[7.86312,45.93516],[7.86525,45.93396],[7.86642,45.93229],[7.86501,45.93038],[7.86472,45.92704],[7.86624,45.92489],[7.86861,45.92382],[7.86873,45.92298],[7.86834,45.9225],[7.86552,45.92142],[7.86278,45.91998],[7.86209,45.91994],[7.86102,45.92059],[7.85934,45.92085],[7.85797,45.92088],[7.85727,45.92059],[7.8571,45.92035],[7.85993,45.91653],[7.85949,45.91557],[7.85983,45.91438],[7.86072,45.91389],[7.86243,45.91441],[7.86449,45.91599],[7.86587,45.9166],[7.87273,45.91842],[7.87488,45.91963],[7.87591,45.92083],[7.87661,45.92417],[7.8796,45.92713],[7.88027,45.92847],[7.87926,45.93084],[7.87456,45.93468],[7.87312,45.93635],[7.87245,45.93969],[7.87325,45.9447],[7.87239,45.94753],[7.87102,45.94899],[7.86724,45.95032],[7.86484,45.95148],[7.86312,45.95139]],[[7.81712,45.92925],[7.81604,45.92871],[7.81517,45.9268],[7.8155,45.92465],[7.81986,45.92494],[7.82639,45.92386],[7.82763,45.92345],[7.82886,45.92178],[7.83291,45.92095],[7.836,45.91907],[7.83669,45.91908],[7.83978,45.92058],[7.84218,45.92057],[7.84355,45.92007],[7.84595,45.91974],[7.84836,45.92017],[7.84916,45.92059],[7.84889,45.92107],[7.84767,45.92151],[7.8463,45.92162],[7.84347,45.92274],[7.83875,45.92379],[7.83634,45.92477],[7.83531,45.92551],[7.83119,45.92696],[7.82639,45.92787],[7.82261,45.92901],[7.81712,45.92925]],[[7.83463,45.91726],[7.83308,45.91629],[7.83308,45.91581],[7.83463,45.91578],[7.83586,45.91629],[7.83588,45.91724],[7.83566,45.91741],[7.83463,45.91726]]]}},{"type":"Feature","properties":{"ele":4300,"major":0},"geometry":{"type":"MultiLineString","coordinates":[[[7.65713,45.97765],[7.6561,45.9774],[7.65569,45.97692],[7.65575,45.97636],[7.65644,45.97597],[7.65747,45.97606],[7.65826,45.97668],[7.65816,45.97722],[7.65713,45.97765]],[[7.86621,45.94877],[7.86433,45.94614],[7.86443,45.94494],[7.86624,45.94279],[7.86567,45.94136],[7.86312,45.9394],[7.8614,45.93882],[7.86003,45.93878],[7.85747,45.93754],[7.85711,45.93706],[7.85763,45.93671],[7.85934,45.93676],[7.8614,45.93609],[7.86312,45.93603],[7.86724,45.93459],[7.8686,45.93324],[7.86622,45.9299],[7.86607,45.92823],[7.86724,45.92738],[7.86827,45.92731],[7.86896,45.92655],[7.87033,45.92605],[7.87308,45.92414],[7.87445,45.92386],[7.87685,45.92524],[7.87857,45.92721],[7.87914,45.92823],[7.87918,45.92942],[7.87788,45.93127],[7.87617,45.93201],[7.87406,45.93372],[7.87182,45.93635],[7.8713,45.93945],[7.87231,45.94447],[7.87205,45.94635],[7.8712,45.94829],[7.87067,45.94861],[7.86999,45.94819],[7.86724,45.94893],[7.86621,45.94877]],[[7.81883,45.92828],[7.81723,45.92727],[7.81784,45.92584],[7.82055,45.92563],[7.82501,45.9248],[7.82776,45.92498],[7.82989,45.92393],[7.83074,45.9225],[7.83252,45.92178],[7.83428,45.92145],[7.83634,45.92035],[7.83806,45.92093],[7.83968,45.92202],[7.83892,45.92274],[7.83497,45.92463],[7.82948,45.92665],[7.82673,45.92692],[7.82227,45.92832],[7.81883,45.92828]],[[7.87239,45.92181],[7.87136,45.92158],[7.86999,45.92061],[7.86827,45.92067],[7.86758,45.92042],[7.86698,45.91987],[7.86682,45.91915],[7.86793,45.91873],[7.87067,45.91899],[7.87239,45.91886],[7.8743,45.92083],[7.87376,45.92169],[7.87239,45.92181]]]}},{"type":"Feature","properties":{"ele":4400,"major":0},"geometry":{"type":"MultiLineString","coordinates":[[[7.8693,45.9457],[7.86793,45.94532],[7.86707,45.9447],[7.86757,45.94303],[7.86662,45.93969],[7.86356,45.93754],[7.86442,45.93635],[7.86793,45.93518],[7.86968,45.93372],[7.86975,45.93301],[7.86896,45.93128],[7.86799,45.93038],[7.86827,45.92942],[7.86861,45.92912],[7.87273,45.92958],[7.87261,45.92871],[7.87428,45.92536],[7.87514,45.9251],[7.87705,45.92632],[7.87841,45.92942],[7.87754,45.93065],[7.87548,45.93112],[7.87411,45.93252],[7.87086,45.93492],[7.87022,45.93945],[7.87125,45.94399],[7.87067,45.9454],[7.8693,45.9457]],[[7.86106,45.93781],[7.86106,45.93762],[7.8614,45.93773],[7.86106,45.93781]],[[7.86243,45.93779],[7.86243,45.93725],[7.86332,45.93754],[7.86312,45.9378],[7.86243,45.93779]],[[7.82158,45.92732],[7.82097,45.9268],[7.82165,45.92632],[7.82295,45.92606],[7.82392,45.92632],[7.8227,45.92727],[7.82158,45.92732]],[[7.83188,45.92447],[7.83204,45.92345],[7.83257,45.92278],[7.83325,45.92256],[7.8347,45.92274],[7.83463,45.92357],[7.83291,45.9244],[7.83188,45.92447]]]}},{"type":"Feature","properties":{"ele":4500,"major":1},"geometry":{"type":"MultiLineString","coordinates":[[[7.8693,45.94317],[7.86863,45.94208],[7.86896,45.94106],[7.86964,45.94142],[7.86994,45.94232],[7.8697,45.94303],[7.8693,45.94317]],[[7.86861,45.93874],[7.86773,45.93802],[7.8677,45.93706],[7.8669,45.93747],[7.86669,45.9373],[7.8669,45.9367],[7.86793,45.93617],[7.86868,45.93635],[7.86893,45.93802],[7.86861,45.93874]],[[7.87136,45.93195],[7.87172,45.93181],[7.87136,45.93195]],[[7.87651,45.92688],[7.87651,45.92688]]]}}]}